Haim	Haim	NOMpro	NOMB.=s|GENRE=m|CAS=r
de	de	PRE	MORPH=empty
Bordele	Bordeaux	NOMpro	NOMB.=s|GENRE=f|CAS=r
et	et	CONcoo	MORPH=empty
le	le	DETdef	NOMB.=s|GENRE=m|CAS=r
preu	pro	ADJqua	NOMB.=s|GENRE=m|CAS=r|DEGRE=p
Hardoïn	Hardoïn	NOMpro	NOMB.=s|GENRE=m|CAS=r

Maugré	maugré	NOMcom	NOMB.=s|GENRE=m|CAS=r
en	en2	PROadv	MORPH=empty
aient	avoir	VERcjg	MODE=sub|TEMPS=pst|PERS.=3|NOMB.=p
tretuit	trestot	DETind	NOMB.=p|GENRE=m|CAS=n
li	il	DETdef	NOMB.=p|GENRE=m|CAS=n
Poitevin	Poitevin	NOMpro	NOMB.=p|GENRE=m|CAS=n

Et	et	CONcoo	MORPH=empty
le	le	DETdef	NOMB.=s|GENRE=m|CAS=r
parage	parage	NOMcom	NOMB.=s|GENRE=m|CAS=r
Fromont	Fromund	NOMpro	NOMB.=s|GENRE=m|CAS=r
le	le	DETdef	NOMB.=s|GENRE=m|CAS=r
posteïf	pöestëif	ADJqua	NOMB.=s|GENRE=m|CAS=r|DEGRE=p

Sil	si+il	ADVgen.PROper	PERS.=3|NOMB.=s|GENRE=m|CAS=r
donrai	doner	VERcjg	MODE=ind|TEMPS=fut|PERS.=1|NOMB.=s
je	je	PROper	PERS.=1|NOMB.=s|GENRE=m|CAS=n
le	le	DETdef	NOMB.=s|GENRE=m|CAS=r
cheva	cheval	NOMcom	NOMB.=s|GENRE=m|CAS=r
Fromondin	Fromondin	NOMpro	NOMB.=s|GENRE=m|CAS=r

Se	se	CONsub	MORPH=empty
le	il	PROper	PERS.=3|NOMB.=s|GENRE=m|CAS=r
puis	pöoir	VERcjg	MODE=ind|TEMPS=pst|PERS.=1|NOMB.=s
en	en1	PRE	MORPH=empty
grant	grant	ADJqua	NOMB.=s|GENRE=m|CAS=r|DEGRE=p
estor	estor2	NOMcom	NOMB.=s|GENRE=m|CAS=r
veïr	vëoir	VERinf	MORPH=empty

Si	si	ADVgen	DEGRE=-
le	il	PROper	PERS.=3|NOMB.=s|GENRE=m|CAS=r
donré	doner	VERcjg	MODE=ind|TEMPS=fut|PERS.=1|NOMB.=s
je	je	PROper	PERS.=1|NOMB.=s|GENRE=m|CAS=n
mon	mon1	DETpos	PERS.=1|NOMB.=s|GENRE=m|CAS=r
neveu	nevo	NOMcom	NOMB.=s|GENRE=m|CAS=r
Rigaudin	Rigaudin	NOMpro	NOMB.=s|GENRE=m|CAS=r

Dist	dire	VERcjg	MODE=ind|TEMPS=pst|PERS.=3|NOMB.=s
li	le	DETdef	NOMB.=s|GENRE=m|CAS=n
mesages	message2	NOMcom	NOMB.=s|GENRE=m|CAS=n
Je	je	PROper	PERS.=1|NOMB.=s|GENRE=m|CAS=n
vos	vos	PROper	PERS.=2|NOMB.=p|GENRE=m|CAS=r
ai	avoir	VERcjg	MODE=ind|TEMPS=pst|PERS.=1|NOMB.=s
bien	bien1	ADVgen	DEGRE=p
oï	öir	VERppe	NOMB.=s|GENRE=m|CAS=r

Si	si	ADVgen	DEGRE=-
m	je	PROper	PERS.=1|NOMB.=s|GENRE=m|CAS=r
aïst	aidier	VERcjg	MODE=sub|TEMPS=ipf|PERS.=3|NOMB.=s
Dieus	dieu	NOMpro	NOMB.=s|GENRE=m|CAS=n
il	il	PROimp	PERS.=0|NOMB.=s|GENRE=n|CAS=n
li	il	PROper	PERS.=3|NOMB.=s|GENRE=m|CAS=i
sera	estre1	VERcjg	MODE=ind|TEMPS=fut|PERS.=3|NOMB.=s
bien	bien1	ADVgen	DEGRE=p
dit	dire	VERppe	NOMB.=s|GENRE=m|CAS=n

François	François	NOMpro	NOMB.=p|GENRE=m|CAS=n
s	soi1	PROper	PERS.=3|NOMB.=p|GENRE=m|CAS=r
en	en2	PROadv	MORPH=empty
rient	rire	VERcjg	MODE=ind|TEMPS=pst|PERS.=3|NOMB.=s
Breton	Breton	NOMpro	NOMB.=p|GENRE=m|CAS=n
et	et	CONcoo	MORPH=empty
Engevin	Angevin	NOMpro	NOMB.=p|GENRE=m|CAS=n

Tieus	tel	PROind	NOMB.=s|GENRE=m|CAS=n
est	estre1	VERcjg	MODE=ind|TEMPS=pst|PERS.=3|NOMB.=s
bleciez	blecier	VERppe	NOMB.=s|GENRE=m|CAS=n
et	et	CONcoo	MORPH=empty
en	en1	PRE	MORPH=empty
son	son4	DETpos	PERS.=3|NOMB.=s|GENRE=m|CAS=r
lit	lit1	NOMcom	NOMB.=s|GENRE=m|CAS=r
se	soi1	PROper	PERS.=3|NOMB.=s|GENRE=m|CAS=r
gist	jesir	VERcjg	MODE=ind|TEMPS=pst|PERS.=3|NOMB.=s

Qui	qui	PROrel	NOMB.=s|GENRE=m|CAS=n
jure	jurer	VERcjg	MODE=ind|TEMPS=pst|PERS.=3|NOMB.=s
Dieu	dieu	NOMpro	NOMB.=s|GENRE=m|CAS=r
qui	qui	PROrel	NOMB.=s|GENRE=m|CAS=n
onques	onque	ADVgen	DEGRE=-
ne	ne1	ADVneg	MORPH=empty
menti	mentir	VERcjg	MODE=ind|TEMPS=psp|PERS.=3|NOMB.=s

Que	que4	CONsub	MORPH=empty
il	il	PROper	PERS.=3|NOMB.=s|GENRE=m|CAS=n
ira	aler	VERcjg	MODE=ind|TEMPS=fut|PERS.=3|NOMB.=s
au	a3+le	PRE.DETdef	NOMB.=s|GENRE=m|CAS=r
tornoi	tornoi	NOMcom	NOMB.=s|GENRE=m|CAS=r
le	le	DETdef	NOMB.=s|GENRE=m|CAS=r
matin	matin2	NOMcom	NOMB.=s|GENRE=m|CAS=r

Et	et	CONcoo	MORPH=empty
li	le	DETdef	NOMB.=s|GENRE=m|CAS=n
mesages	message2	NOMcom	NOMB.=s|GENRE=m|CAS=n
arrieres	ariere	ADVgen	DEGRE=-
s	soi1	PROper	PERS.=3|NOMB.=s|GENRE=m|CAS=r
en	en2	PROadv	MORPH=empty
revint	revenir	VERcjg	MODE=ind|TEMPS=psp|PERS.=3|NOMB.=s

Parmi	parmi	PRE	MORPH=empty
la	le	DETdef	NOMB.=s|GENRE=f|CAS=r
porte	porte1	NOMcom	NOMB.=s|GENRE=f|CAS=r
en	en1	PRE	MORPH=empty
la	le	DETdef	NOMB.=s|GENRE=f|CAS=r
vile	vile	NOMcom	NOMB.=s|GENRE=f|CAS=r
se	soi1	PROper	PERS.=3|NOMB.=s|GENRE=m|CAS=r
mist	metre2	VERcjg	MODE=ind|TEMPS=psp|PERS.=3|NOMB.=s

Juqu	jusque	PRE	MORPH=empty
en	en1	PRE	MORPH=empty
la	le	DETdef	NOMB.=s|GENRE=f|CAS=r
sale	sale1	NOMcom	NOMB.=s|GENRE=f|CAS=r
ne	ne1	ADVneg	MORPH=empty
prist	prendre	VERcjg	MODE=ind|TEMPS=psp|PERS.=3|NOMB.=s
il	il	PROper	PERS.=3|NOMB.=s|GENRE=m|CAS=n
onques	onque	ADVgen	DEGRE=-
fin	fin1	NOMcom	NOMB.=s|GENRE=f|CAS=r

Trouva	trover	VERcjg	MODE=ind|TEMPS=psp|PERS.=3|NOMB.=s
Fromont	Fromund	NOMpro	NOMB.=s|GENRE=m|CAS=r
seant	sëoir	VERppa	NOMB.=s|GENRE=m|CAS=r
en	en1	PRE	MORPH=empty
I	un	DETndf	NOMB.=s|GENRE=m|CAS=r
jardin	jardin	NOMcom	NOMB.=s|GENRE=m|CAS=r

Cil	cel	DETdem	NOMB.=p|GENRE=m|CAS=n
chevalier	chevalier	NOMcom	NOMB.=p|GENRE=m|CAS=n
furent	estre1	VERcjg	MODE=ind|TEMPS=psp|PERS.=3|NOMB.=p
environ	environ	ADVgen	DEGRE=-
li	il	PROper	PERS.=3|NOMB.=s|GENRE=m|CAS=i

Ça	ça	ADVgen	DEGRE=-
X	dis1	PROcar	NOMB.=p|GENRE=m|CAS=n
ça	ça	ADVgen	DEGRE=-
XX	vint	PROcar	NOMB.=p|GENRE=m|CAS=n
ça	ça	ADVgen	DEGRE=-
LX	soissante	PROcar	NOMB.=p|GENRE=m|CAS=n
ça	ça	ADVgen	DEGRE=-
VI	sis2	PROcar	NOMB.=p|GENRE=m|CAS=n

Por	por2	PRE	MORPH=empty
le	le	DETdef	NOMB.=s|GENRE=m|CAS=r
mesage	message2	NOMcom	NOMB.=s|GENRE=m|CAS=r
escouter	escouter	VERinf	MORPH=empty
et	et	CONcoo	MORPH=empty
oir	öir	VERinf	MORPH=empty

Fromonz	Fromund	NOMpro	NOMB.=s|GENRE=m|CAS=n
le	il	PROper	PERS.=3|NOMB.=s|GENRE=m|CAS=r
voit	vëoir	VERcjg	MODE=ind|TEMPS=pst|PERS.=3|NOMB.=s
si	si	ADVgen	DEGRE=-
l	il	PROper	PERS.=3|NOMB.=s|GENRE=m|CAS=r
a	avoir	VERcjg	MODE=ind|TEMPS=pst|PERS.=3|NOMB.=s
a	a3	PRE	MORPH=empty
reson	raison	NOMcom	NOMB.=s|GENRE=f|CAS=r
mis	metre2	VERppe	NOMB.=s|GENRE=m|CAS=r

Diva	diva	INJ	MORPH=empty
fet	faire	VERcjg	MODE=ind|TEMPS=pst|PERS.=3|NOMB.=s
il	il	PROper	PERS.=3|NOMB.=s|GENRE=m|CAS=n
que	que3	PROint	NOMB.=s|GENRE=n|CAS=r
me	je	PROper	PERS.=1|NOMB.=s|GENRE=m|CAS=i
mande	mander	VERcjg	MODE=ind|TEMPS=pst|PERS.=3|NOMB.=s
Pepins	Pepin	NOMpro	NOMB.=s|GENRE=m|CAS=r

Avromes	avoir	VERcjg	MODE=ind|TEMPS=fut|PERS.=1|NOMB.=p
nus	nos1	PROper	PERS.=1|NOMB.=p|GENRE=m|CAS=n
le	le	DETdef	NOMB.=s|GENRE=m|CAS=r
tornoi	tornoi	NOMcom	NOMB.=s|GENRE=m|CAS=r
le	le	DETdef	NOMB.=s|GENRE=m|CAS=r
matin	matin2	NOMcom	NOMB.=s|GENRE=m|CAS=r

Et	et	CONcoo	MORPH=empty
cil	cel	PROdem	NOMB.=s|GENRE=m|CAS=n
respont	respondre1	VERcjg	MODE=ind|TEMPS=pst|PERS.=3|NOMB.=s
Si	si	ADVgen	DEGRE=-
m	je	PROper	PERS.=1|NOMB.=s|GENRE=m|CAS=r
aïst	aidier	VERcjg	MODE=sub|TEMPS=pst|PERS.=3|NOMB.=s
Dieus	dieu	NOMpro	NOMB.=s|GENRE=m|CAS=n
oïl	öil	ADVgen	DEGRE=-

Mes	mais1	CONcoo	MORPH=empty
par	par	PRE	MORPH=empty
lo	le	DETdef	NOMB.=s|GENRE=m|CAS=r
roi	roi2	NOMcom	NOMB.=s|GENRE=m|CAS=r
eüssiez	avoir	VERcjg	MODE=ind|TEMPS=ipf|PERS.=2|NOMB.=p
vos	vos	PROper	PERS.=2|NOMB.=p|GENRE=m|CAS=n
failli	falir	VERppe	NOMB.=s|GENRE=m|CAS=r

Se	se	CONsub	MORPH=empty
ne	ne1	ADVneg	MORPH=empty
fust	estre1	VERcjg	MODE=ind|TEMPS=psp|PERS.=3|NOMB.=s
Begues	Begues	NOMpro	NOMB.=s|GENRE=m|CAS=n
qui	qui	PROrel	NOMB.=s|GENRE=m|CAS=n
desus	desus	PRE	MORPH=empty
li	il	PROper	PERS.=3|NOMB.=s|GENRE=m|CAS=i
le	il	PROper	PERS.=3|NOMB.=s|GENRE=m|CAS=r
prist	prendre	VERcjg	MODE=ind|TEMPS=psp|PERS.=3|NOMB.=s

Ilecques	iluec	ADVgen	NOMB.=s|GENRE=m|CAS=r
vit	vëoir	VERcjg	MODE=ind|TEMPS=psp|PERS.=3|NOMB.=s
I	un	DETndf	NOMB.=s|GENRE=m|CAS=r
demoisel	damoisel	NOMcom	NOMB.=s|GENRE=m|CAS=r
venir	venir	VERinf	MORPH=empty

Rigaut	Rigaut	NOMpro	NOMB.=s|GENRE=m|CAS=r
a	avoir	VERcjg	MODE=ind|TEMPS=pst|PERS.=3|NOMB.=s
nom	nom	NOMcom	NOMB.=s|GENRE=m|CAS=r
filz	fil2	NOMcom	NOMB.=s|GENRE=m|CAS=n
le	le	DETdef	NOMB.=s|GENRE=m|CAS=r
vilain	vilain	ADJqua	NOMB.=s|GENRE=m|CAS=r|DEGRE=p
Hervi	Hervis	NOMpro	NOMB.=s|GENRE=m|CAS=r

Ainz	ainz	ADVgen	DEGRE=-
de	de	PRE	MORPH=empty
mes	mon1	DETpos	PERS.=1|NOMB.=p|GENRE=m|CAS=r
elz	ueil	NOMcom	NOMB.=p|GENRE=m|CAS=r
si	si	ADVgen	DEGRE=-
fier	fier	ADJqua	NOMB.=s|GENRE=m|CAS=r|DEGRE=p
home	ome	NOMcom	NOMB.=s|GENRE=m|CAS=r
ne	ne1	ADVneg	MORPH=empty
vi	vëoir	VERcjg	MODE=ind|TEMPS=psp|PERS.=3|NOMB.=s

Entre	entre2	PRE	MORPH=empty
II	deus	DETcar	NOMB.=p|GENRE=m|CAS=r
elz	ueil	NOMcom	NOMB.=p|GENRE=m|CAS=r
bien	bien1	ADVgen	DEGRE=p
plaine	plain	ADJqua	NOMB.=s|GENRE=f|CAS=r|DEGRE=p
paume	paume1	NOMcom	NOMB.=s|GENRE=f|CAS=r
a	avoir	VERcjg	MODE=ind|TEMPS=pst|PERS.=3|NOMB.=s
il	il	PROper	PERS.=3|NOMB.=s|GENRE=m|CAS=n

Begues	Begues	NOMpro	NOMB.=s|GENRE=m|CAS=n
li	le	DETdef	NOMB.=s|GENRE=m|CAS=n
dus	duc2	NOMcom	NOMB.=s|GENRE=m|CAS=n
l	il	PROper	PERS.=3|NOMB.=s|GENRE=m|CAS=r
apela	apeler	VERcjg	MODE=ind|TEMPS=psp|PERS.=3|NOMB.=s
son	son4	DETpos	PERS.=3|NOMB.=s|GENRE=m|CAS=r
cousin	cosin	NOMcom	NOMB.=s|GENRE=m|CAS=r

Ne	ne1	ADVneg	MORPH=empty
s	soi1	PROper	PERS.=3|NOMB.=s|GENRE=m|CAS=r
en	en2	PROadv	MORPH=empty
cela	celer1	VERcjg	MODE=ind|TEMPS=psp|PERS.=3|NOMB.=s
oiant	öir	VERppa	NOMB.=x|GENRE=x|CAS=x
tretoz	trestot	PROind	NOMB.=s|GENRE=n|CAS=r
le	il	PROper	PERS.=3|NOMB.=s|GENRE=m|CAS=r
dist	dire	VERcjg	MODE=ind|TEMPS=pst|PERS.=3|NOMB.=s

Qu	que4	CONsub	MORPH=empty
il	il	PROper	PERS.=3|NOMB.=s|GENRE=m|CAS=n
li	il	PROper	PERS.=3|NOMB.=s|GENRE=m|CAS=i
donroit	doner	VERcjg	MODE=con|PERS.=3|NOMB.=s
le	le	DETdef	NOMB.=s|GENRE=m|CAS=r
cheval	cheval	NOMcom	NOMB.=s|GENRE=m|CAS=r
Fromondin	Fromondin	NOMpro	NOMB.=s|GENRE=m|CAS=r

Fil	fil2	NOMcom	NOMB.=s|GENRE=m|CAS=n
a	a3	PRE	MORPH=empty
putain	pute	NOMcom	NOMB.=s|GENRE=f|CAS=r
li	le	DETdef	NOMB.=s|GENRE=m|CAS=n
quens	conte1	NOMcom	NOMB.=s|GENRE=m|CAS=n
Bernarz	Bernart	NOMpro	NOMB.=s|GENRE=m|CAS=n
a	avoir	VERcjg	MODE=ind|TEMPS=pst|PERS.=3|NOMB.=s
dit	dire	VERppe	NOMB.=s|GENRE=m|CAS=r

Fol	fol3	ADJqua	NOMB.=s|GENRE=m|CAS=n|DEGRE=p
mesagier	messagier	NOMcom	NOMB.=s|GENRE=m|CAS=n
Dieus	dieu	NOMpro	NOMB.=s|GENRE=m|CAS=n
te	tu	PROper	PERS.=2|NOMB.=s|GENRE=m|CAS=r
puit	pöoir	VERcjg	MODE=sub|TEMPS=pst|PERS.=2|NOMB.=s
maleïr	malëir	VERinf	MORPH=empty

Qui	qui	PROrel	NOMB.=s|GENRE=m|CAS=n
si	si	ADVgen	DEGRE=-
fez	faire	VERppe	NOMB.=p|GENRE=m|CAS=r
moz	mot	NOMcom	NOMB.=p|GENRE=m|CAS=r
nus	nos1	PROper	PERS.=1|NOMB.=p|GENRE=m|CAS=i
a	avoir	VERcjg	MODE=ind|TEMPS=pst|PERS.=3|NOMB.=s
contez	conter	VERppe	NOMB.=p|GENRE=m|CAS=r
et	et	CONcoo	MORPH=empty
diz	dire	VERppe	NOMB.=p|GENRE=m|CAS=r

Et	et	CONcoo	MORPH=empty
dit	dire	VERcjg	MODE=ind|TEMPS=pst|PERS.=3|NOMB.=s
li	le	DETdef	NOMB.=s|GENRE=m|CAS=n
mes	mes3	NOMcom	NOMB.=s|GENRE=m|CAS=n
Encore	encore	ADVgen	DEGRE=-
ai	avoir	VERcjg	MODE=ind|TEMPS=pst|PERS.=1|NOMB.=s
plus	plus	ADVgen	DEGRE=-
oï	öir	VERppe	NOMB.=s|GENRE=m|CAS=r

Maugré	maugré	PRE	MORPH=empty
Fromont	Fromund	NOMpro	NOMB.=s|GENRE=m|CAS=r
que	que2	PROrel	NOMB.=s|GENRE=m|CAS=r
je	je	PROper	PERS.=1|NOMB.=s|GENRE=m|CAS=n
voi	vëoir	VERcjg	MODE=ind|TEMPS=pst|PERS.=1|NOMB.=s
sooir	sëoir	VERinf	MORPH=empty
ci	ci	ADVgen	DEGRE=-

Et	et	CONcoo	MORPH=empty
maugré	maugré	PRE	MORPH=empty
vos	vos	PROper	PERS.=2|NOMB.=p|GENRE=m|CAS=r
qui	qui	PROrel	NOMB.=s|GENRE=m|CAS=n
tant	tant	ADVgen	DEGRE=-
iestes	estre1	VERcjg	MODE=ind|TEMPS=pst|PERS.=2|NOMB.=p
hardi	hardi	ADJqua	NOMB.=s|GENRE=m|CAS=n|DEGRE=p

Et	et	CONcoo	MORPH=empty
vo	vostre	DETpos	PERS.=2|NOMB.=s|GENRE=m|CAS=r
parage	parage	NOMcom	NOMB.=s|GENRE=m|CAS=r
quan	cant1	CONsub	MORPH=empty
qu	que4	CONsub	MORPH=empty
il	il	PROimp	PERS.=0|NOMB.=s|GENRE=n|CAS=n
en	en2	PROadv	MORPH=empty
a	avoir	VERcjg	MODE=ind|TEMPS=pst|PERS.=3|NOMB.=s
iqui	iqui	ADVgen	DEGRE=-

Se	se	CONsub	MORPH=empty
l	il	PROper	PERS.=3|NOMB.=s|GENRE=m|CAS=r
avïez	avoir	VERcjg	MODE=ind|TEMPS=ipf|PERS.=2|NOMB.=p
et	et	CONcoo	MORPH=empty
juré	jurer	VERppe	NOMB.=s|GENRE=m|CAS=r
et	et	CONcoo	MORPH=empty
plévi	plevir	VERppe	NOMB.=s|GENRE=m|CAS=r

Si	si	ADVgen	DEGRE=-
avra	avoir	VERcjg	MODE=ind|TEMPS=fut|PERS.=3|NOMB.=s
il	il	PROper	PERS.=3|NOMB.=s|GENRE=m|CAS=n
le	le	DETdef	NOMB.=s|GENRE=m|CAS=r
cheval	cheval	NOMcom	NOMB.=s|GENRE=m|CAS=r
Fromondin	Fromondin	NOMpro	NOMB.=s|GENRE=m|CAS=r

Si	si	ADVgen	DEGRE=-
le	il	PROper	PERS.=3|NOMB.=s|GENRE=m|CAS=r
donra	doner	VERcjg	MODE=ind|TEMPS=fut|PERS.=3|NOMB.=s
son	son4	DETpos	PERS.=3|NOMB.=s|GENRE=m|CAS=r
neveu	nevo	NOMcom	NOMB.=s|GENRE=m|CAS=r
Rigaudin	Rigaudin	NOMpro	NOMB.=s|GENRE=m|CAS=r

Certes	certes	ADVgen	DEGRE=-
il	il	PROper	PERS.=3|NOMB.=s|GENRE=m|CAS=n
ment	mentir	VERcjg	MODE=ind|TEMPS=pst|PERS.=3|NOMB.=s
li	le	DETdef	NOMB.=s|GENRE=m|CAS=n
quens	conte1	NOMcom	NOMB.=s|GENRE=m|CAS=n
Bernarz	Bernart	NOMpro	NOMB.=s|GENRE=m|CAS=n
a	avoir	VERcjg	MODE=ind|TEMPS=pst|PERS.=3|NOMB.=s
dit	dire	VERppe	NOMB.=s|GENRE=m|CAS=r

Je	je	PROper	PERS.=1|NOMB.=s|GENRE=m|CAS=n
cuit	cuidier1	VERcjg	MODE=ind|TEMPS=pst|PERS.=1|NOMB.=s
le	le	DETdef	NOMB.=s|GENRE=m|CAS=r
suen	suen	ADJpos	PERS.=3|NOMB.=s|GENRE=m|CAS=r
li	il	PROper	PERS.=3|NOMB.=s|GENRE=m|CAS=i
convenra	covenir	VERcjg	MODE=ind|TEMPS=fut|PERS.=3|NOMB.=s
guerpir	guerpir	VERinf	MORPH=empty

Or	or4	ADVgen	DEGRE=-
soiez	estre1	VERcjg	MODE=imp|PERS.=2|NOMB.=p
quoi	coi2	PROrel	NOMB.=s|GENRE=n|CAS=r
li	le	DETdef	NOMB.=s|GENRE=m|CAS=n
quens	conte1	NOMcom	NOMB.=s|GENRE=m|CAS=n
Fromonz	Fromund	NOMpro	NOMB.=s|GENRE=m|CAS=n
a	avoir	VERcjg	MODE=ind|TEMPS=pst|PERS.=3|NOMB.=s
dit	dire	VERppe	NOMB.=s|GENRE=m|CAS=r

Mau	mal1	ADVgen	DEGRE=-
quenoissiez	conoistre	VERcjg	MODE=ind|TEMPS=pst|PERS.=2|NOMB.=p
duc	duc2	NOMcom	NOMB.=s|GENRE=m|CAS=r
Begon	Begues	NOMpro	NOMB.=s|GENRE=m|CAS=r
de	de	PRE	MORPH=empty
Belin	Belin	NOMpro	NOMB.=s|GENRE=x|CAS=r

Il	il	PROper	PERS.=3|NOMB.=s|GENRE=m|CAS=n
l	il	PROper	PERS.=3|NOMB.=s|GENRE=m|CAS=r
avra	avoir	VERcjg	MODE=ind|TEMPS=fut|PERS.=3|NOMB.=s
tost	tost1	ADVgen	DEGRE=-
certes	certes	ADVgen	DEGRE=-
puis	puis	ADVgen	DEGRE=-
qu	que4	CONsub	MORPH=empty
il	il	PROper	PERS.=3|NOMB.=s|GENRE=m|CAS=n
l	il	PROper	PERS.=3|NOMB.=s|GENRE=m|CAS=r
a	avoir	VERcjg	MODE=ind|TEMPS=pst|PERS.=3|NOMB.=s
dit	dire	VERppe	NOMB.=s|GENRE=m|CAS=r

Ainz	ainc	ADVgen	DEGRE=-
de	de	PRE	MORPH=empty
mes	mon1	DETpos	PERS.=1|NOMB.=p|GENRE=m|CAS=r
elz	ueil	NOMcom	NOMB.=p|GENRE=m|CAS=r
tel	tel	DETind	NOMB.=s|GENRE=m|CAS=r
chevalier	chevalier	NOMcom	NOMB.=s|GENRE=m|CAS=r
ne	ne1	ADVneg	MORPH=empty
vi	vëoir	VERcjg	MODE=ind|TEMPS=psp|PERS.=1|NOMB.=s

Si	si	ADVgen	DEGRE=-
fier	fier	ADJqua	NOMB.=s|GENRE=m|CAS=r|DEGRE=p
as	a3+le	PRE.DETdef	NOMB.=p|GENRE=f|CAS=r
armes	arme	NOMcom	NOMB.=p|GENRE=f|CAS=r
ne	ne2	CONcoo	MORPH=empty
si	si	ADVgen	DEGRE=-
amenevi	amanevir	VERppe	NOMB.=s|GENRE=m|CAS=r

Alez	aler	VERcjg	MODE=imp|PERS.=2|NOMB.=p
veillier	veillier2	VERinf	MORPH=empty
Fromondins	Fromondin	NOMpro	NOMB.=s|GENRE=m|CAS=n
sire	seignor	NOMcom	NOMB.=s|GENRE=m|CAS=n
filz	fil2	NOMcom	NOMB.=s|GENRE=m|CAS=n

En	en1	PRE	MORPH=empty
l	le	DETdef	NOMB.=s|GENRE=f|CAS=r
onor	onor	NOMcom	NOMB.=s|GENRE=f|CAS=r
Dieu	dieu	NOMpro	NOMB.=s|GENRE=m|CAS=r
qui	qui	PROrel	NOMB.=s|GENRE=m|CAS=n
en	en1	PRE	MORPH=empty
la	le	DETdef	NOMB.=s|GENRE=f|CAS=r
croiz	croiz	NOMcom	NOMB.=s|GENRE=f|CAS=r
fu	estre1	VERcjg	MODE=ind|TEMPS=psp|PERS.=3|NOMB.=s
mis	metre2	VERppe	NOMB.=s|GENRE=m|CAS=n

Qui	qui	PROrel	NOMB.=s|GENRE=m|CAS=n
vus	vos	PROper	PERS.=2|NOMB.=p|GENRE=m|CAS=r
deffende	defendre	VERcjg	MODE=sub|TEMPS=pst|PERS.=3|NOMB.=s
de	de	PRE	MORPH=empty
mort	mort	NOMcom	NOMB.=s|GENRE=f|CAS=r
et	et	CONcoo	MORPH=empty
de	de	PRE	MORPH=empty
peril	peril	NOMcom	NOMB.=s|GENRE=m|CAS=r

Et	et	CONcoo	MORPH=empty
li	le	DETdef	NOMB.=s|GENRE=m|CAS=n
vallez	vaslet	NOMcom	NOMB.=s|GENRE=m|CAS=n
s	soi1	PROper	PERS.=3|NOMB.=s|GENRE=m|CAS=r
en	en2	PROadv	MORPH=empty
vet	aler	VERcjg	MODE=ind|TEMPS=pst|PERS.=3|NOMB.=s
a	a3	PRE	MORPH=empty
Saint—Seurin	Saint-Seurin	NOMpro	NOMB.=s|GENRE=x|CAS=r

En	en1	PRE	MORPH=empty
sa	son4	DETpos	PERS.=3|NOMB.=s|GENRE=f|CAS=r
compaingne	compagnie	NOMcom	NOMB.=s|GENRE=f|CAS=r
de	de	PRE	MORPH=empty
chevaliers	chevalier	NOMcom	NOMB.=p|GENRE=m|CAS=r
VII	set	PROcar	NOMB.=p|GENRE=m|CAS=r
M	mil1	PROcar	NOMB.=p|GENRE=m|CAS=r

La	le	DETdef	NOMB.=s|GENRE=f|CAS=r
nuit	nuit	NOMcom	NOMB.=s|GENRE=f|CAS=r
veilla	veillier2	VERcjg	MODE=ind|TEMPS=psp|PERS.=3|NOMB.=s
grant	grant	ADJqua	NOMB.=s|GENRE=m|CAS=r|DEGRE=p
luminaire	luminaire	NOMcom	NOMB.=s|GENRE=m|CAS=r
fist	faire	VERcjg	MODE=ind|TEMPS=psp|PERS.=3|NOMB.=s

Li	le	DETdef	NOMB.=s|GENRE=m|CAS=n
rois	roi2	NOMcom	NOMB.=s|GENRE=m|CAS=n
de	de	PRE	MORPH=empty
France	France	NOMpro	NOMB.=s|GENRE=f|CAS=r
enmi	enmi	PRE	MORPH=empty
les	le	DETdef	NOMB.=p|GENRE=m|CAS=r
champs	champ	NOMcom	NOMB.=p|GENRE=m|CAS=r
en	en2	PROadv	MORPH=empty
vint	venir	VERcjg	MODE=ind|TEMPS=psp|PERS.=3|NOMB.=s

En	en1	PRE	MORPH=empty
sa	son4	DETpos	PERS.=3|NOMB.=s|GENRE=f|CAS=r
compaingne	compagnie	NOMcom	NOMB.=s|GENRE=f|CAS=r
maint	maint	DETind	NOMB.=p|GENRE=m|CAS=n
chevalier	chevalier	NOMcom	NOMB.=p|GENRE=m|CAS=n
gentil	gentil	ADJqua	NOMB.=p|GENRE=m|CAS=n|DEGRE=p

Et	et	CONcoo	MORPH=empty
dist	dire	VERcjg	MODE=ind|TEMPS=pst|PERS.=3|NOMB.=s
li	le	DETdef	NOMB.=s|GENRE=m|CAS=n
rois	roi2	NOMcom	NOMB.=s|GENRE=m|CAS=n
Por	por2	PRE	MORPH=empty
Dieu	dieu	NOMpro	NOMB.=s|GENRE=m|CAS=r
entendez	entendre	VERcjg	MODE=imp|PERS.=2|NOMB.=p
mi	je	PROper	PERS.=1|NOMB.=s|GENRE=m|CAS=r

Ainz	ainz	ADVgen	DEGRE=-
puis	puis	ADVgen	DEGRE=-
que	que4	CONsub	MORPH=empty
Begues	Begues	NOMpro	NOMB.=s|GENRE=m|CAS=n
de	de	PRE	MORPH=empty
moi	je	PROper	PERS.=1|NOMB.=s|GENRE=m|CAS=i
se	soi1	PROper	PERS.=3|NOMB.=s|GENRE=m|CAS=r
departi	departir	VERcjg	MODE=ind|TEMPS=psp|PERS.=3|NOMB.=s

Ne	ne1	ADVneg	MORPH=empty
poi	pöoir	VERcjg	MODE=ind|TEMPS=pst|PERS.=1|NOMB.=s
en	en1	PRE	MORPH=empty
l	le	DETdef	NOMB.=s|GENRE=f|CAS=r
ost	ost	NOMcom	NOMB.=s|GENRE=f|CAS=r
reposer	reposer	VERinf	MORPH=empty
ne	ne2	CONcoo	MORPH=empty
dormir	dormir	VERinf	MORPH=empty

Que	que4	CONsub	MORPH=empty
je	je	PROper	PERS.=1|NOMB.=s|GENRE=m|CAS=n
ne	ne1	ADVneg	MORPH=empty
fusse	estre1	VERcjg	MODE=sub|TEMPS=ipf|PERS.=1|NOMB.=s
nuit	nuit	NOMcom	NOMB.=s|GENRE=f|CAS=r
et	et	CONcoo	MORPH=empty
jor	jor	NOMcom	NOMB.=s|GENRE=m|CAS=r
estormiz	estormir	VERppe	NOMB.=s|GENRE=m|CAS=n

D	de	PRE	MORPH=empty
eschaugueter	eschargaitier1	VERinf	MORPH=empty
por	por2	PRE	MORPH=empty
Dieu	dieu	NOMpro	NOMB.=s|GENRE=m|CAS=r
qu	que2	PROrel	NOMB.=s|GENRE=n|CAS=r
en	en2	PROadv	MORPH=empty
sera	estre1	VERcjg	MODE=ind|TEMPS=fut|PERS.=3|NOMB.=s
il	il	PROimp	PERS.=0|NOMB.=s|GENRE=n|CAS=n

Je	je	PROper	PERS.=1|NOMB.=s|GENRE=m|CAS=n
la	il	PROper	PERS.=3|NOMB.=s|GENRE=m|CAS=r
feré	faire	VERcjg	MODE=ind|TEMPS=fut|PERS.=1|NOMB.=s
dist	dire	VERcjg	MODE=ind|TEMPS=pst|PERS.=3|NOMB.=s
Begues	Begues	NOMpro	NOMB.=s|GENRE=m|CAS=n
de	de	PRE	MORPH=empty
Belin	Belin	NOMpro	NOMB.=s|GENRE=x|CAS=r

Par	par	PRE	MORPH=empty
tel	tel	DETind	NOMB.=s|GENRE=m|CAS=r
convant	covent1	NOMcom	NOMB.=s|GENRE=m|CAS=r
com	come1	CONsub	MORPH=empty
vos	vos	PROper	PERS.=2|NOMB.=p|GENRE=m|CAS=n
porroiz	pöoir	VERcjg	MODE=ind|TEMPS=fut|PERS.=2|NOMB.=p
oïr	öir	VERinf	MORPH=empty

Seürement	sëurement	ADVgen	DEGRE=-
porroiz	pöoir	VERcjg	MODE=ind|TEMPS=fut|PERS.=2|NOMB.=p
en	en1	PRE	MORPH=empty
l	le	DETdef	NOMB.=s|GENRE=f|CAS=r
ost	ost	NOMcom	NOMB.=s|GENRE=f|CAS=r
dormir	dormir	VERinf	MORPH=empty

Et	et	CONcoo	MORPH=empty
s	soi1	PROper	PERS.=3|NOMB.=s|GENRE=m|CAS=r
en	en2	PROadv	MORPH=empty
i	i2	PROadv	MORPH=empty
pert	paroir	VERcjg	MODE=ind|TEMPS=pst|PERS.=3|NOMB.=s
vaillant	valoir	VERppa	NOMB.=s|GENRE=m|CAS=r
I	un	DETndf	NOMB.=s|GENRE=m|CAS=r
angevin	Angevin	NOMpro	NOMB.=s|GENRE=m|CAS=r

Que	que4	CONsub	MORPH=empty
je	je	PROper	PERS.=1|NOMB.=s|GENRE=m|CAS=n
en	en2	PROadv	MORPH=empty
rende	rendre	VERcjg	MODE=sub|TEMPS=pst|PERS.=1|NOMB.=s
II	deus	DETcar	NOMB.=p|GENRE=m|CAS=r
auferranz	auferrant	NOMcom	NOMB.=p|GENRE=m|CAS=r
de	de	PRE	MORPH=empty
pris	pris1	NOMcom	NOMB.=s|GENRE=m|CAS=r

Il	il	PROper	PERS.=3|NOMB.=s|GENRE=m|CAS=n
en	en2	PROadv	MORPH=empty
apele	apeler	VERcjg	MODE=ind|TEMPS=pst|PERS.=3|NOMB.=s
Huon	Hue	NOMpro	NOMB.=s|GENRE=m|CAS=r
de	de	PRE	MORPH=empty
Cambroisi	Cambroisi	NOMpro	NOMB.=s|GENRE=x|CAS=r

De	de	PRE	MORPH=empty
Luceborc	Luceborc	NOMpro	NOMB.=s|GENRE=x|CAS=r
Galeran	Galeran	NOMpro	NOMB.=s|GENRE=m|CAS=r
et	et	CONcoo	MORPH=empty
Gaudin	Gaudin	NOMpro	NOMB.=s|GENRE=m|CAS=n

Si	si	ADVgen	DEGRE=-
apela	apeler	VERcjg	MODE=ind|TEMPS=psp|PERS.=3|NOMB.=s
le	le	DETdef	NOMB.=s|GENRE=m|CAS=r
Borgoing	Borguignon	NOMpro	NOMB.=s|GENRE=m|CAS=r
Auberi	Auberi	NOMpro	NOMB.=s|GENRE=m|CAS=r

Prenez	prendre	VERcjg	MODE=imp|PERS.=2|NOMB.=p
vos	vostre	DETpos	PERS.=2|NOMB.=p|GENRE=f|CAS=r
armes	arme	NOMcom	NOMB.=p|GENRE=f|CAS=r
franc	franc1	ADJqua	NOMB.=p|GENRE=m|CAS=n|DEGRE=p
chevalier	chevalier	NOMcom	NOMB.=p|GENRE=m|CAS=n
dist	dire	VERcjg	MODE=ind|TEMPS=pst|PERS.=3|NOMB.=s
il	il	PROper	PERS.=3|NOMB.=s|GENRE=m|CAS=n

Et	et	CONcoo	MORPH=empty
il	il	PROper	PERS.=3|NOMB.=p|GENRE=m|CAS=n
responnent	respondre1	VERcjg	MODE=ind|TEMPS=pst|PERS.=3|NOMB.=p
Tout	tot	ADVgen	DEGRE=-
a	a3	PRE	MORPH=empty
vostre	vostre	DETpos	PERS.=2|NOMB.=s|GENRE=m|CAS=r
plesir	plaisir	NOMcom	NOMB.=s|GENRE=m|CAS=r

De	de	PRE	MORPH=empty
l	le	DETdef	NOMB.=s|GENRE=f|CAS=r
ost	ost	NOMcom	NOMB.=s|GENRE=f|CAS=r
s	soi1	PROper	PERS.=3|NOMB.=p|GENRE=m|CAS=r
en	en2	PROadv	MORPH=empty
issent	issir	VERcjg	MODE=ind|TEMPS=pst|PERS.=3|NOMB.=p
de	de	PRE	MORPH=empty
chevaliers	chevalier	NOMcom	NOMB.=p|GENRE=m|CAS=n
II	deus	DETcar	NOMB.=p|GENRE=m|CAS=n
M	mil1	PROcar	NOMB.=p|GENRE=m|CAS=n

Aus	a3+le	PRE.DETdef	NOMB.=p|GENRE=f|CAS=r
IIII	catre	ADJcar	NOMB.=p|GENRE=f|CAS=r
portes	porte1	NOMcom	NOMB.=p|GENRE=f|CAS=r
a	avoir	VERcjg	MODE=ind|TEMPS=pst|PERS.=3|NOMB.=s
ses	son4	DETpos	PERS.=3|NOMB.=p|GENRE=m|CAS=r
aguez	agüet	NOMcom	NOMB.=p|GENRE=m|CAS=r
bastiz	bastir	VERppe	NOMB.=p|GENRE=m|CAS=r

Et	et	CONcoo	MORPH=empty
a	a3	PRE	MORPH=empty
chascune	chascun	PROind	NOMB.=s|GENRE=f|CAS=r
ot	avoir	VERcjg	MODE=ind|TEMPS=psp|PERS.=3|NOMB.=s
V	cinc	DETcar	NOMB.=p|GENRE=m|CAS=r
C	cent	PROcar	NOMB.=p|GENRE=m|CAS=r
fervestiz	fervestir	VERppe	NOMB.=p|GENRE=m|CAS=r

Bien	bien1	ADVgen	DEGRE=p
gart	garder	VERcjg	MODE=ind|TEMPS=pst|PERS.=3|NOMB.=s
Fromont	Fromund	NOMpro	NOMB.=s|GENRE=m|CAS=r
et	et	CONcoo	MORPH=empty
sa	son4	DETpos	PERS.=3|NOMB.=s|GENRE=f|CAS=r
gent	gent1	NOMcom	NOMB.=s|GENRE=f|CAS=r
de	de	PRE	MORPH=empty
l	il	PROper	PERS.=3|NOMB.=s|GENRE=f|CAS=r
issir	issir	VERinf	MORPH=empty

Li	le	DETdef	NOMB.=s|GENRE=m|CAS=n
jorz	jor	NOMcom	NOMB.=s|GENRE=m|CAS=n
s	soi1	PROper	PERS.=3|NOMB.=s|GENRE=m|CAS=r
en	en2	PROadv	MORPH=empty
va	aler	VERcjg	MODE=ind|TEMPS=pst|PERS.=3|NOMB.=s
et	et	CONcoo	MORPH=empty
la	le	DETdef	NOMB.=s|GENRE=f|CAS=n
nuit	nuit	NOMcom	NOMB.=s|GENRE=f|CAS=n
aseri	asserir	VERcjg	MODE=ind|TEMPS=pst|PERS.=3|NOMB.=s

Les	le	DETdef	NOMB.=p|GENRE=m|CAS=r
guetes	gaite	NOMcom	NOMB.=p|GENRE=m|CAS=r
cornent	corner	VERcjg	MODE=ind|TEMPS=pst|PERS.=3|NOMB.=p
desus	desus	PRE	MORPH=empty
le	le	DETdef	NOMB.=s|GENRE=m|CAS=r
mur	mur	NOMcom	NOMB.=s|GENRE=m|CAS=r
entif	antif	ADJqua	NOMB.=s|GENRE=m|CAS=r|DEGRE=p

Fromonz	Fromund	NOMpro	NOMB.=p|GENRE=m|CAS=n
se	soi1	PROper	PERS.=3|NOMB.=s|GENRE=m|CAS=r
sist	sëoir	VERcjg	MODE=ind|TEMPS=psp|PERS.=3|NOMB.=s
sus	sus	PRE	MORPH=empty
le	le	DETdef	NOMB.=s|GENRE=m|CAS=r
pont	pont	NOMcom	NOMB.=s|GENRE=m|CAS=r
torneïz	tornëiz	ADJqua	NOMB.=s|GENRE=m|CAS=r|DEGRE=p

Ses	son4	DETpos	PERS.=3|NOMB.=p|GENRE=m|CAS=r
genz	gent1	NOMcom	NOMB.=p|GENRE=m|CAS=r
devise	deviser	VERcjg	MODE=ind|TEMPS=pst|PERS.=3|NOMB.=s
si	si	ADVgen	DEGRE=-
a	avoir	VERcjg	MODE=ind|TEMPS=pst|PERS.=3|NOMB.=s
son	son4	DETpos	PERS.=3|NOMB.=s|GENRE=m|CAS=r
guet	gait	NOMcom	NOMB.=s|GENRE=m|CAS=r
asis	asseoir	VERppe	NOMB.=s|GENRE=m|CAS=r

Bernart	Bernart	NOMpro	NOMB.=s|GENRE=m|CAS=n
apele	apeler	VERcjg	MODE=ind|TEMPS=pst|PERS.=3|NOMB.=s
le	le	DETdef	NOMB.=s|GENRE=m|CAS=r
segneur	seignor	NOMcom	NOMB.=s|GENRE=m|CAS=r
de	de	PRE	MORPH=empty
Nesil	Nesil	NOMpro	NOMB.=s|GENRE=x|CAS=r

Issiez	issir	VERcjg	MODE=imp|PERS.=2|NOMB.=p
vos	vos	PROper	PERS.=2|NOMB.=p|GENRE=m|CAS=n
en	en2	PROadv	MORPH=empty
biaus	bel1	ADJqua	NOMB.=s|GENRE=m|CAS=n|DEGRE=p
oncles	oncle	NOMcom	NOMB.=s|GENRE=m|CAS=n
Fromonz	Fromund	NOMpro	NOMB.=s|GENRE=m|CAS=n
dist	dire	VERcjg	MODE=ind|TEMPS=pst|PERS.=3|NOMB.=s

Juqu	jusque	PRE	MORPH=empty
aus	a3+le	PRE.DETdef	NOMB.=p|GENRE=f|CAS=r
herberges	herberge	NOMcom	NOMB.=p|GENRE=f|CAS=r
les	il	PROper	PERS.=3|NOMB.=p|GENRE=m|CAS=r
alez	aler	VERcjg	MODE=ind|TEMPS=pst|PERS.=2|NOMB.=p
envaïr	enväir	VERinf	MORPH=empty

Qui	qui	PROrel	NOMB.=s|GENRE=m|CAS=n
en	en1	PRE	MORPH=empty
geu	jeu	NOMcom	NOMB.=s|GENRE=m|CAS=r
entre	entrer	VERcjg	MODE=ind|TEMPS=pst|PERS.=3|NOMB.=s
et	et	CONcoo	MORPH=empty
geu	jeu	NOMcom	NOMB.=s|GENRE=m|CAS=r
doit	devoir	VERcjg	MODE=ind|TEMPS=pst|PERS.=3|NOMB.=s
consentir	consentir	VERinf	MORPH=empty

Et	et	CONcoo	MORPH=empty
l	le	DETdef	NOMB.=s|GENRE=m|CAS=n
en	on	PROind	NOMB.=s|GENRE=m|CAS=n
doit	devoir	VERcjg	MODE=ind|TEMPS=pst|PERS.=3|NOMB.=s
bien	bien1	ADVgen	DEGRE=p
grever	grever	VERinf	MORPH=empty
son	son4	DETpos	PERS.=3|NOMB.=s|GENRE=m|CAS=r
anemi	enemi	NOMcom	NOMB.=s|GENRE=m|CAS=r

Et	et	CONcoo	MORPH=empty
dist	dire	VERcjg	MODE=ind|TEMPS=pst|PERS.=3|NOMB.=s
Bernarz	Bernart	NOMpro	NOMB.=s|GENRE=m|CAS=n
Sire	seignor	NOMcom	NOMB.=s|GENRE=m|CAS=n
vostre	vostre	DETpos	PERS.=2|NOMB.=s|GENRE=f|CAS=r
merci	merci	NOMcom	NOMB.=s|GENRE=f|CAS=r

Aus	a3+le	PRE.DETdef	NOMB.=p|GENRE=m|CAS=r
hostieus	ostel	NOMcom	NOMB.=p|GENRE=m|CAS=r
viennent	venir	VERcjg	MODE=ind|TEMPS=pst|PERS.=3|NOMB.=p
si	si	ADVgen	DEGRE=-
furent	estre1	VERcjg	MODE=ind|TEMPS=psp|PERS.=3|NOMB.=p
tost	tost1	ADVgen	DEGRE=-
garni	garnir	VERppe	NOMB.=p|GENRE=m|CAS=n

Juqu	jusque	PRE	MORPH=empty
a	a3	PRE	MORPH=empty
la	le	DETdef	NOMB.=s|GENRE=f|CAS=r
porte	porte1	NOMcom	NOMB.=s|GENRE=f|CAS=r
ne	ne1	ADVneg	MORPH=empty
pristrent	prendre	VERcjg	MODE=ind|TEMPS=psp|PERS.=3|NOMB.=p
onques	onque	ADVgen	DEGRE=-
fin	fin1	NOMcom	NOMB.=s|GENRE=f|CAS=r

Issir	issir	VERinf	MORPH=empty
vouloient	voloir	VERcjg	MODE=ind|TEMPS=ipf|PERS.=3|NOMB.=p
comme	come1	CONsub	MORPH=empty
l	le	DETdef	NOMB.=s|GENRE=f|CAS=r
espie	espie3	NOMcom	NOMB.=s|GENRE=f|CAS=r
vint	venir	VERcjg	MODE=ind|TEMPS=psp|PERS.=3|NOMB.=s

En	en1	PRE	MORPH=empty
son	son4	DETpos	PERS.=3|NOMB.=s|GENRE=m|CAS=r
venir	venir	NOMcom	NOMB.=s|GENRE=m|CAS=r
lor	il	PROper	PERS.=3|NOMB.=p|GENRE=m|CAS=i
a	avoir	VERcjg	MODE=ind|TEMPS=pst|PERS.=3|NOMB.=s
noncié	noncier1	VERppe	NOMB.=s|GENRE=m|CAS=r
et	et	CONcoo	MORPH=empty
dit	dire	VERppe	NOMB.=s|GENRE=m|CAS=r

Que	que4	CONsub	MORPH=empty
Begues	Begues	NOMpro	NOMB.=s|GENRE=m|CAS=n
guete	gaitier	VERcjg	MODE=ind|TEMPS=pst|PERS.=3|NOMB.=s
a	a3	PRE	MORPH=empty
II	deus	DETcar	NOMB.=p|GENRE=m|CAS=r
M	mil1	PROcar	NOMB.=p|GENRE=m|CAS=r
fervestiz	fervestir	VERppe	NOMB.=p|GENRE=m|CAS=r

Et	et	CONcoo	MORPH=empty
dist	dire	VERcjg	MODE=ind|TEMPS=pst|PERS.=3|NOMB.=s
Fromonz	Fromund	NOMpro	NOMB.=s|GENRE=m|CAS=n
Je	je	PROper	PERS.=1|NOMB.=s|GENRE=m|CAS=n
ne	ne1	ADVneg	MORPH=empty
lou	löer1	VERcjg	MODE=ind|TEMPS=pst|PERS.=1|NOMB.=s
pas	pas	ADVneg	MORPH=empty
l	le	DETdef	NOMB.=s|GENRE=m|CAS=r
issir	issir	NOMcom	NOMB.=s|GENRE=m|CAS=r

Arrieres	ariere	ADVgen	DEGRE=-
vint	venir	VERcjg	MODE=ind|TEMPS=psp|PERS.=3|NOMB.=s
dant	dan2	NOMcom	NOMB.=s|GENRE=m|CAS=n
Bernart	Bernart	NOMpro	NOMB.=s|GENRE=m|CAS=n
de	de	PRE	MORPH=empty
Nesil	Nesil	NOMpro	NOMB.=s|GENRE=x|CAS=r

Dist	dire	VERcjg	MODE=ind|TEMPS=pst|PERS.=3|NOMB.=s
Fromonz	Fromund	NOMpro	NOMB.=s|GENRE=m|CAS=n
Oncles	oncle	NOMcom	NOMB.=s|GENRE=m|CAS=n
or	or4	ADVgen	DEGRE=-
vos	vos	PROper	PERS.=2|NOMB.=p|GENRE=m|CAS=n
poëz	pöoir	VERcjg	MODE=ind|TEMPS=pst|PERS.=2|NOMB.=p
dormir	dormir	VERinf	MORPH=empty

Puis	puis	ADVgen	DEGRE=-
serez	estre1	VERcjg	MODE=ind|TEMPS=fut|PERS.=2|NOMB.=p
fres	frois1	ADJqua	NOMB.=s|GENRE=m|CAS=n|DEGRE=p
por	por2	PRE	MORPH=empty
aidier	aidier	VERinf	MORPH=empty
Fromondin	Fromondin	NOMpro	NOMB.=s|GENRE=m|CAS=r

La	le	DETdef	NOMB.=s|GENRE=f|CAS=n
nuit	nuit	NOMcom	NOMB.=s|GENRE=f|CAS=n
s	soi1	PROper	PERS.=3|NOMB.=s|GENRE=f|CAS=r
en	en2	PROadv	MORPH=empty
va	aler	VERcjg	MODE=ind|TEMPS=pst|PERS.=3|NOMB.=s
et	et	CONcoo	MORPH=empty
l	le	DETdef	NOMB.=s|GENRE=f|CAS=n
ajornee	ajornee	NOMcom	NOMB.=s|GENRE=f|CAS=n
vint	venir	VERcjg	MODE=ind|TEMPS=psp|PERS.=3|NOMB.=s

Et	et	CONcoo	MORPH=empty
Fromondins	Fromondin	NOMpro	NOMB.=s|GENRE=m|CAS=n
par	par	PRE	MORPH=empty
matin	matin2	NOMcom	NOMB.=s|GENRE=m|CAS=r
messe	messe	NOMcom	NOMB.=s|GENRE=f|CAS=r
oï	öir	VERcjg	MODE=ind|TEMPS=psp|PERS.=3|NOMB.=s

Si	si	ADVgen	DEGRE=-
s	soi1	PROper	PERS.=3|NOMB.=s|GENRE=m|CAS=r
en	en2	PROadv	MORPH=empty
retorne	retorner	VERcjg	MODE=ind|TEMPS=pst|PERS.=3|NOMB.=s
a	a3	PRE	MORPH=empty
son	son4	DETpos	PERS.=3|NOMB.=s|GENRE=m|CAS=r
hostel	ostel	NOMcom	NOMB.=s|GENRE=m|CAS=r
en	en2	PROadv	MORPH=empty
vint	venir	VERcjg	MODE=ind|TEMPS=psp|PERS.=3|NOMB.=s

Il	il	PROper	PERS.=3|NOMB.=s|GENRE=m|CAS=n
a	avoir	VERcjg	MODE=ind|TEMPS=pst|PERS.=3|NOMB.=s
mengié	mangier	VERppe	NOMB.=s|GENRE=m|CAS=r
et	et	CONcoo	MORPH=empty
beü	boivre	VERppe	NOMB.=s|GENRE=m|CAS=r
I	un	DETndf	NOMB.=s|GENRE=m|CAS=r
petit	petit	PROind	NOMB.=s|GENRE=m|CAS=r

Si	si	ADVgen	DEGRE=-
se	soi1	PROper	PERS.=3|NOMB.=s|GENRE=m|CAS=r
coucha	couchier	VERcjg	MODE=ind|TEMPS=psp|PERS.=3|NOMB.=s
et	et	CONcoo	MORPH=empty
dormi	dormir	VERcjg	MODE=ind|TEMPS=psp|PERS.=3|NOMB.=s
en	en1	PRE	MORPH=empty
I	un	DETndf	NOMB.=s|GENRE=m|CAS=r
lit	lit1	NOMcom	NOMB.=s|GENRE=m|CAS=r

Li	le	DETdef	NOMB.=s|GENRE=m|CAS=n
dus	duc2	NOMcom	NOMB.=s|GENRE=m|CAS=n
Begons	Begues	NOMpro	NOMB.=s|GENRE=m|CAS=n
de	de	PRE	MORPH=empty
son	son4	DETpos	PERS.=3|NOMB.=s|GENRE=m|CAS=r
aguet	agait	NOMcom	NOMB.=s|GENRE=m|CAS=r
parti	partir	VERcjg	MODE=ind|TEMPS=psp|PERS.=3|NOMB.=s

Par	par	PRE	MORPH=empty
les	le	DETdef	NOMB.=p|GENRE=f|CAS=r
entrees	entree	NOMcom	NOMB.=p|GENRE=f|CAS=r
derriers	derrier(e)	ADVgen	DEGRE=-
en	en1	PRE	MORPH=empty
l	le	DETdef	NOMB.=s|GENRE=f|CAS=r
ost	ost	NOMcom	NOMB.=s|GENRE=f|CAS=r
en	en2	PROadv	MORPH=empty
vint	venir	VERcjg	MODE=ind|TEMPS=psp|PERS.=3|NOMB.=s

Vint	venir	VERcjg	MODE=ind|TEMPS=psp|PERS.=3|NOMB.=s
a	a3	PRE	MORPH=empty
son	son4	DETpos	PERS.=3|NOMB.=s|GENRE=m|CAS=r
tref	tref2	NOMcom	NOMB.=s|GENRE=m|CAS=r
et	et	CONcoo	MORPH=empty
ilec	iluec	ADVgen	DEGRE=-
s	soi1	PROper	PERS.=3|NOMB.=s|GENRE=m|CAS=r
endormi	endormir	VERcjg	MODE=ind|TEMPS=psp|PERS.=3|NOMB.=s

Son	son4	DETpos	PERS.=3|NOMB.=s|GENRE=m|CAS=r
escuier	escuier2	NOMcom	NOMB.=s|GENRE=m|CAS=r
apela	apeler	VERcjg	MODE=ind|TEMPS=psp|PERS.=3|NOMB.=s
Lancelin	Lancelin	NOMpro	NOMB.=s|GENRE=m|CAS=r

Oste	oster2	VERcjg	MODE=imp|PERS.=2|NOMB.=s
la	le	DETdef	NOMB.=s|GENRE=f|CAS=r
sele	sele	NOMcom	NOMB.=s|GENRE=f|CAS=r
de	de	PRE	MORPH=empty
mon	mon1	DETpos	PERS.=1|NOMB.=s|GENRE=m|CAS=r
destrier	destrier1	NOMcom	NOMB.=s|GENRE=m|CAS=r
de	de	PRE	MORPH=empty
pris	pris1	NOMcom	NOMB.=s|GENRE=m|CAS=r

Le	le	DETdef	NOMB.=s|GENRE=m|CAS=r
dos	dos	NOMcom	NOMB.=s|GENRE=m|CAS=r
li	il	PROper	PERS.=3|NOMB.=s|GENRE=m|CAS=i
frote	froter2	VERcjg	MODE=imp|PERS.=2|NOMB.=s
et	et	CONcoo	MORPH=empty
la	le	DETdef	NOMB.=s|GENRE=f|CAS=r
croupe	crope	NOMcom	NOMB.=s|GENRE=f|CAS=r
autresi	autresi	ADVgen	DEGRE=-

Pus	puis	ADVgen	DEGRE=-
li	il	PROper	PERS.=3|NOMB.=s|GENRE=m|CAS=i
remez	remetre	VERcjg	MODE=imp|PERS.=2|NOMB.=s
la	le	DETdef	NOMB.=s|GENRE=f|CAS=r
sele	sele	NOMcom	NOMB.=s|GENRE=f|CAS=r
biaus	bel1	ADJqua	NOMB.=s|GENRE=m|CAS=n|DEGRE=p
amis	ami	NOMcom	NOMB.=s|GENRE=m|CAS=n

Tretoz	trestot	ADVgen	DEGRE=-
armez	armer	VERppe	NOMB.=s|GENRE=m|CAS=n
se	soi1	PROper	PERS.=3|NOMB.=s|GENRE=m|CAS=r
coucha	couchier	VERcjg	MODE=ind|TEMPS=psp|PERS.=3|NOMB.=s
en	en1	PRE	MORPH=empty
I	un	DETndf	NOMB.=s|GENRE=m|CAS=r
lit	lit1	NOMcom	NOMB.=s|GENRE=m|CAS=r

Fors	fors1	ADVgen	DEGRE=-
que	que4	CONsub	MORPH=empty
s	son4	DETpos	PERS.=3|NOMB.=s|GENRE=f|CAS=r
espee	espee	NOMcom	NOMB.=s|GENRE=f|CAS=r
nule	nul	DETind	NOMB.=s|GENRE=f|CAS=r
riens	rien	PROind	NOMB.=s|GENRE=f|CAS=r
n	ne1	ADVneg	MORPH=empty
i	i2	PROadv	MORPH=empty
toli	tolir	VERcjg	MODE=ind|TEMPS=psp|PERS.=3|NOMB.=s

Dist	dire	VERcjg	MODE=ind|TEMPS=pst|PERS.=3|NOMB.=s
au	a3+le	PRE.DETdef	NOMB.=s|GENRE=m|CAS=r
Borgoing	Borguignon	NOMpro	NOMB.=s|GENRE=m|CAS=r
Fetes	faire	VERcjg	MODE=imp|PERS.=2|NOMB.=p
le	il	PROper	PERS.=3|NOMB.=s|GENRE=m|CAS=r
autresi	autresi	ADVgen	DEGRE=-

Plus	plus	ADVgen	DEGRE=-
serom	estre1	VERcjg	MODE=ind|TEMPS=fut|PERS.=1|NOMB.=p
fres	frois1	ADJqua	NOMB.=p|GENRE=m|CAS=n|DEGRE=p
quant	cant1	CONsub	MORPH=empty
nus	nos1	PROper	PERS.=1|NOMB.=p|GENRE=m|CAS=n
orrons	öir	VERcjg	MODE=ind|TEMPS=fut|PERS.=1|NOMB.=p
le	le	DETdef	NOMB.=s|GENRE=m|CAS=r
cri	cri	NOMcom	NOMB.=s|GENRE=m|CAS=r

Li	le	DETdef	NOMB.=s|GENRE=m|CAS=n
jorz	jor	NOMcom	NOMB.=s|GENRE=m|CAS=n
fu	estre1	VERcjg	MODE=ind|TEMPS=psp|PERS.=3|NOMB.=s
biaus	bel1	ADJqua	NOMB.=s|GENRE=m|CAS=n|DEGRE=p
li	le	DETdef	NOMB.=s|GENRE=m|CAS=n
soulelz	soleil	NOMcom	NOMB.=s|GENRE=m|CAS=n
s	soi1	PROper	PERS.=3|NOMB.=s|GENRE=m|CAS=r
esclarci	esclarcir	VERcjg	MODE=ind|TEMPS=psp|PERS.=3|NOMB.=s

Li	le	DETdef	NOMB.=s|GENRE=m|CAS=n
quens	conte1	NOMcom	NOMB.=s|GENRE=m|CAS=n
Fromonz	Fromund	NOMpro	NOMB.=s|GENRE=m|CAS=n
se	soi1	PROper	PERS.=3|NOMB.=s|GENRE=m|CAS=r
jesoit	jesir	VERcjg	MODE=ind|TEMPS=ipf|PERS.=3|NOMB.=s
en	en1	PRE	MORPH=empty
I	un	DETndf	NOMB.=s|GENRE=m|CAS=r
lit	lit1	NOMcom	NOMB.=s|GENRE=m|CAS=r

La	le	DETdef	NOMB.=s|GENRE=f|CAS=r
fenestrelle	fenestrele	NOMcom	NOMB.=s|GENRE=f|CAS=r
I	un	DETndf	NOMB.=s|GENRE=m|CAS=r
petitet	petitet	PROind	NOMB.=s|GENRE=m|CAS=r
ouvri	ovrir	VERppe	NOMB.=s|GENRE=f|CAS=r

Et	et	CONcoo	MORPH=empty
la	le	DETdef	NOMB.=s|GENRE=f|CAS=r
clarté	clarté	NOMcom	NOMB.=s|GENRE=f|CAS=r
le	il	PROper	PERS.=3|NOMB.=s|GENRE=m|CAS=r
fiert	ferir	VERcjg	MODE=ind|TEMPS=pst|PERS.=3|NOMB.=s
enmi	enmi	PRE	MORPH=empty
le	le	DETdef	NOMB.=s|GENRE=m|CAS=r
vis	vis1	NOMcom	NOMB.=s|GENRE=m|CAS=r

Fromonz	Fromund	NOMpro	NOMB.=s|GENRE=m|CAS=n
se	soi1	PROper	PERS.=3|NOMB.=s|GENRE=m|CAS=r
lieve	lever	VERcjg	MODE=ind|TEMPS=pst|PERS.=3|NOMB.=s
et	et	CONcoo	MORPH=empty
chauça	chaucier1	VERcjg	MODE=ind|TEMPS=psp|PERS.=3|NOMB.=s
et	et	CONcoo	MORPH=empty
vesti	vestir	VERcjg	MODE=ind|TEMPS=psp|PERS.=3|NOMB.=s

Tretoz	trestot	ADVgen	DEGRE=-
armez	armer	VERppe	NOMB.=s|GENRE=m|CAS=n
fors	fors1	ADVgen	DEGRE=-
d	de	PRE	MORPH=empty
une	un	DETndf	NOMB.=s|GENRE=f|CAS=r
chambre	chambre1	NOMcom	NOMB.=s|GENRE=f|CAS=r
issi	issir	VERcjg	MODE=ind|TEMPS=psp|PERS.=3|NOMB.=s

Cheval	cheval	NOMcom	NOMB.=s|GENRE=m|CAS=r
demande	demander	VERcjg	MODE=ind|TEMPS=pst|PERS.=3|NOMB.=s
et	et	CONcoo	MORPH=empty
l	le	DETdef	NOMB.=s|GENRE=m|CAS=n
en	on	PROind	NOMB.=s|GENRE=m|CAS=n
a	avoir	VERcjg	MODE=ind|TEMPS=pst|PERS.=3|NOMB.=s
fet	faire	VERppe	NOMB.=s|GENRE=m|CAS=r
venir	venir	VERinf	MORPH=empty

Parmi	parmi	PRE	MORPH=empty
la	le	DETdef	NOMB.=s|GENRE=f|CAS=r
vile	vile	NOMcom	NOMB.=s|GENRE=f|CAS=r
les	il	PROper	PERS.=3|NOMB.=p|GENRE=m|CAS=r
corut	corir	VERcjg	MODE=ind|TEMPS=psp|PERS.=3|NOMB.=s
estormir	estormir	VERinf	MORPH=empty

Vint	venir	VERcjg	MODE=ind|TEMPS=psp|PERS.=3|NOMB.=s
a	a3	PRE	MORPH=empty
l	le	DETdef	NOMB.=s|GENRE=m|CAS=r
ostel	ostel	NOMcom	NOMB.=s|GENRE=m|CAS=r
son	son4	DETpos	PERS.=3|NOMB.=s|GENRE=m|CAS=r
emfant	enfant	NOMcom	NOMB.=s|GENRE=m|CAS=r
Fromondin	Fromondin	NOMpro	NOMB.=s|GENRE=m|CAS=n

Trueuve	trover	VERcjg	MODE=ind|TEMPS=pst|PERS.=3|NOMB.=s
l	le	DETdef	NOMB.=s|GENRE=m|CAS=r
enfant	enfant	NOMcom	NOMB.=s|GENRE=m|CAS=r
qui	qui	PROrel	NOMB.=s|GENRE=m|CAS=n
jesoit	jesir	VERcjg	MODE=ind|TEMPS=ipf|PERS.=3|NOMB.=s
en	en1	PRE	MORPH=empty
son	son4	DETpos	PERS.=3|NOMB.=s|GENRE=m|CAS=r
lit	lit1	NOMcom	NOMB.=s|GENRE=m|CAS=r

Ou	où	PROrel	NOMB.=s|GENRE=m|CAS=i
il	il	PROper	PERS.=3|NOMB.=s|GENRE=m|CAS=n
se	soi1	PROper	PERS.=3|NOMB.=s|GENRE=m|CAS=r
dort	dormir	VERcjg	MODE=ind|TEMPS=pst|PERS.=3|NOMB.=s
et	et	CONcoo	MORPH=empty
volentiers	volentiers	ADVgen	DEGRE=-
le	il	PROimp	PERS.=0|NOMB.=s|GENRE=n|CAS=r
fist	faire	VERcjg	MODE=ind|TEMPS=psp|PERS.=3|NOMB.=s

Bernart	Bernart	NOMpro	NOMB.=s|GENRE=m|CAS=r
apele	apeler	VERcjg	MODE=ind|TEMPS=pst|PERS.=3|NOMB.=s
Esgardez	esgarder	VERcjg	MODE=imp|PERS.=2|NOMB.=p
de	de	PRE	MORPH=empty
mon	mon1	DETpos	PERS.=1|NOMB.=s|GENRE=m|CAS=r
fil	fil2	NOMcom	NOMB.=s|GENRE=m|CAS=r

Qui	qui	PROrel	NOMB.=s|GENRE=m|CAS=n
se	soi1	PROper	PERS.=3|NOMB.=s|GENRE=m|CAS=r
deüst	devoir	VERcjg	MODE=ind|TEMPS=ipf|PERS.=3|NOMB.=s
et	et	CONcoo	MORPH=empty
acroistre	acroistre	VERinf	MORPH=empty
et	et	CONcoo	MORPH=empty
norrir	norrir	VERinf	MORPH=empty

Or	or4	ADVgen	DEGRE=-
li	il	PROper	PERS.=3|NOMB.=s|GENRE=m|CAS=i
convient	covenir	VERcjg	MODE=ind|TEMPS=pst|PERS.=3|NOMB.=s
son	son4	DETpos	PERS.=3|NOMB.=s|GENRE=m|CAS=r
blanc	blanc	ADJqua	NOMB.=s|GENRE=m|CAS=r|DEGRE=p
hauberc	hauberc	NOMcom	NOMB.=s|GENRE=m|CAS=r
vestir	vestir	VERinf	MORPH=empty

À	a3	PRE	MORPH=empty
voiz	voiz	NOMcom	NOMB.=s|GENRE=f|CAS=r
escrie	escrïer	VERcjg	MODE=ind|TEMPS=pst|PERS.=3|NOMB.=s
Levez	lever	VERcjg	MODE=imp|PERS.=2|NOMB.=p
sus	sus	ADVgen	DEGRE=-
Fromondins	Fromondin	NOMpro	NOMB.=s|GENRE=m|CAS=n

Tu	tu	PROper	PERS.=2|NOMB.=s|GENRE=m|CAS=n
ne	ne1	ADVneg	MORPH=empty
doiz	devoir	VERcjg	MODE=ind|TEMPS=pst|PERS.=2|NOMB.=s
mie	mie	ADVneg	MORPH=empty
a	a3	PRE	MORPH=empty
cete	cest	DETdem	NOMB.=s|GENRE=f|CAS=r
heure	ore3	NOMcom	NOMB.=s|GENRE=f|CAS=r
dormir	dormir	VERinf	MORPH=empty

Li	le	DETdef	NOMB.=s|GENRE=m|CAS=n
granz	grant	ADJqua	NOMB.=s|GENRE=m|CAS=n|DEGRE=p
mengiers	mangier	NOMcom	NOMB.=s|GENRE=m|CAS=n
deüst	devoir	VERcjg	MODE=sub|TEMPS=ipf|PERS.=3|NOMB.=s
estre	estre1	VERinf	MORPH=empty
garniz	garnir	VERppe	NOMB.=s|GENRE=m|CAS=n

Et	et	CONcoo	MORPH=empty
li	le	DETdef	NOMB.=s|GENRE=m|CAS=n
tornoiz	tornoi	NOMcom	NOMB.=s|GENRE=m|CAS=n
failliz	falir	VERppe	NOMB.=s|GENRE=m|CAS=n
et	et	CONcoo	MORPH=empty
departiz	departir	VERppe	NOMB.=s|GENRE=m|CAS=n

L	le	DETdef	NOMB.=s|GENRE=m|CAS=n
emfant	enfant	NOMcom	NOMB.=s|GENRE=m|CAS=n
saut	salir1	VERcjg	MODE=ind|TEMPS=pst|PERS.=3|NOMB.=s
sus	sus	ADVgen	DEGRE=-
quant	cant1	CONsub	MORPH=empty
la	le	DETdef	NOMB.=s|GENRE=f|CAS=r
parole	parole	NOMcom	NOMB.=s|GENRE=f|CAS=r
oï	öir	VERcjg	MODE=ind|TEMPS=pst|PERS.=3|NOMB.=s

I	un	DETndf	NOMB.=s|GENRE=m|CAS=n
escuier	escuier2	NOMcom	NOMB.=s|GENRE=m|CAS=n
i	i2	PROadv	MORPH=empty
vint	venir	VERcjg	MODE=ind|TEMPS=psp|PERS.=3|NOMB.=s
por	por2	PRE	MORPH=empty
li	il	PROper	PERS.=3|NOMB.=s|GENRE=m|CAS=r
servir	servir	VERinf	MORPH=empty

En	en1	PRE	MORPH=empty
pou	poi	ADVgen	DEGRE=-
de	de	PRE	MORPH=empty
terme	terme	NOMcom	NOMB.=s|GENRE=m|CAS=r
l	il	PROper	PERS.=3|NOMB.=s|GENRE=m|CAS=r
ont	avoir	VERcjg	MODE=ind|TEMPS=pst|PERS.=3|NOMB.=p
armé	armer	VERppe	NOMB.=s|GENRE=m|CAS=r
et	et	CONcoo	MORPH=empty
garni	garnir	VERppe	NOMB.=s|GENRE=m|CAS=r

Li	le	DETdef	NOMB.=s|GENRE=m|CAS=n
quens	conte1	NOMcom	NOMB.=s|GENRE=m|CAS=n
Guillaumes	Guilaume	NOMpro	NOMB.=s|GENRE=m|CAS=n
le	le	DETdef	NOMB.=s|GENRE=m|CAS=n
segnor	seignor	NOMcom	NOMB.=s|GENRE=m|CAS=n
de	de	PRE	MORPH=empty
Monclin	Monclin	NOMpro	NOMB.=s|GENRE=x|CAS=r

Li	il	PROper	PERS.=3|NOMB.=s|GENRE=m|CAS=i
ceint	ceindre	VERcjg	MODE=ind|TEMPS=pst|PERS.=3|NOMB.=s
l	le	DETdef	NOMB.=s|GENRE=f|CAS=r
espee	espee	NOMcom	NOMB.=s|GENRE=f|CAS=r
par	par	PRE	MORPH=empty
la	le	DETdef	NOMB.=s|GENRE=f|CAS=r
resne	resne2	NOMcom	NOMB.=s|GENRE=f|CAS=r
d	de	PRE	MORPH=empty
or	or1	NOMcom	NOMB.=s|GENRE=m|CAS=r
fin	fin2	ADJqua	NOMB.=s|GENRE=m|CAS=r|DEGRE=p

Veant	vëoir	VERppa	NOMB.=s|GENRE=m|CAS=r
tretoz	trestot	ADVgen	DEGRE=-
molt	mout	ADVgen	DEGRE=-
fierement	fierement	ADVgen	DEGRE=-
li	il	PROper	PERS.=3|NOMB.=s|GENRE=m|CAS=i
dit	dire	VERcjg	MODE=ind|TEMPS=pst|PERS.=3|NOMB.=s

Je	je	PROper	PERS.=1|NOMB.=s|GENRE=m|CAS=n
te	tu	PROper	PERS.=2|NOMB.=s|GENRE=m|CAS=r
chasti	chastiier	VERcjg	MODE=ind|TEMPS=pst|PERS.=1|NOMB.=s
fet	faire	VERcjg	MODE=ind|TEMPS=pst|PERS.=3|NOMB.=s
il	il	PROper	PERS.=3|NOMB.=s|GENRE=m|CAS=n
niès	nevo	NOMcom	NOMB.=s|GENRE=m|CAS=n
Fromondins	Fromondin	NOMpro	NOMB.=s|GENRE=m|CAS=n

Que	que4	CONsub	MORPH=empty
tu	tu	PROper	PERS.=2|NOMB.=s|GENRE=m|CAS=n
pas	pas	ADVneg	MORPH=empty
n	ne1	ADVneg	MORPH=empty
aimes	amer1	VERcjg	MODE=ind|TEMPS=pst|PERS.=2|NOMB.=s
pautonnier	pautonier	NOMcom	NOMB.=s|GENRE=m|CAS=r
ne	ne2	CONcoo	MORPH=empty
frarin	frarin	ADJqua	NOMB.=s|GENRE=m|CAS=r|DEGRE=p

Halz	haut	ADJqua	NOMB.=s|GENRE=m|CAS=n|DEGRE=p
homs	ome	NOMcom	NOMB.=s|GENRE=m|CAS=n
seras	estre1	VERcjg	MODE=ind|TEMPS=fut|PERS.=2|NOMB.=s
se	se	CONsub	MORPH=empty
tu	tu	PROper	PERS.=2|NOMB.=s|GENRE=m|CAS=n
longuement	longement	ADVgen	DEGRE=-
viz	vivre1	VERcjg	MODE=ind|TEMPS=pst|PERS.=2|NOMB.=s

Or	or4	ADVgen	DEGRE=-
soiez	estre1	VERcjg	MODE=imp|PERS.=2|NOMB.=p
preuz	pro	ADJqua	NOMB.=s|GENRE=m|CAS=n|DEGRE=p
et	et	CONcoo	MORPH=empty
conquerant	conquerre	VERppa	NOMB.=s|GENRE=m|CAS=n
toz	tot	DETind	NOMB.=p|GENRE=m|CAS=r

Fel	felon	ADJqua	NOMB.=s|GENRE=m|CAS=n|DEGRE=p
et	et	CONcoo	MORPH=empty
estous	estout	ADJqua	NOMB.=s|GENRE=m|CAS=n|DEGRE=p
contre	contre	PRE	MORPH=empty
voz	vostre	DETpos	PERS.=2|NOMB.=p|GENRE=m|CAS=r
anemis	enemi	NOMcom	NOMB.=p|GENRE=m|CAS=r

Aimme	amer1	VERcjg	MODE=imp|PERS.=2|NOMB.=s
prodome	prodome	NOMcom	NOMB.=s|GENRE=m|CAS=r
done	doner	VERcjg	MODE=imp|PERS.=2|NOMB.=s
li	le	DETdef	NOMB.=s|GENRE=m|CAS=r
ver	vair2	NOMcom	NOMB.=s|GENRE=m|CAS=r
et	et	CONcoo	MORPH=empty
gris	gris	NOMcom	NOMB.=s|GENRE=m|CAS=r

Par	par	PRE	MORPH=empty
cest	cest	DETdem	NOMB.=s|GENRE=f|CAS=r
afere	afaire2	NOMcom	NOMB.=s|GENRE=f|CAS=r
montteras	monter	VERcjg	MODE=ind|TEMPS=fut|PERS.=2|NOMB.=s
en	en1	PRE	MORPH=empty
grant	grant	ADJqua	NOMB.=s|GENRE=m|CAS=r|DEGRE=p
pris	pris1	NOMcom	NOMB.=s|GENRE=m|CAS=r

Tout	tot	DETind	NOMB.=s|GENRE=m|CAS=n
est	estre1	VERcjg	MODE=ind|TEMPS=pst|PERS.=3|NOMB.=s
en	en1	PRE	MORPH=empty
Dieu	dieu	NOMpro	NOMB.=s|GENRE=m|CAS=r
sire	seignor	NOMcom	NOMB.=s|GENRE=m|CAS=n
dit	dire	VERcjg	MODE=ind|TEMPS=pst|PERS.=3|NOMB.=s
Fromondins	Fromondin	NOMpro	NOMB.=s|GENRE=m|CAS=n

L	le	DETdef	NOMB.=s|GENRE=m|CAS=n
en	on	PROind	NOMB.=s|GENRE=m|CAS=n
li	il	PROper	PERS.=3|NOMB.=s|GENRE=m|CAS=i
amoine	amener	VERcjg	MODE=ind|TEMPS=pst|PERS.=3|NOMB.=s
I	un	DETndf	NOMB.=s|GENRE=m|CAS=r
bon	bon	ADJqua	NOMB.=s|GENRE=m|CAS=r|DEGRE=p
destrier	destrier1	NOMcom	NOMB.=s|GENRE=m|CAS=r
de	de	PRE	MORPH=empty
pris	pris1	NOMcom	NOMB.=s|GENRE=m|CAS=r

Li	le	DETdef	NOMB.=s|GENRE=m|CAS=n
vasaus	vassal	NOMcom	NOMB.=s|GENRE=m|CAS=n
monte	monter	VERcjg	MODE=ind|TEMPS=pst|PERS.=3|NOMB.=s
qui	qui	PROrel	NOMB.=s|GENRE=m|CAS=n
volentiers	volentiers	ADVgen	DEGRE=-
le	il	PROimp	PERS.=0|NOMB.=s|GENRE=n|CAS=r
fist	faire	VERcjg	MODE=ind|TEMPS=psp|PERS.=3|NOMB.=s

L	le	DETdef	NOMB.=s|GENRE=m|CAS=r
escu	escu	NOMcom	NOMB.=s|GENRE=m|CAS=r
ot	avoir	VERcjg	MODE=ind|TEMPS=psp|PERS.=3|NOMB.=s
d	de	PRE	MORPH=empty
or	or1	NOMcom	NOMB.=s|GENRE=m|CAS=r
et	et	CONcoo	MORPH=empty
I	un	DETcar	NOMB.=s|GENRE=m|CAS=r
lyon	lïon	NOMcom	NOMB.=s|GENRE=m|CAS=r
en	en1	PRE	MORPH=empty
mi	mi2	NOMcom	NOMB.=s|GENRE=m|CAS=r

Parmi	parmi	PRE	MORPH=empty
la	le	DETdef	NOMB.=s|GENRE=f|CAS=r
guige	guiche	NOMcom	NOMB.=s|GENRE=f|CAS=r
a	a3	PRE	MORPH=empty
son	son4	DETpos	PERS.=3|NOMB.=s|GENRE=m|CAS=r
col	col	NOMcom	NOMB.=s|GENRE=m|CAS=r
le	il	PROper	PERS.=3|NOMB.=s|GENRE=m|CAS=r
pendi	pendre	VERcjg	MODE=ind|TEMPS=psp|PERS.=3|NOMB.=s

Les	le	DETdef	NOMB.=p|GENRE=f|CAS=r
portes	porte1	NOMcom	NOMB.=p|GENRE=f|CAS=r
fet	faire	VERcjg	MODE=ind|TEMPS=pst|PERS.=3|NOMB.=s
li	le	DETdef	NOMB.=s|GENRE=m|CAS=n
quens	conte1	NOMcom	NOMB.=s|GENRE=m|CAS=n
Fromonz	Fromund	NOMpro	NOMB.=s|GENRE=m|CAS=n
ouvrir	ovrir	VERinf	MORPH=empty

Toz	tot	DETind	NOMB.=p|GENRE=m|CAS=r
les	le	DETdef	NOMB.=p|GENRE=m|CAS=r
serjanz	serjant	NOMcom	NOMB.=p|GENRE=m|CAS=r
en	en2	PROadv	MORPH=empty
fet	faire	VERcjg	MODE=ind|TEMPS=pst|PERS.=3|NOMB.=s
avant	avant	ADVgen	DEGRE=-
issir	issir	VERinf	MORPH=empty

Lices	lice2	NOMcom	NOMB.=s|GENRE=f|CAS=r
fet	faire	VERcjg	MODE=ind|TEMPS=pst|PERS.=3|NOMB.=s
fere	faire	VERinf	MORPH=empty
por	por2	PRE	MORPH=empty
lor	lor2	DETpos	PERS.=3|NOMB.=p|GENRE=m|CAS=r
cors	cors1	NOMcom	NOMB.=p|GENRE=m|CAS=r
garantir	garantir	VERinf	MORPH=empty

S	se	CONsub	MORPH=empty
en	en2	PROadv	MORPH=empty
lor	il	PROper	PERS.=3|NOMB.=p|GENRE=m|CAS=i
fet	faire	VERcjg	MODE=ind|TEMPS=pst|PERS.=3|NOMB.=s
force	force2	NOMcom	NOMB.=s|GENRE=f|CAS=r
ou	o3	CONcoo	MORPH=empty
se	soi1	PROper	PERS.=3|NOMB.=p|GENRE=m|CAS=r
vorront	vëoir	VERcjg	MODE=ind|TEMPS=fut|PERS.=3|NOMB.=p
tenir	tenir1	VERinf	MORPH=empty

Primes	prim	ADVgen	DEGRE=-
s	soi1	PROper	PERS.=3|NOMB.=s|GENRE=m|CAS=r
en	en2	PROadv	MORPH=empty
ist	issir	VERcjg	MODE=ind|TEMPS=pst|PERS.=3|NOMB.=s
li	le	DETdef	NOMB.=s|GENRE=m|CAS=n
vallez	vaslet	NOMcom	NOMB.=s|GENRE=m|CAS=n
Fromondins	Fromondin	NOMpro	NOMB.=s|GENRE=m|CAS=r

Et	et	CONcoo	MORPH=empty
après	après	ADVgen	DEGRE=-
li	le	DETdef	NOMB.=s|GENRE=m|CAS=n
Guillaumes	Guilaume	NOMpro	NOMB.=s|GENRE=m|CAS=n
de	de	PRE	MORPH=empty
Monclin	Monclin	NOMpro	NOMB.=s|GENRE=x|CAS=r

Et	et	CONcoo	MORPH=empty
puis	puis	ADVgen	DEGRE=-
Bernart	Bernart	NOMpro	NOMB.=s|GENRE=m|CAS=n
et	et	CONcoo	MORPH=empty
Fauconnet	Fauconnet	NOMpro	NOMB.=s|GENRE=m|CAS=n
son	son4	DETpos	PERS.=3|NOMB.=s|GENRE=m|CAS=n
fil	fil2	NOMcom	NOMB.=s|GENRE=m|CAS=n

Après	après	ADVgen	DEGRE=-
s	soi1	PROper	PERS.=3|NOMB.=s|GENRE=m|CAS=r
en	en2	PROadv	MORPH=empty
ist	issir	VERcjg	MODE=ind|TEMPS=pst|PERS.=3|NOMB.=s
de	de	PRE	MORPH=empty
Verdun	Verdun	NOMpro	NOMB.=s|GENRE=x|CAS=r
Lancelin	Lancelin	NOMpro	NOMB.=s|GENRE=m|CAS=r

Forques	Foques	NOMpro	NOMB.=s|GENRE=m|CAS=n
et	et	CONcoo	MORPH=empty
Hues	Hue	NOMpro	NOMB.=s|GENRE=m|CAS=n
et	et	CONcoo	MORPH=empty
de	de	PRE	MORPH=empty
Grant	Grant	NOMpro	NOMB.=s|GENRE=m|CAS=r
Pré	Pré	NOMpro	NOMB.=s|GENRE=m|CAS=r
Hienri	Henri	NOMpro	NOMB.=s|GENRE=m|CAS=r

Herbert	Herbert	NOMpro	NOMB.=s|GENRE=m|CAS=r
de	de	PRE	MORPH=empty
Troie	Troie	NOMpro	NOMB.=s|GENRE=f|CAS=r
Huon	Hue	NOMpro	NOMB.=s|GENRE=m|CAS=n
de	de	PRE	MORPH=empty
S	saint	NOMpro	NOMB.=s|GENRE=m|CAS=r|DEGRE=p
Quantin	Quentin	NOMpro	NOMB.=s|GENRE=m|CAS=r

Pierre	Pierre	NOMpro	NOMB.=s|GENRE=m|CAS=n
d	de	PRE	MORPH=empty
Artois	Artois	NOMpro	NOMB.=s|GENRE=x|CAS=r
le	le	DETdef	NOMB.=s|GENRE=m|CAS=n
Flamant	Flamenc	NOMpro	NOMB.=s|GENRE=m|CAS=n
Baudoïn	Baudoïn	NOMpro	NOMB.=s|GENRE=m|CAS=n

Droon	Droün	NOMpro	NOMB.=s|GENRE=m|CAS=n
d	de	PRE	MORPH=empty
Amiens	Amiens	NOMpro	NOMB.=s|GENRE=x|CAS=r
et	et	CONcoo	MORPH=empty
son	son4	DETpos	PERS.=3|NOMB.=s|GENRE=m|CAS=n
filz	fil2	NOMcom	NOMB.=s|GENRE=m|CAS=n
Amaurri	Amaurri	NOMpro	NOMB.=s|GENRE=m|CAS=r

Après_après_ADVgen_DEGRE=-	après	ADVgen	DEGRE=-
Après	après	ADVgen	DEGRE=-
s	soi1	PROper	PERS.=3|NOMB.=s|GENRE=m|CAS=r
en	en2	PROadv	MORPH=empty
ist	issir	VERcjg	MODE=ind|TEMPS=pst|PERS.=3|NOMB.=s
li	le	DETdef	NOMB.=s|GENRE=m|CAS=n
quens	conte1	NOMcom	NOMB.=s|GENRE=m|CAS=n
de	de	PRE	MORPH=empty
Biauvoisin	Beauvoisin	NOMpro	NOMB.=s|GENRE=x|CAS=r

De	de	PRE	MORPH=empty
Mondidier	Mondidier	NOMpro	NOMB.=s|GENRE=m|CAS=r
Girart	Girard	NOMpro	NOMB.=s|GENRE=m|CAS=n
et	et	CONcoo	MORPH=empty
Cocelin	Iosselin	NOMpro	NOMB.=s|GENRE=m|CAS=r

Aprés	après	PRE	MORPH=empty
toz	tot	DETind	NOMB.=p|GENRE=m|CAS=r
ceus	cel	DETdem	NOMB.=p|GENRE=m|CAS=r
segnor	seignor	NOMcom	NOMB.=p|GENRE=m|CAS=r
que	que2	PROrel	NOMB.=p|GENRE=m|CAS=r
je	je	PROper	PERS.=1|NOMB.=s|GENRE=m|CAS=n
vos	vos	PROper	PERS.=2|NOMB.=p|GENRE=m|CAS=i
di	dire	VERcjg	MODE=ind|TEMPS=pst|PERS.=1|NOMB.=s

S	soi1	PROper	PERS.=3|NOMB.=s|GENRE=m|CAS=r
en	en2	PROadv	MORPH=empty
ist	issir	VERcjg	MODE=ind|TEMPS=pst|PERS.=3|NOMB.=s
Guillaumes	Guilaume	NOMpro	NOMB.=s|GENRE=m|CAS=n
li	le	DETdef	NOMB.=s|GENRE=m|CAS=n
sires	seignor	NOMcom	NOMB.=s|GENRE=m|CAS=n
de	de	PRE	MORPH=empty
Monclin	Monclin	NOMpro	NOMB.=s|GENRE=x|CAS=r

Et	et	CONcoo	MORPH=empty
de	de	PRE	MORPH=empty
Boorges	Boorges	NOMpro	NOMB.=s|GENRE=x|CAS=r
le	le	DETdef	NOMB.=s|GENRE=m|CAS=n
preu	pro	ADJqua	NOMB.=s|GENRE=m|CAS=n|DEGRE=p
conte	conte1	NOMcom	NOMB.=s|GENRE=m|CAS=n
Tierri	Thierri	NOMpro	NOMB.=s|GENRE=m|CAS=n

Et	et	CONcoo	MORPH=empty
de	de	PRE	MORPH=empty
Lymoges	limoges	NOMpro	NOMB.=s|GENRE=f|CAS=r
Joceaumes	Joceaumes	NOMpro	NOMB.=s|GENRE=m|CAS=n
et	et	CONcoo	MORPH=empty
Baudri	Baudri	NOMpro	NOMB.=s|GENRE=m|CAS=n

Après	après	ADVgen	DEGRE=-
s	soi1	PROper	PERS.=3|NOMB.=s|GENRE=m|CAS=r
en	en2	PROadv	MORPH=empty
ist	issir	VERcjg	MODE=ind|TEMPS=pst|PERS.=3|NOMB.=s
Fromonz	Fromund	NOMpro	NOMB.=s|GENRE=m|CAS=n
li	le	DETdef	NOMB.=s|GENRE=m|CAS=n
posteïs	pöestëif	NOMcom	NOMB.=s|GENRE=m|CAS=n

Li	le	DETdef	NOMB.=p|GENRE=m|CAS=n
chevalier	chevalier	NOMcom	NOMB.=p|GENRE=m|CAS=n
font	faire	VERcjg	MODE=ind|TEMPS=pst|PERS.=3|NOMB.=p
la	le	DETdef	NOMB.=s|GENRE=f|CAS=r
champaingne	champagne	NOMcom	NOMB.=s|GENRE=f|CAS=r
emplir	emplir	VERinf	MORPH=empty

La	là	ADVgen	DEGRE=-
veïssiez	vëoir	VERcjg	MODE=ind|TEMPS=ipf|PERS.=2|NOMB.=p
tant	tant	ADVgen	DEGRE=-
vert	vert	ADJqua	NOMB.=s|GENRE=m|CAS=r|DEGRE=p
hiaume	heaume	NOMcom	NOMB.=s|GENRE=m|CAS=r
bruni	brunir	VERppe	NOMB.=s|GENRE=m|CAS=r

Fromonz	Fromund	NOMpro	NOMB.=s|GENRE=m|CAS=n
devise	deviser	VERcjg	MODE=ind|TEMPS=pst|PERS.=3|NOMB.=s
ses	son4	DETpos	PERS.=3|NOMB.=p|GENRE=m|CAS=r
genz	gent1	NOMcom	NOMB.=p|GENRE=m|CAS=r
por	por2	PRE	MORPH=empty
establir	establir	VERinf	MORPH=empty

Et	et	CONcoo	MORPH=empty
ses	son4	DETpos	PERS.=3|NOMB.=p|GENRE=f|CAS=r
batailles	bataille	NOMcom	NOMB.=p|GENRE=f|CAS=r
renge	rengier1	VERcjg	MODE=ind|TEMPS=pst|PERS.=3|NOMB.=s
por	por2	PRE	MORPH=empty
mielz	mieus	ADVgen	DEGRE=c
ferir	ferir	VERinf	MORPH=empty

En	en1	PRE	MORPH=empty
l	le	DETdef	NOMB.=s|GENRE=f|CAS=r
ost	ost	NOMcom	NOMB.=s|GENRE=f|CAS=r
emforce	enforcier1	VERcjg	MODE=ind|TEMPS=pst|PERS.=3|NOMB.=s
et	et	CONcoo	MORPH=empty
la	le	DETdef	NOMB.=s|GENRE=f|CAS=r
noise	noise	NOMcom	NOMB.=s|GENRE=f|CAS=r
et	et	CONcoo	MORPH=empty
li	le	DETdef	NOMB.=p|GENRE=m|CAS=r
criz	cri	NOMcom	NOMB.=p|GENRE=m|CAS=r

La	il	PROper	PERS.=3|NOMB.=s|GENRE=f|CAS=r
oïssiez	öir	VERcjg	MODE=ind|TEMPS=ipf|PERS.=2|NOMB.=p
cez	ce2	DETdem	NOMB.=p|GENRE=f|CAS=r
buisines	buisine	NOMcom	NOMB.=p|GENRE=f|CAS=r
tentir	tentir2	VERinf	MORPH=empty

Cez	ce2	DETdem	NOMB.=p|GENRE=m|CAS=r
chevaliers	chevalier	NOMcom	NOMB.=p|GENRE=m|CAS=r
a	a3	PRE	MORPH=empty
lor	lor2	DETpos	PERS.=3|NOMB.=p|GENRE=m|CAS=r
hostieus	ostel	NOMcom	NOMB.=p|GENRE=m|CAS=r
venir	venir	VERinf	MORPH=empty

Les	le	DETdef	NOMB.=p|GENRE=m|CAS=r
blans	blanc	ADJqua	NOMB.=p|GENRE=m|CAS=r|DEGRE=p
hauberz	hauberc	NOMcom	NOMB.=p|GENRE=m|CAS=r
andosser	endosser	VERinf	MORPH=empty
et	et	CONcoo	MORPH=empty
vestir	vestir	VERinf	MORPH=empty

Aus	a3+le	PRE.DETdef	NOMB.=p|GENRE=m|CAS=r
escuiers	escuier2	NOMcom	NOMB.=p|GENRE=m|CAS=r
ces	ce2	DETdem	NOMB.=p|GENRE=m|CAS=r
bons	bon	ADJqua	NOMB.=p|GENRE=m|CAS=r|DEGRE=p
chevaus	cheval	NOMcom	NOMB.=p|GENRE=m|CAS=r
tenir	tenir1	VERinf	MORPH=empty

La	là	ADVgen	DEGRE=-
sont	estre1	VERcjg	MODE=ind|TEMPS=pst|PERS.=3|NOMB.=p
armé	armer	VERppe	NOMB.=p|GENRE=m|CAS=n
plus	plus	ADVgen	DEGRE=-
de	de	PRE	MORPH=empty
XL	carante	PROcar	NOMB.=p|GENRE=m|CAS=n
M	mil1	PROcar	NOMB.=p|GENRE=m|CAS=n

Et	et	CONcoo	MORPH=empty
sont	estre1	VERcjg	MODE=ind|TEMPS=pst|PERS.=3|NOMB.=p
ensemble	ensemble	ADVgen	DEGRE=-
cui	cui	PROrel	NOMB.=p|GENRE=m|CAS=n
que	que2	PROrel	NOMB.=s|GENRE=m|CAS=r
doie	devoir	VERcjg	MODE=sub|TEMPS=pst|PERS.=3|NOMB.=s
enbelir	embelir	VERinf	MORPH=empty

emperere	emperëor	NOMcom	NOMB.=s|GENRE=m|CAS=n
fet	faire	VERcjg	MODE=ind|TEMPS=pst|PERS.=3|NOMB.=s
l	le	DETdef	NOMB.=s|GENRE=m|CAS=r
estendart	estandart	NOMcom	NOMB.=s|GENRE=m|CAS=r
venir	venir	VERinf	MORPH=empty

Molt	mout	ADVgen	DEGRE=-
l	il	PROper	PERS.=3|NOMB.=s|GENRE=m|CAS=r
a	avoir	VERcjg	MODE=ind|TEMPS=pst|PERS.=3|NOMB.=s
bien	bien1	ADVgen	DEGRE=p
fet	faire	VERppe	NOMB.=s|GENRE=m|CAS=r
de	de	PRE	MORPH=empty
chevaliers	chevalier	NOMcom	NOMB.=p|GENRE=m|CAS=r
garnir	garnir	VERinf	MORPH=empty

Et	et	CONcoo	MORPH=empty
de	de	PRE	MORPH=empty
serjanz	serjant	NOMcom	NOMB.=p|GENRE=m|CAS=r
por	por2	PRE	MORPH=empty
le	le	DETdef	NOMB.=s|GENRE=m|CAS=r
fes	fais	NOMcom	NOMB.=s|GENRE=m|CAS=r
soutenir	sostenir	VERinf	MORPH=empty

Primes	prim	ADVgen	DEGRE=-
s	soi1	PROper	PERS.=3|NOMB.=s|GENRE=m|CAS=r
en	en2	PROadv	MORPH=empty
ist	issir	VERcjg	MODE=ind|TEMPS=pst|PERS.=3|NOMB.=s
de	de	PRE	MORPH=empty
Mondaussois	Mondaussois	NOMpro	NOMB.=s|GENRE=x|CAS=r
Tierri	Thierri	NOMpro	NOMB.=s|GENRE=m|CAS=n

Gerart	Girard	NOMpro	NOMB.=s|GENRE=m|CAS=n
del	de+le	PRE.DETdef	NOMB.=s|GENRE=m|CAS=r
Liege	Liege	NOMpro	NOMB.=s|GENRE=m|CAS=r
et	et	CONcoo	MORPH=empty
l	le	DETdef	NOMB.=s|GENRE=m|CAS=n
Alemant	Alemant	NOMpro	NOMB.=s|GENRE=m|CAS=n
Orri	Orri	NOMpro	NOMB.=s|GENRE=m|CAS=r

Renaut	Renaut	NOMpro	NOMB.=s|GENRE=m|CAS=r
de	de	PRE	MORPH=empty
Chol	Chol	NOMpro	NOMB.=s|GENRE=x|CAS=r
de	de	PRE	MORPH=empty
Bar	Bar	NOMpro	NOMB.=s|GENRE=x|CAS=r
le	le	DETdef	NOMB.=s|GENRE=m|CAS=n
duc	duc2	NOMcom	NOMB.=s|GENRE=m|CAS=n
Hienri	Henri	NOMpro	NOMB.=s|GENRE=m|CAS=r

De	de	PRE	MORPH=empty
S	saint	NOMpro	NOMB.=s|GENRE=m|CAS=r
Michiel	Michel	NOMpro	NOMB.=s|GENRE=m|CAS=r
quens	conte1	NOMcom	NOMB.=s|GENRE=m|CAS=n
Hues	Hue	NOMpro	NOMB.=s|GENRE=m|CAS=n
li	le	DETdef	NOMB.=s|GENRE=m|CAS=n
floriz	florir	VERppe	NOMB.=s|GENRE=m|CAS=n

Et	et	CONcoo	MORPH=empty
d	de	PRE	MORPH=empty
Aspremont	Aspremont	NOMpro	NOMB.=s|GENRE=m|CAS=r
Tierri	Thierri	NOMpro	NOMB.=s|GENRE=m|CAS=n
li	le	DETdef	NOMB.=s|GENRE=m|CAS=n
posteïs	pöestëif	NOMcom	NOMB.=s|GENRE=m|CAS=n

Après	après	ADVgen	DEGRE=-
s	soi1	PROper	PERS.=3|NOMB.=s|GENRE=m|CAS=r
en	en2	PROadv	MORPH=empty
ist	issir	VERcjg	MODE=ind|TEMPS=pst|PERS.=3|NOMB.=s
li	le	DETdef	NOMB.=s|GENRE=m|CAS=n
Loherans	loherenc	NOMpro	NOMB.=s|GENRE=m|CAS=n
Garins	Garin	NOMpro	NOMB.=s|GENRE=m|CAS=n

après	après	ADVgen	DEGRE=-
li	il	PROper	PERS.=3|NOMB.=s|GENRE=m|CAS=i
Huon	Hue	NOMpro	NOMB.=s|GENRE=m|CAS=n
qui	qui	PROrel	NOMB.=s|GENRE=m|CAS=n
Troye	Troie	NOMpro	NOMB.=s|GENRE=f|CAS=r
tint	tenir1	VERcjg	MODE=ind|TEMPS=psp|PERS.=3|NOMB.=s

Cil	cel	PROdem	NOMB.=s|GENRE=m|CAS=n
de	de	PRE	MORPH=empty
Tonoirre	Tonoirre	NOMpro	NOMB.=s|GENRE=x|CAS=r
et	et	CONcoo	MORPH=empty
Gautier	Gautier	NOMpro	NOMB.=s|GENRE=m|CAS=n
de	de	PRE	MORPH=empty
Paris	Paris	NOMpro	NOMB.=s|GENRE=f|CAS=r

Et	et	CONcoo	MORPH=empty
de	de	PRE	MORPH=empty
Nuevers	Nevers	NOMpro	NOMB.=s|GENRE=f|CAS=r
li	le	DETdef	NOMB.=s|GENRE=m|CAS=n
frans	franc1	ADJqua	NOMB.=s|GENRE=m|CAS=n|DEGRE=p
quens	conte1	NOMcom	NOMB.=s|GENRE=m|CAS=n
Amaurris	Amaurri	NOMpro	NOMB.=s|GENRE=m|CAS=n

De	de	PRE	MORPH=empty
Chaalons	Chalons	NOMpro	NOMB.=s|GENRE=f|CAS=r
le	le	DETdef	NOMB.=s|GENRE=m|CAS=n
franc	franc1	ADJqua	NOMB.=s|GENRE=m|CAS=n|DEGRE=p
conte	conte1	NOMcom	NOMB.=s|GENRE=m|CAS=n
Tierri	Thierri	NOMpro	NOMB.=s|GENRE=m|CAS=n

Et	et	CONcoo	MORPH=empty
dant	dan2	NOMcom	NOMB.=s|GENRE=m|CAS=n
Archarz	Achar	NOMpro	NOMB.=s|GENRE=m|CAS=n
icil	icel	PROdem	NOMB.=s|GENRE=m|CAS=n
qui	qui	PROrel	NOMB.=s|GENRE=m|CAS=n
Riviers	Riviers	NOMpro	NOMB.=s|GENRE=x|CAS=r
tint	tenir1	VERcjg	MODE=ind|TEMPS=psp|PERS.=3|NOMB.=s

De	de	PRE	MORPH=empty
Pierre	Pierre	NOMpro	NOMB.=s|GENRE=m|CAS=r
Late	Late	NOMpro	NOMB.=s|GENRE=x|CAS=r
Forquerez	Forquere	NOMpro	NOMB.=s|GENRE=m|CAS=n
li	le	DETdef	NOMB.=s|GENRE=m|CAS=n
petiz	petit	NOMcom	NOMB.=s|GENRE=m|CAS=n

S	soi1	PROper	PERS.=3|NOMB.=s|GENRE=m|CAS=r
en	en2	PROadv	MORPH=empty
ist	issir	VERcjg	MODE=ind|TEMPS=pst|PERS.=3|NOMB.=s
Aleaumes	Aleaumes	NOMpro	NOMB.=s|GENRE=m|CAS=n
Guichart	Guichart	NOMpro	NOMB.=s|GENRE=m|CAS=n
qui	qui	PROrel	NOMB.=s|GENRE=m|CAS=n
Biaugeu	Biaugeu	NOMpro	NOMB.=s|GENRE=x|CAS=r
tint	tenir1	VERcjg	MODE=ind|TEMPS=psp|PERS.=3|NOMB.=s

Huon	Hue	NOMpro	NOMB.=s|GENRE=m|CAS=n
du	de+le	PRE.DETdef	NOMB.=s|GENRE=m|CAS=r
Mans	Mans	NOMpro	NOMB.=s|GENRE=m|CAS=r
et	et	CONcoo	MORPH=empty
Jeffroi	Gefrei	NOMpro	NOMB.=s|GENRE=m|CAS=r
l	le	DETdef	NOMB.=s|GENRE=m|CAS=n
Engevin	Angevin	NOMpro	NOMB.=s|GENRE=m|CAS=n

De	de	PRE	MORPH=empty
Mondidier	Mondidier	NOMpro	NOMB.=s|GENRE=m|CAS=r
li	le	DETdef	NOMB.=s|GENRE=m|CAS=n
dus	duc2	NOMcom	NOMB.=s|GENRE=m|CAS=n
Richarz	Richart	NOMpro	NOMB.=s|GENRE=m|CAS=n
s	soi1	PROper	PERS.=3|NOMB.=s|GENRE=m|CAS=r
en	en2	PROadv	MORPH=empty
ist	issir	VERcjg	MODE=ind|TEMPS=pst|PERS.=3|NOMB.=s

Orlenois	Orliens	NOMpro	NOMB.=s|GENRE=x|CAS=r
li	le	DETdef	NOMB.=s|GENRE=m|CAS=n
frans	franc1	ADJqua	NOMB.=s|GENRE=m|CAS=n|DEGRE=p
dux	duc2	NOMcom	NOMB.=s|GENRE=m|CAS=n
Herneïs	Hernaïs	NOMpro	NOMB.=s|GENRE=m|CAS=n

Encor	encore	ADVgen	DEGRE=-
se	soi1	PROper	PERS.=3|NOMB.=s|GENRE=m|CAS=r
dort	dormir	VERcjg	MODE=ind|TEMPS=pst|PERS.=3|NOMB.=s
li	le	DETdef	NOMB.=s|GENRE=m|CAS=n
Borgoinz	Borguignon	NOMpro	NOMB.=s|GENRE=m|CAS=n
Auberis	Auberi	NOMpro	NOMB.=s|GENRE=m|CAS=n

Begues	Begues	NOMpro	NOMB.=s|GENRE=m|CAS=n
ses	son4	DETpos	PERS.=3|NOMB.=s|GENRE=m|CAS=n
oncles	oncle	NOMcom	NOMB.=s|GENRE=m|CAS=n
li	le	DETdef	NOMB.=s|GENRE=m|CAS=n
Ardenois	Ardenois	NOMpro	NOMB.=s|GENRE=m|CAS=n
Tierris	Thierri	NOMpro	NOMB.=s|GENRE=m|CAS=n

Gautiers	Gautier	NOMpro	NOMB.=s|GENRE=m|CAS=n
del	de+le	PRE.DETdef	NOMB.=s|GENRE=m|CAS=r
Neu	Neu	NOMpro	NOMB.=s|GENRE=m|CAS=r
Huon	Hue	NOMpro	NOMB.=s|GENRE=m|CAS=n
de	de	PRE	MORPH=empty
Quembroisi	Cambroisi	NOMpro	NOMB.=s|GENRE=x|CAS=r

La	le	DETdef	NOMB.=s|GENRE=f|CAS=r
nuit	nuit	NOMcom	NOMB.=s|GENRE=f|CAS=r
veillerent	veillier2	VERcjg	MODE=ind|TEMPS=psp|PERS.=3|NOMB.=p
por	por2	PRE	MORPH=empty
ce	ce1	PROdem	NOMB.=s|GENRE=n|CAS=r
dorment	dormir	VERcjg	MODE=ind|TEMPS=pst|PERS.=3|NOMB.=p
einsi	ainsi	ADVgen	DEGRE=-

Et	et	CONcoo	MORPH=empty
les	le	DETdef	NOMB.=p|GENRE=f|CAS=n
batailles	bataille	NOMcom	NOMB.=p|GENRE=f|CAS=n
commencent	comencier	VERcjg	MODE=ind|TEMPS=pst|PERS.=3|NOMB.=p
a	a3	PRE	MORPH=empty
venir	venir	VERinf	MORPH=empty

Toutes	tot	DETind	NOMB.=p|GENRE=f|CAS=n
rengiees	rengier1	VERppe	NOMB.=p|GENRE=f|CAS=n
l	le	DETdef	NOMB.=s|GENRE=f|CAS=r
une	un	PROcar	NOMB.=s|GENRE=f|CAS=r
vers	vers2	PRE	MORPH=empty
l	le	DETdef	NOMB.=s|GENRE=f|CAS=r
autre	autre	PROind	NOMB.=s|GENRE=f|CAS=r
vint	venir	VERcjg	MODE=ind|TEMPS=psp|PERS.=3|NOMB.=s

Le	le	DETdef	NOMB.=s|GENRE=m|CAS=n
petit	petit	ADJqua	NOMB.=s|GENRE=m|CAS=n|DEGRE=p
pas	pas	NOMcom	NOMB.=s|GENRE=m|CAS=n
n	ne1	ADVneg	MORPH=empty
i	i2	PROadv	MORPH=empty
ot	avoir	VERcjg	MODE=ind|TEMPS=psp|PERS.=3|NOMB.=s
que	que1	CONsub	MORPH=empty
du	de+le	PRE.DETdef	NOMB.=s|GENRE=m|CAS=r
ferir	ferir	NOMcom	NOMB.=s|GENRE=m|CAS=r

Primes	prim	ADVgen	DEGRE=-
desrenge	desrengier	VERcjg	MODE=ind|TEMPS=pst|PERS.=3|NOMB.=s
le	le	DETdef	NOMB.=s|GENRE=m|CAS=n
vallet	vaslet	NOMcom	NOMB.=s|GENRE=m|CAS=n
Fromondin	Fromondin	NOMpro	NOMB.=s|GENRE=m|CAS=r

L	le	DETdef	NOMB.=s|GENRE=m|CAS=r
escu	escu	NOMcom	NOMB.=s|GENRE=m|CAS=r
du	de+le	PRE.DETdef	NOMB.=s|GENRE=m|CAS=r
col	col	NOMcom	NOMB.=s|GENRE=m|CAS=r
tenoit	tenir1	VERcjg	MODE=ind|TEMPS=ipf|PERS.=3|NOMB.=s
devant	devant	PRE	MORPH=empty
son	son4	DETpos	PERS.=3|NOMB.=s|GENRE=m|CAS=r
vis	vis1	NOMcom	NOMB.=s|GENRE=m|CAS=r

I	un	DETndf	NOMB.=s|GENRE=m|CAS=r
chevalier	chevalier	NOMcom	NOMB.=s|GENRE=m|CAS=r
vet	aler	VERcjg	MODE=ind|TEMPS=pst|PERS.=3|NOMB.=s
malement	malement	ADVgen	DEGRE=-
ferir	ferir	VERinf	MORPH=empty

Que	que2	PROrel	NOMB.=s|GENRE=m|CAS=r
les	le	DETdef	NOMB.=p|GENRE=m|CAS=r
estriers	estrieu	NOMcom	NOMB.=p|GENRE=m|CAS=r
li	il	PROper	PERS.=3|NOMB.=s|GENRE=m|CAS=i
fet	faire	VERcjg	MODE=ind|TEMPS=pst|PERS.=3|NOMB.=s
en	en1	PRE	MORPH=empty
II	deus	PROcar	NOMB.=p|GENRE=n|CAS=r
guerpir	guerpir	VERinf	MORPH=empty

Puis	puis	ADVgen	DEGRE=-
abat	abatre	VERcjg	MODE=ind|TEMPS=pst|PERS.=3|NOMB.=s
l	le	DETdef	NOMB.=s|GENRE=m|CAS=r
autre	autre	PROind	NOMB.=s|GENRE=m|CAS=r
si	si	ADVgen	DEGRE=-
que	que4	CONsub	MORPH=empty
l	le	DETdef	NOMB.=s|GENRE=m|CAS=n
en	on	PROind	NOMB.=s|GENRE=m|CAS=n
bien	bien1	ADVgen	DEGRE=p
le	il	PROper	PERS.=3|NOMB.=s|GENRE=m|CAS=r
vit	vëoir	VERcjg	MODE=ind|TEMPS=psp|PERS.=3|NOMB.=s

Et	et	CONcoo	MORPH=empty
deu	deus	DETcar	NOMB.=p|GENRE=m|CAS=r
tronçon	tronçon	NOMcom	NOMB.=p|GENRE=m|CAS=r
vet	aler	VERcjg	MODE=ind|TEMPS=pst|PERS.=3|NOMB.=s
durement	durement	ADVgen	DEGRE=-
ferir	ferir	VERinf	MORPH=empty

Tretuit	trestot	PROind	NOMB.=p|GENRE=m|CAS=n
escrient	escrïer	VERcjg	MODE=ind|TEMPS=pst|PERS.=3|NOMB.=p
Ore	or4	ADVgen	DEGRE=-
après	après	PRE	MORPH=empty
Fromondin	Fromondin	NOMpro	NOMB.=s|GENRE=m|CAS=r

Son	son4	DETpos	PERS.=3|NOMB.=s|GENRE=m|CAS=r
renc	renc	NOMcom	NOMB.=s|GENRE=m|CAS=r
sormonte	sormonter	VERcjg	MODE=ind|TEMPS=pst|PERS.=3|NOMB.=s
s	si	ADVgen	DEGRE=-
a	avoir	VERcjg	MODE=ind|TEMPS=pst|PERS.=3|NOMB.=s
son	son4	DETpos	PERS.=3|NOMB.=s|GENRE=m|CAS=r
poindre	poindre	NOMcom	NOMB.=s|GENRE=m|CAS=r
forni	fornir	VERppe	NOMB.=s|GENRE=m|CAS=r

Entre	entre2	PRE	MORPH=empty
II	deus	DETcar	NOMB.=p|GENRE=m|CAS=r
rens	renc	NOMcom	NOMB.=p|GENRE=m|CAS=r
vus	vos	PROper	PERS.=2|NOMB.=p|GENRE=m|CAS=i
abati	abatre	VERppe	NOMB.=s|GENRE=m|CAS=r
Tierri	Thierri	NOMpro	NOMB.=s|GENRE=m|CAS=r

Devers	devers	PRE	MORPH=empty
senestre	senestre	NOMcom	NOMB.=s|GENRE=f|CAS=r
le	le	DETdef	NOMB.=s|GENRE=m|CAS=r
Flamant	Flamenc	NOMpro	NOMB.=s|GENRE=m|CAS=r
Baudoïn	Baudoïn	NOMpro	NOMB.=s|GENRE=m|CAS=r

Bien	bien1	ADVgen	DEGRE=p
puet	pöoir	VERcjg	MODE=ind|TEMPS=pst|PERS.=3|NOMB.=s
li	le	DETdef	NOMB.=s|GENRE=m|CAS=n
enfes	enfant	NOMcom	NOMB.=s|GENRE=m|CAS=n
son	son4	DETpos	PERS.=3|NOMB.=s|GENRE=m|CAS=r
haut	haut	ADJqua	NOMB.=s|GENRE=m|CAS=r|DEGRE=p
poindre	poindre	NOMcom	NOMB.=s|GENRE=m|CAS=r
fornir	fornir	VERinf	MORPH=empty

A	a3	PRE	MORPH=empty
tant	tant	DETind	NOMB.=p|GENRE=m|CAS=r
de	de	PRE	MORPH=empty
gent	gent1	NOMcom	NOMB.=p|GENRE=m|CAS=r
comme	come1	CONsub	MORPH=empty
il	il	PROper	PERS.=3|NOMB.=s|GENRE=m|CAS=n
vint	venir	VERcjg	MODE=ind|TEMPS=psp|PERS.=3|NOMB.=s
après	après	PRE	MORPH=empty
li	il	PROper	PERS.=3|NOMB.=s|GENRE=m|CAS=i

Que	que4	CONsub	MORPH=empty
ja	ja	ADVgen	DEGRE=-
par	par	PRE	MORPH=empty
home	ome	NOMcom	NOMB.=s|GENRE=m|CAS=r
n	ne1	ADVneg	MORPH=empty
i	i2	PROadv	MORPH=empty
avra	avoir	VERcjg	MODE=ind|TEMPS=fut|PERS.=3|NOMB.=s
contredit	contredit	NOMcom	NOMB.=s|GENRE=m|CAS=r

Juques	jusque	PRE	MORPH=empty
dus	duc2	NOMcom	NOMB.=s|GENRE=m|CAS=r
Begues	Begues	NOMpro	NOMB.=s|GENRE=m|CAS=r
n	ne1	ADVneg	MORPH=empty
i	i2	PROadv	MORPH=empty
vegne	venir	VERcjg	MODE=sub|TEMPS=pst|PERS.=3|NOMB.=s
de	de	PRE	MORPH=empty
Belin	Belin	NOMpro	NOMB.=s|GENRE=x|CAS=r

Et	et	CONcoo	MORPH=empty
son	son4	DETpos	PERS.=3|NOMB.=s|GENRE=m|CAS=n
neveu	nevo	NOMcom	NOMB.=s|GENRE=m|CAS=n
le	le	DETdef	NOMB.=s|GENRE=m|CAS=n
Borgoing	Borguignon	NOMpro	NOMB.=s|GENRE=m|CAS=n
Auberi	Auberi	NOMpro	NOMB.=s|GENRE=m|CAS=n

Mes	mais1	CONcoo	MORPH=empty
il	il	PROper	PERS.=3|NOMB.=p|GENRE=m|CAS=n
se	soi1	PROper	PERS.=3|NOMB.=p|GENRE=m|CAS=r
dorment	dormir	VERcjg	MODE=ind|TEMPS=pst|PERS.=3|NOMB.=p
si	si	ADVgen	DEGRE=-
com	come1	CONsub	MORPH=empty
il	il	PROimp	PERS.=0|NOMB.=s|GENRE=n|CAS=n
m	je	PROper	PERS.=1|NOMB.=s|GENRE=m|CAS=i
est	estre1	VERcjg	MODE=ind|TEMPS=pst|PERS.=3|NOMB.=s
avis	avis	NOMcom	NOMB.=s|GENRE=m|CAS=r

Et	et	CONcoo	MORPH=empty
li	le	DETdef	NOMB.=p|GENRE=m|CAS=n
conroi	conroi	NOMcom	NOMB.=p|GENRE=m|CAS=n
furent	estre1	VERcjg	MODE=ind|TEMPS=psp|PERS.=3|NOMB.=p
ensemble	ensemble	ADVgen	DEGRE=-
mis	metre2	VERppe	NOMB.=p|GENRE=m|CAS=n

La	là	ADVgen	DEGRE=-
veïssiez	vëoir	VERcjg	MODE=ind|TEMPS=ipf|PERS.=3|NOMB.=p
grosses	gros	ADJqua	NOMB.=p|GENRE=f|CAS=r|DEGRE=p
lances	lance	NOMcom	NOMB.=p|GENRE=f|CAS=r
tenir	tenir1	VERinf	MORPH=empty

Et	et	CONcoo	MORPH=empty
chevaliers	chevalier	NOMcom	NOMB.=p|GENRE=m|CAS=r
contre	contre	PRE	MORPH=empty
terre	terre	NOMcom	NOMB.=s|GENRE=f|CAS=r
flatir	flatir	VERinf	MORPH=empty

Dont	dont	PROrel	NOMB.=p|GENRE=m|CAS=i
li	le	DETdef	NOMB.=p|GENRE=m|CAS=n
cheval	cheval	NOMcom	NOMB.=p|GENRE=m|CAS=n
fuient	fuir	VERcjg	MODE=ind|TEMPS=pst|PERS.=3|NOMB.=p
par	par	PRE	MORPH=empty
le	le	DETdef	NOMB.=s|GENRE=m|CAS=r
larris	larriz	NOMcom	NOMB.=s|GENRE=m|CAS=r

Et	et	CONcoo	MORPH=empty
li	le	DETdef	NOMB.=p|GENRE=m|CAS=n
navré	navrer	VERppe	NOMB.=p|GENRE=m|CAS=n
se	soi1	PROper	PERS.=3|NOMB.=p|GENRE=m|CAS=r
claimment	clamer	VERcjg	MODE=ind|TEMPS=pst|PERS.=3|NOMB.=p
las	las	ADJqua	NOMB.=p|GENRE=m|CAS=n|DEGRE=p
chetis	chaitif	NOMcom	NOMB.=p|GENRE=m|CAS=n

Lieve	lever	VERcjg	MODE=ind|TEMPS=pst|PERS.=3|NOMB.=s
la	le	DETdef	NOMB.=s|GENRE=f|CAS=r
noise	noise	NOMcom	NOMB.=s|GENRE=f|CAS=r
et	et	CONcoo	MORPH=empty
enforce	enforcier1	VERcjg	MODE=ind|TEMPS=pst|PERS.=3|NOMB.=s
li	le	DETdef	NOMB.=p|GENRE=m|CAS=r
criz	cri	NOMcom	NOMB.=p|GENRE=m|CAS=r

En	en1	PRE	MORPH=empty
IIII	catre	DETcar	NOMB.=p|GENRE=m|CAS=r
leus	lieu	NOMcom	NOMB.=p|GENRE=m|CAS=r
ou	o3	CONcoo	MORPH=empty
en	en1	PRE	MORPH=empty
V	cinc	PROcar	NOMB.=p|GENRE=m|CAS=r
ou	o3	CONcoo	MORPH=empty
en	en1	PRE	MORPH=empty
VI	sis2	PROcar	NOMB.=p|GENRE=m|CAS=r

Fu	estre1	VERcjg	MODE=ind|TEMPS=psp|PERS.=3|NOMB.=s
li	le	DETdef	NOMB.=s|GENRE=m|CAS=n
tornoiz	tornoi	NOMcom	NOMB.=s|GENRE=m|CAS=n
et	et	CONcoo	MORPH=empty
li	le	DETdef	NOMB.=s|GENRE=m|CAS=n
abateïz	abatëiz	NOMcom	NOMB.=s|GENRE=m|CAS=n

Qui	qui	PROrel	NOMB.=s|GENRE=m|CAS=n
duc	duc2	NOMcom	NOMB.=s|GENRE=m|CAS=r
veïst	vëoir	VERcjg	MODE=sub|TEMPS=ipf|PERS.=3|NOMB.=s
Guillaume	Guilaume	NOMpro	NOMB.=s|GENRE=m|CAS=r
de	de	PRE	MORPH=empty
Monclin	Monclin	NOMpro	NOMB.=s|GENRE=x|CAS=r

Et	et	CONcoo	MORPH=empty
dant	dan2	NOMcom	NOMB.=s|GENRE=m|CAS=r
Bernart	Bernart	NOMpro	NOMB.=s|GENRE=m|CAS=n
le	le	DETdef	NOMB.=s|GENRE=m|CAS=r
segnor	seignor	NOMcom	NOMB.=s|GENRE=m|CAS=r
de	de	PRE	MORPH=empty
Nesil	Nesil	NOMpro	NOMB.=s|GENRE=x|CAS=r

Et	et	CONcoo	MORPH=empty
la	le	DETdef	NOMB.=s|GENRE=f|CAS=r
mesniee	maisniee	NOMcom	NOMB.=s|GENRE=f|CAS=r
Fromont	Fromund	NOMpro	NOMB.=s|GENRE=m|CAS=r
le	le	DETdef	NOMB.=s|GENRE=m|CAS=r
posteïf	pöestëif	NOMcom	NOMB.=s|GENRE=m|CAS=r

Aus	a3+le	PRE.DETdef	NOMB.=p|GENRE=m|CAS=r
brans	brant1	NOMcom	NOMB.=p|GENRE=m|CAS=r
d	de	PRE	MORPH=empty
acier	acier	NOMcom	NOMB.=s|GENRE=m|CAS=r
la	le	DETdef	NOMB.=s|GENRE=f|CAS=r
presse	presse	NOMcom	NOMB.=s|GENRE=f|CAS=r
departir	departir	VERinf	MORPH=empty

Tretoz	trestot	DETind	NOMB.=s|GENRE=m|CAS=n
li	le	DETdef	NOMB.=s|GENRE=m|CAS=n
fes	fais	NOMcom	NOMB.=s|GENRE=m|CAS=n
en	en2	PROadv	MORPH=empty
vint	venir	VERcjg	MODE=ind|TEMPS=psp|PERS.=3|NOMB.=s
desus	desus	PRE	MORPH=empty
Garin	Garin	NOMpro	NOMB.=s|GENRE=m|CAS=r

IIII	catre	DETcar	NOMB.=p|GENRE=m|CAS=r
chevaus	cheval	NOMcom	NOMB.=p|GENRE=m|CAS=r
li	il	PROper	PERS.=3|NOMB.=s|GENRE=m|CAS=i
ont	avoir	VERcjg	MODE=ind|TEMPS=pst|PERS.=3|NOMB.=p
souz	soz	PRE	MORPH=empty
li	il	PROper	PERS.=3|NOMB.=s|GENRE=m|CAS=i
ocis	ocire	VERppe	NOMB.=p|GENRE=m|CAS=r

Li	le	DETdef	NOMB.=s|GENRE=m|CAS=n
dus	duc2	NOMcom	NOMB.=s|GENRE=m|CAS=n
s	soi1	PROper	PERS.=3|NOMB.=s|GENRE=m|CAS=r
en	en2	PROadv	MORPH=empty
torne	torner	VERcjg	MODE=ind|TEMPS=pst|PERS.=3|NOMB.=s
qui	qui	PROrel	NOMB.=s|GENRE=m|CAS=n
ne	ne1	ADVneg	MORPH=empty
pot	pöoir	VERcjg	MODE=ind|TEMPS=pst|PERS.=3|NOMB.=s
plus	plus	ADVgen	DEGRE=-
souffrir	sofrir	VERinf	MORPH=empty

Desconfit	desconfire	VERppe	NOMB.=p|GENRE=m|CAS=n
fussent	estre1	VERcjg	MODE=sub|TEMPS=ipf|PERS.=3|NOMB.=p
François	François	NOMpro	NOMB.=p|GENRE=m|CAS=n
et	et	CONcoo	MORPH=empty
Engevin	Angevin	NOMpro	NOMB.=p|GENRE=m|CAS=n

Breton	Breton	NOMpro	NOMB.=p|GENRE=m|CAS=n
Normant	Normant	NOMpro	NOMB.=p|GENRE=m|CAS=n
por	par	PRE	MORPH=empty
le	le	DETdef	NOMB.=s|GENRE=m|CAS=r
fes	fais	NOMcom	NOMB.=s|GENRE=m|CAS=r
soutenir	sostenir	VERinf	MORPH=empty

Mais	mais1	CONcoo	MORPH=empty
les	le	DETdef	NOMB.=p|GENRE=m|CAS=n
granz	grant	ADJqua	NOMB.=p|GENRE=m|CAS=n|DEGRE=p
genz	gent1	NOMcom	NOMB.=p|GENRE=m|CAS=n
Fromont	Fromund	NOMpro	NOMB.=s|GENRE=m|CAS=r
le	le	DETdef	NOMB.=s|GENRE=m|CAS=r
posteïf	pöestëif	NOMcom	NOMB.=s|GENRE=m|CAS=r

Sus	sus	PRE	MORPH=empty
l	le	DETdef	NOMB.=s|GENRE=m|CAS=r
estendart	estandart	NOMcom	NOMB.=s|GENRE=m|CAS=r
font	faire	VERcjg	MODE=ind|TEMPS=pst|PERS.=3|NOMB.=p
les	le	DETdef	NOMB.=p|GENRE=m|CAS=r
noz	no1	NOMcom	NOMB.=p|GENRE=m|CAS=r
resortir	resortir	VERinf	MORPH=empty

Dieus	dieu	NOMpro	NOMB.=s|GENRE=m|CAS=n
dit	dire	VERcjg	MODE=ind|TEMPS=pst|PERS.=3|NOMB.=s
li	le	DETdef	NOMB.=s|GENRE=m|CAS=n
rois	roi2	NOMcom	NOMB.=s|GENRE=m|CAS=n
aïde	äie	NOMcom	NOMB.=s|GENRE=f|CAS=r
S	saint	NOMpro	NOMB.=s|GENRE=m|CAS=n
Denis	Denis	NOMpro	NOMB.=s|GENRE=m|CAS=n

Deffendez	defendre	VERcjg	MODE=imp|PERS.=2|NOMB.=p
moi	je	PROper	PERS.=1|NOMB.=s|GENRE=m|CAS=r
ne	ne1	ADVneg	MORPH=empty
soie	estre1	VERcjg	MODE=sub|TEMPS=pst|PERS.=1|NOMB.=s
morz	morir	VERppe	NOMB.=s|GENRE=m|CAS=n
ne	ne2	CONcoo	MORPH=empty
pris	prendre	VERppe	NOMB.=s|GENRE=m|CAS=n

Icete	icest	DETdem	NOMB.=s|GENRE=f|CAS=r
gent	gent1	NOMcom	NOMB.=s|GENRE=f|CAS=r
ne	ne1	ADVneg	MORPH=empty
porroit	pöoir	VERcjg	MODE=con|PERS.=3|NOMB.=s
nus	nos1	PROper	PERS.=1|NOMB.=p|GENRE=m|CAS=r
souffrir	sofrir	VERinf	MORPH=empty

Et	et	CONcoo	MORPH=empty
ou	où	ADVint	MORPH=empty
est	estre1	VERcjg	MODE=ind|TEMPS=pst|PERS.=3|NOMB.=s
ore	or4	ADVgen	DEGRE=-
dus	duc2	NOMcom	NOMB.=s|GENRE=m|CAS=n
Begues	Begues	NOMpro	NOMB.=s|GENRE=m|CAS=n
de	de	PRE	MORPH=empty
Belin	Belin	NOMpro	NOMB.=s|GENRE=x|CAS=r

Qui	qui	PROrel	NOMB.=s|GENRE=m|CAS=n
a	a3	PRE	MORPH=empty
els	il	PROper	PERS.=3|NOMB.=p|GENRE=m|CAS=i
s	soi1	PROper	PERS.=3|NOMB.=s|GENRE=m|CAS=r
est	estre1	VERcjg	MODE=ind|TEMPS=pst|PERS.=3|NOMB.=s
durement	durement	ADVgen	DEGRE=-
aatiz	aatir	VERppe	NOMB.=s|GENRE=m|CAS=n

I	un	DETndf	NOMB.=s|GENRE=m|CAS=n
chevalier	chevalier	NOMcom	NOMB.=s|GENRE=m|CAS=n
qui	qui	PROrel	NOMB.=s|GENRE=m|CAS=n
de	de	PRE	MORPH=empty
langue	langue1	NOMcom	NOMB.=s|GENRE=f|CAS=r
servi	servir	VERcjg	MODE=ind|TEMPS=psp|PERS.=3|NOMB.=s

En	en1	PRE	MORPH=empty
nom	nom	NOMcom	NOMB.=s|GENRE=m|CAS=r
Dieu	dieu	NOMpro	NOMB.=s|GENRE=m|CAS=r
sire	seignor	NOMcom	NOMB.=s|GENRE=m|CAS=n
ce	ce1	PROdem	NOMB.=s|GENRE=n|CAS=n
fu	estre1	VERcjg	MODE=ind|TEMPS=psp|PERS.=3|NOMB.=s
aprés	après	PRE	MORPH=empty
le	le	DETdef	NOMB.=s|GENRE=m|CAS=r
vin	vin	NOMcom	NOMB.=s|GENRE=m|CAS=r

Oublié	oblïer	VERppe	NOMB.=s|GENRE=m|CAS=r
l	il	PROper	PERS.=3|NOMB.=s|GENRE=m|CAS=r
a	avoir	VERcjg	MODE=ind|TEMPS=pst|PERS.=3|NOMB.=s
en	en1	PRE	MORPH=empty
nonchaloir	nonchaloir	VERinf	MORPH=empty
l	il	PROper	PERS.=3|NOMB.=s|GENRE=m|CAS=r
a	avoir	VERcjg	MODE=ind|TEMPS=pst|PERS.=3|NOMB.=s
mis	metre2	VERppe	NOMB.=s|GENRE=m|CAS=r

Vus	vos	PROper	PERS.=2|NOMB.=p|GENRE=m|CAS=n
nu	ne1+il	ADVneg.PROper	PERS.=3|NOMB.=s|GENRE=m|CAS=r
verroiz	vëoir	VERcjg	MODE=ind|TEMPS=fut|PERS.=2|NOMB.=p
hui	ui	ADVgen	DEGRE=-
en	en1	PRE	MORPH=empty
estor	estor2	NOMcom	NOMB.=s|GENRE=m|CAS=r
venir	venir	VERinf	MORPH=empty

I	un	DETndf	NOMB.=s|GENRE=m|CAS=n
escuier	escuier2	NOMcom	NOMB.=s|GENRE=m|CAS=n
que	que2	PROrel	NOMB.=s|GENRE=m|CAS=r
Begues	Begues	NOMpro	NOMB.=s|GENRE=m|CAS=n
ot	avoir	VERcjg	MODE=ind|TEMPS=psp|PERS.=3|NOMB.=s
norri	norrir	VERppe	NOMB.=s|GENRE=m|CAS=r

Molt	mout	ADVgen	DEGRE=-
l	il	PROper	PERS.=3|NOMB.=s|GENRE=m|CAS=r
en	en2	PROadv	MORPH=empty
pesa	peser	VERcjg	MODE=ind|TEMPS=psp|PERS.=3|NOMB.=s
quant	cant1	CONsub	MORPH=empty
la	le	DETdef	NOMB.=s|GENRE=f|CAS=r
parole	parole	NOMcom	NOMB.=s|GENRE=f|CAS=r
oï	öir	VERcjg	MODE=ind|TEMPS=psp|PERS.=3|NOMB.=s

Molt	mout	ADVgen	DEGRE=-
fierement	fierement	ADVgen	DEGRE=-
parole	parler	VERcjg	MODE=ind|TEMPS=pst|PERS.=3|NOMB.=s
et	et	CONcoo	MORPH=empty
si	si	ADVgen	DEGRE=-
li	il	PROper	PERS.=3|NOMB.=s|GENRE=m|CAS=i
dit	dire	VERcjg	MODE=ind|TEMPS=pst|PERS.=3|NOMB.=s

Danz	dan2	NOMcom	NOMB.=s|GENRE=m|CAS=n
chevaliers	chevalier	NOMcom	NOMB.=s|GENRE=m|CAS=n
vos	vos	PROper	PERS.=2|NOMB.=p|GENRE=m|CAS=n
i	i2	PROadv	MORPH=empty
avez	avoir	VERcjg	MODE=ind|TEMPS=pst|PERS.=2|NOMB.=p
menti	mentir	VERppe	NOMB.=s|GENRE=m|CAS=r

Li	le	DETdef	NOMB.=s|GENRE=m|CAS=n
dus	duc2	NOMcom	NOMB.=s|GENRE=m|CAS=n
se	soi1	PROper	PERS.=3|NOMB.=s|GENRE=m|CAS=r
dort	dormir	VERcjg	MODE=ind|TEMPS=pst|PERS.=3|NOMB.=s
qui	qui	PROrel	NOMB.=s|GENRE=m|CAS=n
anuit	anuit	ADVgen	DEGRE=-
l	le	DETdef	NOMB.=s|GENRE=m|CAS=r
aguet	agait	NOMcom	NOMB.=s|GENRE=m|CAS=r
fist	faire	VERcjg	MODE=ind|TEMPS=psp|PERS.=3|NOMB.=s

Geu	je	PROper	PERS.=1|NOMB.=s|GENRE=m|CAS=n
vuel	voloir	VERcjg	MODE=ind|TEMPS=pst|PERS.=1|NOMB.=s
aler	aler	VERinf	MORPH=empty
orendroit	orendroit	ADVgen	DEGRE=-
estormir	estormir	VERinf	MORPH=empty

Le	le	DETdef	NOMB.=s|GENRE=m|CAS=r
destrier	destrier1	NOMcom	NOMB.=s|GENRE=m|CAS=r
point	poindre	VERcjg	MODE=ind|TEMPS=pst|PERS.=3|NOMB.=s
des	de+le	PRE.DETdef	NOMB.=p|GENRE=m|CAS=r
esperons	esperon	NOMcom	NOMB.=p|GENRE=m|CAS=r
d	de	PRE	MORPH=empty
or	or1	NOMcom	NOMB.=s|GENRE=m|CAS=r
fin	fin2	ADJqua	NOMB.=s|GENRE=m|CAS=r|DEGRE=p

Dedenz	dedenz	PRE	MORPH=empty
le	le	DETdef	NOMB.=s|GENRE=m|CAS=r
tref	tref2	NOMcom	NOMB.=s|GENRE=m|CAS=r
entra	entrer	VERcjg	MODE=ind|TEMPS=psp|PERS.=3|NOMB.=s
ou	où	PROrel	NOMB.=s|GENRE=n|CAS=r
li	le	DETdef	NOMB.=s|GENRE=m|CAS=n
dus	duc2	NOMcom	NOMB.=s|GENRE=m|CAS=n
gist	jesir	VERcjg	MODE=ind|TEMPS=pst|PERS.=3|NOMB.=s

Levez	lever	VERcjg	MODE=imp|PERS.=2|NOMB.=p
sus	sus	ADVgen	DEGRE=-
sire	seignor	NOMcom	NOMB.=s|GENRE=m|CAS=n
trop	trop	ADVgen	DEGRE=-
i	i2	PROadv	MORPH=empty
poëz	pöoir	VERcjg	MODE=ind|TEMPS=pst|PERS.=2|NOMB.=p
dormir	dormir	VERinf	MORPH=empty

Que	que4	CONsub	MORPH=empty
li	le	DETdef	NOMB.=s|GENRE=m|CAS=n
tornoiz	tornoi	NOMcom	NOMB.=s|GENRE=m|CAS=n
se	soi1	PROper	PERS.=3|NOMB.=s|GENRE=m|CAS=r
velt	voloir	VERcjg	MODE=ind|TEMPS=pst|PERS.=3|NOMB.=s
ja	ja	ADVgen	DEGRE=-
departir	departir	VERinf	MORPH=empty

A	a3	PRE	MORPH=empty
la	le	DETdef	NOMB.=s|GENRE=f|CAS=r
promesse	promesse	NOMcom	NOMB.=s|GENRE=f|CAS=r
ce	ce1	PROdem	NOMB.=s|GENRE=n|CAS=r
cuit	cuidier1	VERcjg	MODE=ind|TEMPS=pst|PERS.=3|NOMB.=s
avez	avoir	VERcjg	MODE=ind|TEMPS=pst|PERS.=2|NOMB.=p
failli	falir	VERppe	NOMB.=s|GENRE=m|CAS=r

Que	que2	PROrel	NOMB.=s|GENRE=f|CAS=r
vos	vos	PROper	PERS.=2|NOMB.=p|GENRE=m|CAS=n
feistes	faire	VERcjg	MODE=ind|TEMPS=psp|PERS.=2|NOMB.=p
Rigaut	Rigaut	NOMpro	NOMB.=s|GENRE=m|CAS=r
le	le	DETdef	NOMB.=s|GENRE=m|CAS=r
filz	fil2	NOMcom	NOMB.=s|GENRE=m|CAS=r
Hervi	Hervis	NOMpro	NOMB.=s|GENRE=m|CAS=r

Ça	ça	ADVgen	DEGRE=-
mon	mon1	DETpos	PERS.=1|NOMB.=s|GENRE=m|CAS=r
cheval	cheval	NOMcom	NOMB.=s|GENRE=m|CAS=r
li	le	DETdef	NOMB.=s|GENRE=m|CAS=n
Loherans	loherenc	NOMpro	NOMB.=s|GENRE=m|CAS=n
a	avoir	VERcjg	MODE=ind|TEMPS=pst|PERS.=3|NOMB.=s
dit	dire	VERppe	NOMB.=s|GENRE=m|CAS=r

Envoiez	envoiier	VERcjg	MODE=imp|PERS.=2|NOMB.=p
querre	querre	VERinf	MORPH=empty
mon	mon1	DETpos	PERS.=1|NOMB.=s|GENRE=m|CAS=r
neveu	nevo	NOMcom	NOMB.=s|GENRE=m|CAS=r
Auberi	Auberi	NOMpro	NOMB.=s|GENRE=m|CAS=r

Ainz	ainz	ADVgen	DEGRE=-
que	que4	CONsub	MORPH=empty
li	le	DETdef	NOMB.=s|GENRE=m|CAS=n
dus	duc2	NOMcom	NOMB.=s|GENRE=m|CAS=n
sus	sus	PRE	MORPH=empty
son	son4	DETpos	PERS.=3|NOMB.=s|GENRE=m|CAS=r
cheval	cheval	NOMcom	NOMB.=s|GENRE=m|CAS=r
seïst	sëoir	VERcjg	MODE=ind|TEMPS=psp|PERS.=3|NOMB.=s

Li	le	DETdef	NOMB.=p|GENRE=m|CAS=n
baron	baron	NOMcom	NOMB.=p|GENRE=m|CAS=n
viennent	venir	VERcjg	MODE=ind|TEMPS=pst|PERS.=3|NOMB.=p
et	et	CONcoo	MORPH=empty
li	le	DETdef	NOMB.=s|GENRE=m|CAS=n
dus	duc2	NOMcom	NOMB.=s|GENRE=m|CAS=n
Auberis	Auberi	NOMpro	NOMB.=s|GENRE=m|CAS=n

Molt	mout	ADVgen	DEGRE=-
doucement	doucement	ADVgen	DEGRE=-
lor	il	PROper	PERS.=3|NOMB.=p|GENRE=m|CAS=i
a	avoir	VERcjg	MODE=ind|TEMPS=pst|PERS.=3|NOMB.=s
proié	priier	VERppe	NOMB.=s|GENRE=m|CAS=r
et	et	CONcoo	MORPH=empty
dit	dire	VERppe	NOMB.=s|GENRE=m|CAS=r

Segnor	seignor	NOMcom	NOMB.=p|GENRE=m|CAS=n
baron	baron	NOMcom	NOMB.=p|GENRE=m|CAS=n
je	je	PROper	PERS.=1|NOMB.=s|GENRE=m|CAS=n
me	je	PROper	PERS.=1|NOMB.=s|GENRE=m|CAS=r
sui	estre1	VERcjg	MODE=ind|TEMPS=pst|PERS.=1|NOMB.=s
aatiz	aatir	VERppe	NOMB.=s|GENRE=m|CAS=n

Envers	envers2	PRE	MORPH=empty
Fromont	Fromund	NOMpro	NOMB.=s|GENRE=m|CAS=r
et	et	CONcoo	MORPH=empty
envers	envers2	PRE	MORPH=empty
Fromondin	Fromondin	NOMpro	NOMB.=s|GENRE=m|CAS=r

De	de	PRE	MORPH=empty
mort	mort	NOMcom	NOMB.=s|GENRE=f|CAS=r
me	je	PROper	PERS.=1|NOMB.=s|GENRE=m|CAS=r
heent	häir	VERcjg	MODE=ind|TEMPS=pst|PERS.=3|NOMB.=p
bien	bien1	ADVgen	DEGRE=p
le	il	PROimp	PERS.=0|NOMB.=s|GENRE=n|CAS=r
savez	savoir	VERcjg	MODE=ind|TEMPS=pst|PERS.=2|NOMB.=p
de	de	PRE	MORPH=empty
fi	fi2	ADJqua	NOMB.=s|GENRE=n|CAS=r|DEGRE=p

Encui	encui	ADVgen	DEGRE=-
verroiz	vëoir	VERcjg	MODE=ind|TEMPS=fut|PERS.=2|NOMB.=p
bon	bon	ADJqua	NOMB.=s|GENRE=m|CAS=r|DEGRE=p
chevalier	chevalier	NOMcom	NOMB.=s|GENRE=m|CAS=r
en	en1	PRE	MORPH=empty
mi	mi2	NOMcom	NOMB.=s|GENRE=m|CAS=r

Prenez	prendre	VERcjg	MODE=imp|PERS.=2|NOMB.=p
vos	vos	PROper	PERS.=2|NOMB.=p|GENRE=m|CAS=n
garde	garde	NOMcom	NOMB.=s|GENRE=f|CAS=r
de	de	PRE	MORPH=empty
moi	je	PROper	PERS.=1|NOMB.=s|GENRE=m|CAS=i
je	je	PROper	PERS.=1|NOMB.=s|GENRE=m|CAS=n
vus	vos	PROper	PERS.=2|NOMB.=p|GENRE=m|CAS=r
en	en2	PROadv	MORPH=empty
pri	priier	VERcjg	MODE=ind|TEMPS=pst|PERS.=1|NOMB.=s

Molt	mout	ADVgen	DEGRE=-
volentieirs	volentiers	ADVgen	DEGRE=-
sire	seignor	NOMcom	NOMB.=s|GENRE=m|CAS=n
dist	dire	VERcjg	MODE=ind|TEMPS=pst|PERS.=3|NOMB.=s
Auberis	Auberi	NOMpro	NOMB.=s|GENRE=m|CAS=n

Li	le	DETdef	NOMB.=s|GENRE=m|CAS=n
dus	duc2	NOMcom	NOMB.=s|GENRE=m|CAS=n
s	soi1	PROper	PERS.=3|NOMB.=s|GENRE=m|CAS=r
entorne	encouper1	VERcjg	MODE=ind|TEMPS=pst|PERS.=3|NOMB.=s
et	et	CONcoo	MORPH=empty
ses	son4	DETpos	PERS.=3|NOMB.=p|GENRE=m|CAS=n
genz	gent1	NOMcom	NOMB.=p|GENRE=m|CAS=n
autresi	autresi	ADVgen	DEGRE=-

Bruient	brüir	VERcjg	MODE=ind|TEMPS=pst|PERS.=3|NOMB.=p
banieres	baniere	NOMcom	NOMB.=p|GENRE=f|CAS=r
et	et	CONcoo	MORPH=empty
panoncel	penoncel	NOMcom	NOMB.=p|GENRE=m|CAS=r
petiz	petit	ADJqua	NOMB.=p|GENRE=m|CAS=r|DEGRE=p

Cil	cel	DETdem	NOMB.=p|GENRE=m|CAS=r
escu	escu	NOMcom	NOMB.=p|GENRE=m|CAS=r
hurtent	hurter	VERcjg	MODE=ind|TEMPS=pst|PERS.=3|NOMB.=p
aus	a3+le	PRE.DETdef	NOMB.=p|GENRE=m|CAS=r
hiaumes	heaume	NOMcom	NOMB.=p|GENRE=m|CAS=r
poitevins	poitevin	ADJqua	NOMB.=p|GENRE=m|CAS=r|DEGRE=p

Et	et	CONcoo	MORPH=empty
li	le	DETdef	NOMB.=p|GENRE=m|CAS=r
hauberc	hauberc	NOMcom	NOMB.=p|GENRE=m|CAS=r
aus	a3+le	PRE.DETdef	NOMB.=p|GENRE=m|CAS=r
seles	sele	NOMcom	NOMB.=p|GENRE=m|CAS=r
a	a3	PRE	MORPH=empty
or	or1	NOMcom	NOMB.=s|GENRE=m|CAS=r
fin	fin2	ADJqua	NOMB.=s|GENRE=m|CAS=r|DEGRE=p

Lieve	lever	VERcjg	MODE=ind|TEMPS=pst|PERS.=3|NOMB.=s
la	le	DETdef	NOMB.=s|GENRE=f|CAS=n
poudre	poudre	NOMcom	NOMB.=s|GENRE=f|CAS=n
et	et	CONcoo	MORPH=empty
li	le	DETdef	NOMB.=s|GENRE=m|CAS=n
airs	air1	NOMcom	NOMB.=s|GENRE=m|CAS=n
obscuri	oscurcir	VERcjg	MODE=ind|TEMPS=pst|PERS.=3|NOMB.=s

Li	le	DETdef	NOMB.=p|GENRE=m|CAS=n
caillou	chaillo	NOMcom	NOMB.=p|GENRE=m|CAS=n
brisent	brisier	VERcjg	MODE=ind|TEMPS=pst|PERS.=3|NOMB.=p
et	et	CONcoo	MORPH=empty
li	le	DETdef	NOMB.=s|GENRE=m|CAS=n
feus	feu	NOMcom	NOMB.=s|GENRE=m|CAS=n
en	en2	PROadv	MORPH=empty
sailli	salir2	VERcjg	MODE=ind|TEMPS=psp|PERS.=3|NOMB.=s

I	un	DETcar	NOMB.=s|GENRE=m|CAS=r
grant	grant	ADJqua	NOMB.=s|GENRE=m|CAS=r|DEGRE=p
arpent	arpent	NOMcom	NOMB.=s|GENRE=m|CAS=r
dus	duc2	NOMcom	NOMB.=s|GENRE=m|CAS=n
Begues	Begues	NOMpro	NOMB.=s|GENRE=m|CAS=n
de	de	PRE	MORPH=empty
Belin	Belin	NOMpro	NOMB.=s|GENRE=x|CAS=r

S	soi1	PROper	PERS.=3|NOMB.=s|GENRE=m|CAS=r
en	en2	PROadv	MORPH=empty
vint	venir	VERcjg	MODE=ind|TEMPS=psp|PERS.=3|NOMB.=s
avant	avant	ADVgen	DEGRE=-
plus	plus	ADVgen	DEGRE=-
c	que1	CONsub	MORPH=empty
uns	un	DETndf	NOMB.=s|GENRE=m|CAS=n
ars	arc	NOMcom	NOMB.=s|GENRE=m|CAS=n
ne	ne1	ADVneg	MORPH=empty
tressist	tressalir	VERcjg	MODE=ind|TEMPS=psp|PERS.=3|NOMB.=s

Bernart	Bernart	NOMpro	NOMB.=s|GENRE=m|CAS=r
encontre	encontrer	VERcjg	MODE=ind|TEMPS=pst|PERS.=3|NOMB.=s
si	si	ADVgen	DEGRE=-
l	il	PROper	PERS.=3|NOMB.=s|GENRE=m|CAS=r
a	avoir	VERcjg	MODE=ind|TEMPS=pst|PERS.=3|NOMB.=s
a	a3	PRE	MORPH=empty
reson	raison	NOMcom	NOMB.=s|GENRE=f|CAS=r
mis	metre2	VERppe	NOMB.=s|GENRE=m|CAS=r

Ou	où	PROint	NOMB.=s|GENRE=n|CAS=r
est	estre1	VERcjg	MODE=ind|TEMPS=pst|PERS.=3|NOMB.=s
alez	aler	VERppe	NOMB.=s|GENRE=m|CAS=n
vostre	vostre	DETpos	PERS.=2|NOMB.=s|GENRE=m|CAS=n
niès	nevo	NOMcom	NOMB.=s|GENRE=m|CAS=n
Fromondins	Fromondin	NOMpro	NOMB.=s|GENRE=m|CAS=n

Son	son4	DETpos	PERS.=3|NOMB.=s|GENRE=m|CAS=r
cheval	cheval	NOMcom	NOMB.=s|GENRE=m|CAS=r
ai	avoir	VERcjg	MODE=ind|TEMPS=pst|PERS.=3|NOMB.=s
donné	doner	VERppe	NOMB.=s|GENRE=m|CAS=r
a	a3	PRE	MORPH=empty
Rigaudin	Rigaudin	NOMpro	NOMB.=s|GENRE=m|CAS=r

Ne	ne1	ADVneg	MORPH=empty
l	il	PROper	PERS.=3|NOMB.=s|GENRE=m|CAS=r
avrez	avoir	VERcjg	MODE=ind|TEMPS=fut|PERS.=2|NOMB.=p
mie	mie	ADVneg	MORPH=empty
li	le	DETdef	NOMB.=s|GENRE=m|CAS=n
quens	conte1	NOMcom	NOMB.=s|GENRE=m|CAS=n
Bernarz	Bernart	NOMpro	NOMB.=s|GENRE=m|CAS=n
a	avoir	VERcjg	MODE=ind|TEMPS=pst|PERS.=3|NOMB.=s
dit	dire	VERppe	NOMB.=s|GENRE=m|CAS=r

Begues	Begues	NOMpro	NOMB.=s|GENRE=m|CAS=n
l	il	PROper	PERS.=3|NOMB.=s|GENRE=m|CAS=r
entent	entendre	VERcjg	MODE=ind|TEMPS=pst|PERS.=3|NOMB.=s
a	a3	PRE	MORPH=empty
pou	poi	ADVgen	DEGRE=-
n	ne1	ADVneg	MORPH=empty
enrage	enragier	VERcjg	MODE=ind|TEMPS=pst|PERS.=3|NOMB.=s
vis	vif	ADJqua	NOMB.=s|GENRE=m|CAS=n|DEGRE=p

Grant	grant	ADJqua	NOMB.=s|GENRE=m|CAS=r|DEGRE=p
cop	coup1	NOMcom	NOMB.=s|GENRE=m|CAS=r
li	il	PROper	PERS.=3|NOMB.=s|GENRE=m|CAS=i
donne	doner	VERcjg	MODE=ind|TEMPS=pst|PERS.=3|NOMB.=s
de	de	PRE	MORPH=empty
l	le	DETdef	NOMB.=s|GENRE=m|CAS=r
espié	espiet	NOMcom	NOMB.=s|GENRE=m|CAS=r
poitevin	poitevin	ADJqua	NOMB.=s|GENRE=m|CAS=r|DEGRE=p

Tout	tot	ADVgen	DEGRE=-
estendu	estendre	VERppe	NOMB.=s|GENRE=m|CAS=r
l	il	PROper	PERS.=3|NOMB.=s|GENRE=m|CAS=r
abat	abatre	VERcjg	MODE=ind|TEMPS=pst|PERS.=3|NOMB.=s
enz	enz	ADVgen	DEGRE=-
eu	en1+le	PRE.DETdef	NOMB.=s|GENRE=m|CAS=r
chemin	chemin	NOMcom	NOMB.=s|GENRE=m|CAS=r

Après	après	ADVgen	DEGRE=-
abat	abatre	VERcjg	MODE=ind|TEMPS=pst|PERS.=3|NOMB.=s
Guillaume	Guilaume	NOMpro	NOMB.=s|GENRE=m|CAS=r
de	de	PRE	MORPH=empty
Monclin	Monclin	NOMpro	NOMB.=s|GENRE=x|CAS=r

Le	le	DETdef	NOMB.=s|GENRE=m|CAS=r
tierz	tierz	PROord	NOMB.=s|GENRE=m|CAS=r
a	avoir	VERcjg	MODE=ind|TEMPS=pst|PERS.=3|NOMB.=s
fet	faire	VERppe	NOMB.=s|GENRE=m|CAS=r
de	de	PRE	MORPH=empty
male	mal1	ADJqua	NOMB.=s|GENRE=f|CAS=r|DEGRE=p
mort	mort	NOMcom	NOMB.=s|GENRE=f|CAS=r
morir	morir	VERinf	MORPH=empty

Sa	son4	DETpos	PERS.=3|NOMB.=s|GENRE=m|CAS=r
gent	gent1	NOMcom	NOMB.=s|GENRE=f|CAS=r
sormonte	sormonter	VERcjg	MODE=ind|TEMPS=pst|PERS.=3|NOMB.=s
s	si	ADVgen	DEGRE=-
a	avoir	VERcjg	MODE=ind|TEMPS=pst|PERS.=3|NOMB.=s
son	son4	DETpos	PERS.=3|NOMB.=s|GENRE=m|CAS=r
poindre	poindre	NOMcom	NOMB.=s|GENRE=m|CAS=r
forni	fornir	VERppe	NOMB.=s|GENRE=m|CAS=r

Et	et	CONcoo	MORPH=empty
tint	tenir1	VERcjg	MODE=ind|TEMPS=psp|PERS.=3|NOMB.=s
s	son4	DETpos	PERS.=3|NOMB.=s|GENRE=f|CAS=r
espee	espee	NOMcom	NOMB.=s|GENRE=f|CAS=r
Frobierge	Frobierge	NOMpro	NOMB.=s|GENRE=f|CAS=r
au	a3+le	PRE.DETdef	NOMB.=s|GENRE=m|CAS=r
pont	pont	NOMcom	NOMB.=s|GENRE=m|CAS=r
d	de	PRE	MORPH=empty
or	or1	NOMcom	NOMB.=s|GENRE=m|CAS=r
fin	fin2	ADJqua	NOMB.=s|GENRE=m|CAS=r|DEGRE=p

Entr	entre	PRE	MORPH=empty
eus	il	PROper	PERS.=3|NOMB.=p|GENRE=m|CAS=i
se	soi1	PROper	PERS.=3|NOMB.=s|GENRE=m|CAS=r
fiert	ferir	VERcjg	MODE=ind|TEMPS=pst|PERS.=3|NOMB.=s
li	le	DETdef	NOMB.=s|GENRE=m|CAS=n
dus	duc2	NOMcom	NOMB.=s|GENRE=m|CAS=n
et	et	CONcoo	MORPH=empty
si	si	ADVgen	DEGRE=-
s	soi1	PROper	PERS.=3|NOMB.=s|GENRE=m|CAS=r
i	i2	PROadv	MORPH=empty
mist	metre2	VERcjg	MODE=ind|TEMPS=psp|PERS.=3|NOMB.=s

Coupe	coper	VERcjg	MODE=ind|TEMPS=pst|PERS.=3|NOMB.=s
visages	visage	NOMcom	NOMB.=p|GENRE=m|CAS=r
et	et	CONcoo	MORPH=empty
cos	col	NOMcom	NOMB.=p|GENRE=m|CAS=r
et	et	CONcoo	MORPH=empty
braz	braz	NOMcom	NOMB.=p|GENRE=m|CAS=r
et	et	CONcoo	MORPH=empty
piz	piz	NOMcom	NOMB.=p|GENRE=m|CAS=r

A	a3	PRE	MORPH=empty
grant	grant	ADJqua	NOMB.=s|GENRE=f|CAS=r|DEGRE=p
dolor	dolor	NOMcom	NOMB.=s|GENRE=f|CAS=r
en	en2	PROadv	MORPH=empty
fet	faire	VERcjg	MODE=ind|TEMPS=pst|PERS.=3|NOMB.=s
ames	ame	NOMcom	NOMB.=p|GENRE=f|CAS=r
partir	partir	VERinf	MORPH=empty

Dieus	dieu	NOMpro	NOMB.=s|GENRE=m|CAS=n
a	a3	PRE	MORPH=empty
quel	quel1	DETrel	NOMB.=s|GENRE=f|CAS=r
poine	peine	NOMcom	NOMB.=s|GENRE=f|CAS=r
Guillaumes	Guilaume	NOMpro	NOMB.=s|GENRE=m|CAS=n
de	de	PRE	MORPH=empty
Monclin	Monclin	NOMpro	NOMB.=s|GENRE=x|CAS=r

Est	estre1	VERcjg	MODE=ind|TEMPS=pst|PERS.=3|NOMB.=s
remonttez	remonter	VERppe	NOMB.=s|GENRE=m|CAS=n
et	et	CONcoo	MORPH=empty
Bernarz	Bernart	NOMpro	NOMB.=s|GENRE=m|CAS=n
de	de	PRE	MORPH=empty
Nesil	Nesil	NOMpro	NOMB.=s|GENRE=x|CAS=r

Bien	bien1	ADVgen	DEGRE=p
i	i2	PROadv	MORPH=empty
parut	paroir	VERcjg	MODE=ind|TEMPS=psp|PERS.=3|NOMB.=s
quant	cant1	CONsub	MORPH=empty
dus	duc2	NOMcom	NOMB.=s|GENRE=m|CAS=n
Begues	Begues	NOMpro	NOMB.=s|GENRE=m|CAS=n
i	i2	PROadv	MORPH=empty
vint	venir	VERcjg	MODE=ind|TEMPS=psp|PERS.=3|NOMB.=s

Chastel	chastel	NOMcom	NOMB.=s|GENRE=m|CAS=r
ecrie	escrïer	VERcjg	MODE=ind|TEMPS=pst|PERS.=3|NOMB.=s
por	por2	PRE	MORPH=empty
les	le	DETdef	NOMB.=p|GENRE=m|CAS=r
suens	suen	PROpos	PERS.=3|NOMB.=p|GENRE=m|CAS=r
resbaudir	resbaudir	VERinf	MORPH=empty

Les	le	DETdef	NOMB.=p|GENRE=f|CAS=r
III	trois	ADJcar	NOMB.=p|GENRE=f|CAS=r
batailles	bataille	NOMcom	NOMB.=p|GENRE=f|CAS=r
fet	faire	VERcjg	MODE=ind|TEMPS=pst|PERS.=3|NOMB.=s
a	a3	PRE	MORPH=empty
une	un	PROcar	NOMB.=s|GENRE=f|CAS=r
venir	venir	VERinf	MORPH=empty

Pus	puis	ADVgen	NOMB.=p|GENRE=m|CAS=r
les	il	PROper	PERS.=3|NOMB.=p|GENRE=f|CAS=r
a	avoir	VERcjg	MODE=ind|TEMPS=pst|PERS.=3|NOMB.=s
fetes	faire	VERppe	NOMB.=p|GENRE=f|CAS=r
en	en1	PRE	MORPH=empty
la	le	DETdef	NOMB.=s|GENRE=f|CAS=r
quarte	cart	PROord	NOMB.=s|GENRE=f|CAS=r
flatir	flatir	VERinf	MORPH=empty

Ferant	ferir	VERppa	NOMB.=s|GENRE=m|CAS=n
les	le	DETdef	NOMB.=p|GENRE=m|CAS=r
moines	moine1	NOMcom	NOMB.=p|GENRE=m|CAS=r
plus	plus	ADVgen	DEGRE=-
c	que1	CONsub	MORPH=empty
uns	un	DETndf	NOMB.=s|GENRE=m|CAS=n
ars	arc	NOMcom	NOMB.=s|GENRE=m|CAS=n
ne	ne1	ADVneg	MORPH=empty
tressist	traire	VERcjg	MODE=sub|TEMPS=ipf|PERS.=3|NOMB.=s

Au	a3+le	PRE.DETdef	NOMB.=s|GENRE=m|CAS=r
Bordelois	bordelois	NOMpro	NOMB.=s|GENRE=m|CAS=r
a	avoir	VERcjg	MODE=ind|TEMPS=pst|PERS.=3|NOMB.=s
fet	faire	VERppe	NOMB.=s|GENRE=m|CAS=r
le	le	DETdef	NOMB.=s|GENRE=m|CAS=r
champ	champ	NOMcom	NOMB.=s|GENRE=m|CAS=r
guerpir	guerpir	VERinf	MORPH=empty

Et	et	CONcoo	MORPH=empty
par	par	PRE	MORPH=empty
sa	son4	DETpos	PERS.=3|NOMB.=s|GENRE=f|CAS=r
force	force2	NOMcom	NOMB.=s|GENRE=f|CAS=r
sus	sus	ADVgen	DEGRE=-
les	le	DETdef	NOMB.=p|GENRE=m|CAS=r
serjanz	serjant	NOMcom	NOMB.=p|GENRE=m|CAS=r
flatir	flatir	VERinf	MORPH=empty

Dieus	dieu	NOMpro	NOMB.=s|GENRE=m|CAS=n
dist	dire	VERcjg	MODE=ind|TEMPS=pst|PERS.=3|NOMB.=s
li	le	DETdef	NOMB.=s|GENRE=m|CAS=n
rois	roi2	NOMcom	NOMB.=s|GENRE=m|CAS=n
li	le	DETdef	NOMB.=s|GENRE=m|CAS=n
dus	duc2	NOMcom	NOMB.=s|GENRE=m|CAS=n
Begues	Begues	NOMpro	NOMB.=s|GENRE=m|CAS=n
est	estre1	VERcjg	MODE=ind|TEMPS=pst|PERS.=3|NOMB.=s
ci	ci	ADVgen	DEGRE=-

Dit	dire	VERcjg	MODE=ind|TEMPS=pst|PERS.=3|NOMB.=s
l	le	DETdef	NOMB.=s|GENRE=m|CAS=n
un	un	PROind	NOMB.=s|GENRE=m|CAS=n
a	a3	PRE	MORPH=empty
l	le	DETdef	NOMB.=s|GENRE=m|CAS=r
autre	autre	PROind	NOMB.=s|GENRE=m|CAS=r
Voirement	voirement	ADVgen	DEGRE=-
i	i2	PROadv	MORPH=empty
est	estre1	VERcjg	MODE=ind|TEMPS=pst|PERS.=3|NOMB.=s
il	il	PROper	PERS.=3|NOMB.=s|GENRE=m|CAS=n

Or	or4	ADVgen	DEGRE=-
i	i2	PROadv	MORPH=empty
pert	paroir	VERcjg	MODE=ind|TEMPS=pst|PERS.=3|NOMB.=s
bien	bien1	ADVgen	DEGRE=p
qu	que4	CONsub	MORPH=empty
il	il	PROper	PERS.=3|NOMB.=s|GENRE=m|CAS=n
n	ne1	ADVneg	MORPH=empty
est	estre1	VERcjg	MODE=ind|TEMPS=pst|PERS.=3|NOMB.=s
pas	pas	ADVneg	MORPH=empty
andormiz	endormir	VERppe	NOMB.=s|GENRE=m|CAS=n

Devant	devant	PRE	MORPH=empty
les	le	DETdef	NOMB.=p|GENRE=m|CAS=r
autres	autre	PROind	NOMB.=p|GENRE=m|CAS=r
commence	comencier	VERcjg	MODE=ind|TEMPS=pst|PERS.=3|NOMB.=s
le	le	DETdef	NOMB.=s|GENRE=m|CAS=n
huttin	hustin	NOMcom	NOMB.=s|GENRE=m|CAS=n

Et	et	CONcoo	MORPH=empty
la	le	DETdef	NOMB.=s|GENRE=f|CAS=n
mellee	meslee	NOMpro	NOMB.=s|GENRE=f|CAS=n
et	et	CONcoo	MORPH=empty
le	le	DETdef	NOMB.=s|GENRE=m|CAS=n
dolereus	doloros	ADJqua	NOMB.=s|GENRE=m|CAS=n|DEGRE=p
cri	cri	NOMcom	NOMB.=s|GENRE=m|CAS=n

Dieus	dieu	NOMpro	NOMB.=s|GENRE=m|CAS=n
com	come1	CONsub	MORPH=empty
le	il	PROimp	PERS.=0|NOMB.=s|GENRE=n|CAS=r
fet	faire	VERcjg	MODE=ind|TEMPS=pst|PERS.=3|NOMB.=s
la	le	DETdef	NOMB.=s|GENRE=f|CAS=n
mesniee	maisniee	NOMcom	NOMB.=s|GENRE=f|CAS=n
au	a3+le	PRE.DETdef	NOMB.=s|GENRE=m|CAS=r
marchis	marchis	NOMcom	NOMB.=s|GENRE=m|CAS=r

Li	le	DETdef	NOMB.=s|GENRE=m|CAS=n
Avalois	Avalois	NOMpro	NOMB.=s|GENRE=m|CAS=n
Huon	Hue	NOMpro	NOMB.=s|GENRE=m|CAS=n
de	de	PRE	MORPH=empty
Quembroisi	Cambroisi	NOMpro	NOMB.=s|GENRE=x|CAS=r

Et	et	CONcoo	MORPH=empty
son	son4	DETpos	PERS.=3|NOMB.=s|GENRE=m|CAS=n
neu	nevo	NOMcom	NOMB.=s|GENRE=m|CAS=n
le	le	DETdef	NOMB.=s|GENRE=m|CAS=n
borgoing	Borguignon	NOMpro	NOMB.=s|GENRE=m|CAS=n
Auberi	Auberi	NOMpro	NOMB.=s|GENRE=m|CAS=n

Et	et	CONcoo	MORPH=empty
son	son4	DETpos	PERS.=3|NOMB.=s|GENRE=m|CAS=n
neveu	nevo	NOMcom	NOMB.=s|GENRE=m|CAS=n
le	le	DETdef	NOMB.=s|GENRE=m|CAS=n
borgoing	Borguignon	NOMpro	NOMB.=s|GENRE=m|CAS=n
Auberi	Auberi	NOMpro	NOMB.=s|GENRE=m|CAS=n

Do	Doon	NOMpro	NOMB.=s|GENRE=m|CAS=n
li	le	DETdef	NOMB.=s|GENRE=m|CAS=n
Vanierres	venëor	NOMcom	NOMB.=s|GENRE=m|CAS=n
et	et	CONcoo	MORPH=empty
le	le	DETdef	NOMB.=s|GENRE=m|CAS=n
vilain	vilain	ADJqua	NOMB.=s|GENRE=m|CAS=n|DEGRE=p
Hervi	Hervis	NOMpro	NOMB.=s|GENRE=m|CAS=n

Il	il	PROimp	PERS.=0|NOMB.=s|GENRE=n|CAS=n
n	ne1	ADVneg	MORPH=empty
est	estre1	VERcjg	MODE=ind|TEMPS=pst|PERS.=3|NOMB.=s
pas	pas	ADVneg	MORPH=empty
geus	jeu	NOMcom	NOMB.=s|GENRE=m|CAS=n
de	de	PRE	MORPH=empty
tel	tel	DETind	NOMB.=s|GENRE=m|CAS=r
fes	fais	NOMcom	NOMB.=s|GENRE=m|CAS=r
soutenir	sostenir	VERinf	MORPH=empty

Begues	Begues	NOMpro	NOMB.=s|GENRE=m|CAS=n
resgarde	regarder	VERcjg	MODE=ind|TEMPS=pst|PERS.=3|NOMB.=s
s	si	ADVgen	DEGRE=-
a	avoir	VERcjg	MODE=ind|TEMPS=pst|PERS.=3|NOMB.=s
veü	vëoir	VERppe	NOMB.=s|GENRE=m|CAS=r
Fromondin	Fromondin	NOMpro	NOMB.=s|GENRE=m|CAS=r

D	de	PRE	MORPH=empty
une	un	DETndf	NOMB.=s|GENRE=f|CAS=r
bataille	bataille	NOMcom	NOMB.=s|GENRE=f|CAS=r
venoit	venir	VERcjg	MODE=ind|TEMPS=ipf|PERS.=3|NOMB.=s
toz	tot	ADVgen	NOMB.=s|GENRE=m|CAS=n
ademis	ademetre	VERppe	NOMB.=s|GENRE=m|CAS=n

Combatuz	combatre	VERppe	NOMB.=s|GENRE=m|CAS=n
s	soi1	PROper	PERS.=3|NOMB.=s|GENRE=m|CAS=r
iert	estre1	VERcjg	MODE=ind|TEMPS=ipf|PERS.=3|NOMB.=s
mes	mais1	CONcoo	MORPH=empty
assez	assez	ADVgen	DEGRE=-
i	i2	PROadv	MORPH=empty
perdi	perdre	VERcjg	MODE=ind|TEMPS=psp|PERS.=3|NOMB.=s

Begues	Begues	NOMpro	NOMB.=s|GENRE=m|CAS=n
li	le	DETdef	NOMB.=s|GENRE=m|CAS=n
dus	duc2	NOMcom	NOMB.=s|GENRE=m|CAS=n
a	avoir	VERcjg	MODE=ind|TEMPS=pst|PERS.=3|NOMB.=s
le	le	DETdef	NOMB.=s|GENRE=m|CAS=r
vallet	vaslet	NOMcom	NOMB.=s|GENRE=m|CAS=r
choisi	choisir	VERppe	NOMB.=s|GENRE=m|CAS=r

