le	li	s|m|n	DETdef	le
ton4	tun	-	DETpos	ton4
conseil	conseil	s|m|r	NOMcom	conseil
je	m	-	PROper	je
avoir	at	ind|pst|3|s	VERcjg	avoir
mener	meint	p|m|r	VERppe	mener
mestier	mestir	s|m|r	NOMcom	mestier
et	eü	_	CONcoo	et
a3+le	as	p|m|r	PRE.DETdef	a3+le
coup1	colps	p|m|r	NOMcom	coup1
doner	doner	_	VERinf	doner
a3+le	al	s|m|r	PRE.DETdef	a3+le
brant1	brant	s|m|r	NOMcom	brant1
de	d	_	PRE	de
acier	acir	s|m|r	NOMcom	acier
moudre1	mulu	s|m|r	VERppe	moudre1
tu	te	-	PROper	tu
avoir	ai	-	VERcjg	avoir
devant	devant	_	ADVgen	devant
je	mei	-	PROper	je
tot	tut	-	DETind	tot
dire	dis	p|m|r	DETcar	dire
bien1	bin	p	ADVgen	bien1
come1	coneü	ind|psp|3|s	VERcjg	come1
trestot	trestut	s|m|n	DETind	trestot
regarder	recuverent	ind|pst|3|p	VERcjg	regarder
entor	entur	-	ADVgen	entor
le	le	s|m|r	DETdef	le
ton4	tun	-	DETpos	ton4
escu	escu	s|m|r	NOMcom	escu
ainz	ainz	-	ADVgen	ainz
que4	ke	_	CONsub	que4
le	le	s|m|r	DETdef	le
ton4	tun	-	DETpos	ton4
plusor	tresor	_	VERinf	plusor
i2	i	_	PROadv	i2
estre1	seit	-	VERcjg	estre1
venir	venu	s|m|n	VERppe	venir
vos1	vos	-	PROper	vos1
estre1	ert	-	VERcjg	estre1
il	li	-	PROper	il
mien	miens	s|m|n	NOMcom	mien
par	par	_	PRE	par
matin1	matinet	ind|pst|3|p	NOMpro	matin1
rendre	rendu	s|m|r	VERppe	rendre
mien	men	-	ADJpos	mien
encontrer	escintre	ind|pst|3|s	VERcjg	encontrer
cant1	quant	_	CONsub	cant1
tu	tu	-	PROper	tu
il	l	3|s|m|r	PROper	il
avoir	avers	_	NOMcom	avoir
vëoir	veü	s|m|r	VERppe	vëoir
je	me	-	PROper	je
dire	diras	-	VERcjg	dire
que4	k	_	CONsub	que4
envers2	enkes	_	PRE	envers2
engelers	grennur	s|m|r	NOMpro	engelers
ne1	ne	_	ADVneg	ne1
estre1	fu	ind|psp|3|s	VERcjg	estre1
car	car	-	CONcoo	car
de	de	_	PRE	de
doner	duner	_	VERinf	doner
mar	mar	-	ADVgen	mar
estre1	serras	-	VERcjg	estre1
esperit	esperdu	s|m|n	NOMcom	esperit
tant	tant	-	ADVgen	tant
en1	en	_	PRE	en1
doner	donez	-	VERcjg	doner
que4	que	_	CONsub	que4
tot	tuz	p|m|r	DETind	tot
foiz	aeiz	p|f|r	NOMcom	foiz
veintre	vencu	s|m|r	VERppe	veintre
que4	Que	_	CONsub	que4
tot	tut	-	ADVgen	tot
soi1	s	3|s|m|r	PROper	soi1
en2	en	_	PROadv	en2
argent	augent	ind|pst|3|p	VERcjg	argent
de	de	_	PRE	de
joie	joie	s|f|r	NOMcom	joie
aprester	revestuz	s|m|n	VERppe	aprester
cant1	Quant	_	CONsub	cant1
le	li	s|m|n	DETdef	le
duc2	duc	s|m|n	NOMcom	duc2
naimes	Naimes	s|m|n	NOMpro	naimes
avoir	ot	ind|psp|3|s	VERcjg	avoir
parler	parler	_	VERinf	parler
son4	sun	3|s|m|r	DETpos	son4
saignier	seinur	s|m|r	NOMcom	saignier
adonc	idunc	-	ADVgen	adonc
avoir	ot	ind|psp|3|s	VERcjg	avoir
guerpir	gre	-	NOMcom	guerpir
joie	joie	s|f|r	NOMcom	joie
onque	unches	-	ADVgen	onque
ne1	n	_	ADVneg	ne1
en2	en	_	PROadv	en2
avoir	ot	ind|psp|3|s	VERcjg	avoir
grenon	grenur	s|m|r	ADJqua	grenon
baron	Barun	s|m|r	NOMcom	baron
faire	fet	ind|pst|3|s	VERcjg	faire
il	il	3|s|m|n	PROper	il
ne1+il	nel	3|s|m|r	ADVneg.PROper	ne1+il
tenir	tenéz	s|m|n	VERppe	tenir
a3	a	_	PRE	a3
dolor	folur	s|f|r	NOMcom	dolor
cest	cestui	s|m|r	PROdem	cest
servir	servéz	p|m|r	VERppe	servir
sans	sanz	_	PRE	sans
nul	nul	s|m|r	DETind	nul
contredire	contreditur	ind|pst|3|s	VERcjg	contredire
qui	ki	s|m|n	PROrel	qui
après	aprez	-	ADVgen	après
dieu	deu	s|m|r	NOMpro	dieu
avoir	a	ind|pst|3|s	PRE	avoir
sor2	sur	_	PRE	sor2
tot	tuz	p|m|r	DETind	tot
le	la	s|f|r	DETdef	le
valor	valur	s|f|r	NOMcom	valor
je	jo	-	PROper	je
en1	en	_	PROadv	en1
estre1	sui	-	VERcjg	estre1
damage	ostage	s|m|n	NOMcom	damage
a3+le	al	s|m|r	PRE.DETdef	a3+le
grant	grant	-	ADJqua	grant
et	e	_	CONcoo	et
a3+le	al	s|m|r	PRE.DETdef	a3+le
mener	menur	s|m|r	NOMcom	mener
tel	tel	s|m|r	DETind	tel
i2	i	_	PROadv	i2
avoir	unt	ind|pst|3|p	VERcjg	avoir
son4	sa	-	DETpos	son4
fil2	fiz	s|m|r	NOMcom	fil2
a3	a	_	PRE	a3
paiier	povere	_	VERinf	paiier
vavassor	vavasur	_	VERinf	vavassor
qui	ki	s|m|n	PROrel	qui
a3+le	al	s|m|r	PRE.DETdef	a3+le
parler	partir	s|m|r	NOMcom	parler
estre1	serat	-	VERcjg	estre1
duc2	duc	s|m|n	NOMcom	duc2
o3	u	-	PROrel	o3
chanter	conteur	_	NOMcom	chanter
a3	A	_	PRE	a3
un	uns	p|m|r	DETndf	un
arcevesque	arcevesques	p|f|r	NOMcom	arcevesque
comencier	commence	ind|pst|3|s	VERcjg	comencier
avoir	a	ind|pst|3|s	VERcjg	avoir
parler	paller	_	VERinf	parler
gentil	gentiz	p|m|r	ADJqua	gentil
on	hum	s|m|n	PROind	on
estre1	fud	ind|psp|3|s	VERcjg	estre1
et	e	_	CONcoo	et
juene	joifne	-	ADJqua	juene
bacheler	bacheler	s|m|n	NOMcom	bacheler
a3	a	_	PRE	a3
grant	grant	-	ADJqua	grant
merveille	merveille	s|f|r	NOMcom	merveille
soi1	se	3|s|m|r	PROper	soi1
faire	fet	ind|pst|3|s	VERcjg	faire
a3	a	_	PRE	a3
tot	tuz	p|m|r	DETind	tot
amer1	amer	s|f|r	VERinf	amer1
ne1	n	_	ADVneg	ne1
avoir	a	_	VERcjg	avoir
duc2	duc	s|m|r	NOMcom	duc2
en1	en	_	PRE	en1
france	france	s|f|r	NOMpro	france
tant	tant	-	ADVgen	tant
soi1	se	3|s|m|r	PROper	soi1
savoir	sace	-	VERcjg	savoir
pener	pener	_	VERinf	pener
qui	ki	s|m|n	PROrel	qui
si	si	-	ADVgen	si
grant	grant	-	ADJqua	grant
cort1	cust	s|m|r	NOMcom	cort1
voloir	voille	-	VERcjg	voloir
a3	a	_	PRE	a3
tot	tuz	p|m|r	DETind	tot
mener	mener	_	VERinf	mener
mieus	mieuz	p|m|r	ADJqua	mieus
que4	eme	s|m|n	NOMcom	que4
il	il	3|s|m|n	PROper	il
cheval	chevals	p|m|r	NOMcom	cheval
aconter	achater	_	VERinf	aconter
et	e	_	CONcoo	et
bel1	beles	p|f|r	ADJqua	bel1
arme	armes	p|f|r	NOMcom	arme
a3+le	as	p|m|r	PRE.DETdef	a3+le
vilté	vallez	p|m|r	VERppe	vilté
adober	adubber	_	VERinf	adober
que4	Qu	_	CONsub	que4
il	il	3|s|m|n	PROper	il
ne1	ne	_	ADVneg	ne1
faire	fait	ind|pst|3|s	VERcjg	faire
prisier	tresor	_	VERinf	prisier
a3	a	_	PRE	a3
prisier	amasser	_	VERinf	prisier
ne2	Ne	_	CONcoo	ne2
corneille1	heritage	s|f|n	NOMcom	corneille1
ne2	ne	_	CONcoo	ne2
feu	feu	s|m|n	NOMcom	feu
ne1	ne	_	ADVneg	ne1
voloir	volt	ind|pst|3|s	VERcjg	voloir
clamer	clamer	_	VERinf	clamer
et	e	_	CONcoo	et
qui	qui	s|m|n	PROrel	qui
voloir	voldrat	-	VERcjg	voloir
le	le	s|m|r	DETdef	le
roi2	rei	s|m|r	NOMcom	roi2
vengier	desheriter	_	VERinf	vengier
il	il	3|s|m|n	PROper	il
devoir	deit	ind|pst|3|s	VERcjg	devoir
en1	en	_	PRE	en1
le	l	s|m|r	DETdef	le
ost	ost	s|m|r	NOMcom	ost
ensemble	ensemle	-	ADVgen	ensemble
o4	od	_	PRE	o4
il	lui	-	PROper	il
aler	aler	_	VERinf	aler
porter	porter	_	VERinf	porter
son4	ses	-	DETpos	son4
arme	armes	p|f|r	NOMcom	arme
et	e	_	CONcoo	et
son4	sun	3|s|m|r	DETpos	son4
cheval	cheval	s|m|r	NOMcom	cheval
mener	mener	_	VERinf	mener
combatre	cumbatre	_	VERinf	combatre
soi1	sei	-	PROper	soi1
sans	sanz	_	PRE	sans
nul	nul	s|m|r	DETind	nul
resachier	desordener	_	VERinf	resachier
a3	a	_	PRE	a3
le	l	s|m|n	DETdef	le
avoir	apostoille	s|m|r	NOMcom	avoir
il	le	3|s|m|r	PROper	il
comencier	commence	ind|pst|3|s	VERcjg	comencier
a3	a	_	PRE	a3
mostier	mustrer	_	VERinf	mostier
seignor	sire	s|m|n	NOMcom	seignor
avoir	apostoille	s|m|r	VERcjg	avoir
ne1	ne	_	ADVneg	ne1
vos1	vos	-	PROper	vos1
en2	en	_	PROadv	en2
devoir	deit	ind|pst|3|s	VERcjg	devoir
peser	peser	_	VERinf	peser
nos1	nus	-	PROper	nos1
devoir	devun	-	VERcjg	devoir
mout	mut	-	ADVgen	mout
le	les	p|m|r	DETdef	le
chevalier	chevalirs	p|m|r	NOMcom	chevalier
amer1	amer	s|f|r	VERinf	amer1
cant1	Quant	_	CONsub	cant1
nos1	nus	-	PROper	nos1
semondre	sumes	-	NOMcom	semondre
a3	a	_	PRE	a3
nostre	nostre	-	DETpos	nostre
aesmer	disner	_	VERinf	aesmer
et	e	_	CONcoo	et
nos1	nus	-	PROper	nos1
estre1	serruns	-	VERcjg	estre1
a3	a	_	PRE	a3
matin2	matines	p|f|r	NOMcom	matin2
chanter	chanter	_	VERinf	chanter
il	il	3|s|m|n	PROper	il
soi1	se	3|s|m|r	PROper	soi1
combatre	cumbatent	ind|pst|3|p	VERcjg	combatre
por2	pur	_	PRE	por2
le	les	p|f|r	DETdef	le
ame	almes	p|f|r	NOMcom	ame
trover	sauver	s|m|r	NOMpro	trover
et	e	_	CONcoo	et
nostre	nos	-	PROper	nostre
et	e	_	CONcoo	et
cest	cest	s|m|r	DETdem	cest
vostre	vostre	-	DETpos	vostre
ambes	abbes	p|f|r	NOMcom	ambes
fermer	Fromer	_	VERinf	fermer
devoir	Devuns	_	PRE	devoir
por2	pur	_	PRE	por2
il	eus	-	PROper	il
nostre	noz	-	DETpos	nostre
plusor	tresor	_	VERinf	plusor
defendre	enfundre	_	VERinf	defendre
tant	tant	-	ADVgen	tant
il	lor	-	PROper	il
en2	en	_	PROadv	en2
devoir	deit	ind|pst|3|s	VERcjg	devoir
chascun	chascun	s|m|n	PROind	chascun
de	de	_	PRE	de
nostre	nos	-	DETpos	nostre
doner	doner	_	VERinf	doner
que4	Que	_	CONsub	que4
il	il	3|s|m|n	PROper	il
nos1	nos	-	PROper	nos1
venir	viegent	ind|pst|3|p	VERcjg	venir
seignor	servir	s|m|r	NOMcom	seignor
et	e	_	CONcoo	et
onorer	honorer	_	VERinf	onorer
et	e	_	CONcoo	et
ainz	ainz	-	ADVgen	ainz
que4	que	_	CONsub	que4
le	li	s|m|n	DETdef	le
roi2	reis	s|m|n	NOMcom	roi2
soi1	se	3|s|m|r	PROper	soi1
lire1	life	ind|pst|3|s	VERcjg	lire1
de	de	_	PRE	de
soz	suz	_	PRE	soz
le	le	s|m|r	DETdef	le
piz	pin	s|m|n	NOMcom	piz
ne2	ne	_	CONcoo	ne2
que2	qu	s|m|r	PROrel	que2
il	il	3|s|m|n	PROper	il
soi1	se	3|s|m|r	PROper	soi1
presse	dresse	s|m|n	NOMcom	presse
de+le	del	s|m|r	PRE.DETdef	de+le
perron	perun	s|m|r	NOMcom	perron
escrire	acerin	s|m|r	VERcjg	escrire
le	les	p|f|r	DETdef	le
abé1	dras	p|m|r	NOMcom	abé1
de	de	_	PRE	de
soi1	sei	-	PROper	soi1
de	de	_	PRE	de
maille	paille	s|f|r	NOMcom	maille
alixandre	alisandrin	s|f|r	NOMpro	alixandre
le	Les	p|m|r	DETdef	le
grant	granz	-	ADJqua	grant
estrieu	ostrus	p|m|r	NOMcom	estrieu
il	les	p|m|r	PROper	il
palais2	falcus	p|m|r	NOMcom	palais2
poitevin	petevin	s|f|r	NOMpro	poitevin
le	Les	p|m|r	DETdef	le
riche	riches	-	ADJqua	riche
piere	pieres	p|f|r	NOMcom	piere
et	e	_	CONcoo	et
le	les	p|f|r	DETdef	le
coup1	copes	p|m|r	NOMcom	coup1
de	d	_	PRE	de
or1	or	s|m|r	NOMcom	or1
fin2	fin	-	ADJqua	fin2
icel	iceles	-	NOMcom	icel
doner	dune	ind|pst|3|s	VERcjg	doner
charles	Karles	s|m|n	NOMpro	charles
le	li	s|m|n	DETdef	le
fil2	fiz	s|m|n	NOMcom	fil2
pepin	pepin	s|m|r	NOMpro	pepin
a3+le	as	p|m|r	PRE.DETdef	a3+le
gentil	gentiz	p|m|r	ADJqua	gentil
ome	hummes	p|m|r	NOMcom	ome
qui	ke	_	PROrel	qui
estre1	sunt	ind|pst|3|p	VERcjg	estre1
de	de	_	PRE	de
riche	riche	-	ADJqua	riche
il	lin	s|m|n	NOMcom	il
le	Les	p|m|r	DETdef	le
hauberc	palefrais	p|m|r	NOMcom	hauberc
le	les	p|f|r	DETdef	le
abé1	dras	p|m|r	NOMcom	abé1
et	e	_	CONcoo	et
le	les	p|f|r	DETdef	le
denier	deniers	p|m|r	NOMcom	denier
cel|cest	ces	p|f|r	PROdem	cel|cest
doner	done	ind|pst|3|s	VERcjg	doner
charles	Karles	s|m|n	NOMpro	charles
a3+le	as	p|m|r	PRE.DETdef	a3+le
podras	povres	s|m|n	NOMcom	podras
chevalier	chevaliers	s|m|r	NOMcom	chevalier
le	Le	s|m|r	DETdef	le
vair1	ver	-	NOMcom	vair1
il	le	3|s|m|r	PROper	il
gros	gris	s|m|r	NOMcom	gros
et	e	_	CONcoo	et
le	les	p|f|r	DETdef	le
isnel	ignaus	p|f|r	ADJqua	isnel
destrier1	destrirs	p|m|r	NOMcom	destrier1
le	Les	p|m|r	DETdef	le
falir	falcus	p|m|r	NOMcom	falir
le	les	p|f|r	DETdef	le
morir	muez	p|m|r	NOMcom	morir
depercier	espervirz	p|m|r	VERppe	depercier
cel	Cels	p|m|r	PROdem	cel
doner	done	ind|pst|3|s	VERcjg	doner
charles	Karles	s|m|n	NOMpro	charles
a3+le	as	p|m|r	PRE.DETdef	a3+le
bacheler	bachellers	s|m|n	NOMcom	bacheler
legier2	legers	p|f|r	ADJqua	legier2
a3+le	as	p|m|r	PRE.DETdef	a3+le
damoisel	damisiaus	p|m|r	NOMcom	damoisel
a3+le	as	p|m|r	PRE.DETdef	a3+le
novel	novais	s|m|r	NOMcom	novel
poindre	primsautirs	p|m|r	ADVgen	poindre
duc2	Duc	s|m|n	NOMcom	duc2
faire	fist	ind|psp|3|s	VERcjg	faire
le	li	s|m|n	DETdef	le
roi2	reis	s|m|n	NOMcom	roi2
a3	a	_	PRE	a3
chascun	chascun	s|m|n	PROind	chascun
son4	sun	3|s|m|r	DETpos	son4
voler	voler	_	VERinf	voler
trois	treis	p|m|r	DETcar	trois
cent	cent	p|m|r	DETcar	cent
cheval	chevas	s|m|n	VERcjg	cheval
i2	i	_	PROadv	i2
doner	donat	ind|psp|3|s	VERcjg	doner
ainz	einz	-	ADVgen	ainz
le	le	3|s|m|r	DETdef	le
soi1	ser	3|s|m|r	NOMcom	soi1
naimes	naime	s|m|n	NOMpro	naimes
parole	parole	s|f|r	NOMcom	parole
qui	qui	s|m|n	PROrel	qui
avoir	ot	ind|psp|3|s	VERcjg	avoir
le	le	s|m|r	DETdef	le
grant	grant	-	ADJqua	grant
savoir	saveir	s|m|r	VERinf	savoir
seignor	seignurs	-	NOMcom	seignor
faire	fait	ind|pst|3|s	VERcjg	faire
il	il	3|s|m|n	PROper	il
je	jo	-	PROper	je
vos1	vos	-	PROper	vos1
voloir	voil	-	VERcjg	voloir
dire	dire	_	VERinf	dire
vers2	ver	-	ADJqua	vers2
a3	a	_	PRE	a3
cest	cestui	s|m|r	DETdem	cest
devoir	deit	ind|pst|3|s	VERcjg	devoir
corone	curone	s|f|n	NOMcom	corone
a3+le	al	s|m|r	PRE.DETdef	a3+le
chief1	chif	s|m|r	NOMcom	chief1
se	seer	s|m|r	ADJqua	se
il	il	3|s|m|n	PROper	il
pöoir	put	ind|pst|3|s	VERcjg	pöoir
vers2	vers	_	PRE	vers2
dieu	deu	s|m|r	NOMcom	dieu
et	et	_	CONcoo	et
a3+le	al	s|m|r	PRE.DETdef	a3+le
pöoir	puple	s|f|r	NOMcom	pöoir
voler	valer	_	VERinf	voler
de	De	_	PRE	de
cest	cestui	s|m|r	PROdem	cest
faire	faites	-	VERcjg	faire
nostre	nostre	-	DETpos	nostre
seignor	sire	s|m|n	NOMcom	seignor
et	e	_	CONcoo	et
vostre	vostre	-	DETpos	vostre
ier	er	-	NOMcom	ier
qui	ki	s|m|n	PROrel	qui
après	aprés	-	ADVgen	après
dieu	deu	s|m|r	NOMpro	dieu
avoir	ad	ind|pst|3|s	VERcjg	avoir
sor2	sur	_	PRE	sor2
tot	tuz	p|m|r	DETind	tot
le	le	s|m|n	DETdef	le
dormir	poreir	_	VERinf	dormir
aler	ooez	s|m|n	VERppe	aler
seignor	seignurs	-	NOMcom	seignor
que2	que	_	PROrel	que2
defendre	defent	ind|pst|3|s	VERcjg	defendre
borguignon	Karlemaigne	s|m|r	NOMpro	borguignon
et	e	_	CONcoo	et
si+il	sil	3|s|m|r	ADVgen.PROper	si+il
defendre	defent	ind|pst|3|p	VERcjg	defendre
a3	a	_	PRE	a3
tot	tuz	p|m|r	DETind	tot
cel	cels	p|m|r	PROdem	cel
de	d	_	PRE	de
il	alemaigne	s|f|r	NOMpro	il
a3	a	_	PRE	a3
cel	cels	p|m|r	PROdem	cel
de	de	_	PRE	de
duel	pulle	s|f|r	NOMcom	duel
et	et	_	CONcoo	et
a3	a	_	PRE	a3
cel	cels	p|m|r	PROdem	cel
de	de	_	PRE	de
espaine	romaigne	s|f|r	NOMpro	espaine
de	De	_	PRE	de
lumbardie	lunbardie	s|f|r	NOMpro	lumbardie
de	d	_	PRE	de
anjou	angou	s|f|r	NOMpro	anjou
et	e	_	CONcoo	et
de+le	del	s|m|r	PRE.DETdef	de+le
maille	maigne	s|f|n	NOMcom	maille
et	e	_	CONcoo	et
si+il	sil	3|s|m|r	ADVgen.PROper	si+il
defendre	defent	ind|pst|3|p	VERcjg	defendre
a3	a	_	PRE	a3
tot	tuz	p|m|r	DETind	tot
cel	cels	p|m|r	PROdem	cel
de	de	_	PRE	de
merveille	bertaigne	s|f|r	NOMpro	merveille
que4	ke	_	CONsub	que4
il	il	3|s|m|n	PROper	il
ne1	n	_	ADVneg	ne1
i2	i	_	PROadv	i2
avoir	ait	-	VERcjg	avoir
si	si	-	ADVgen	si
hardi	hardi	-	ADJqua	hardi
chevauchier	chevataigne	s|m|r	NOMcom	chevauchier
que4	ke	_	CONsub	que4
a3	a	_	PRE	a3
damoisel	danmisel	s|m|r	NOMcom	damoisel
nevo	negul	s|m|r	ADJqua	nevo
espee	espee	s|f|r	NOMcom	espee
soigne	çoigne	s|f|n	NOMcom	soigne
car	kar	_	CONcoo	car
se	s	_	CONsub	se
il	il	3|s|m|n	PROper	il
il	le	3|s|m|r	PROper	il
faire	fait	ind|pst|3|s	VERcjg	faire
ja	ja	-	ADVgen	ja
ne1	ne	_	ADVneg	ne1
estre1	ert	-	VERcjg	estre1
jor	jor	s|m|r	NOMcom	jor
ne1	ne	_	ADVneg	ne1
soi1	s	3|s|m|r	PROper	soi1
en2	en	_	PROadv	en2
pöoir	p	_	VERcjg	pöoir
ne1	n	_	ADVneg	ne1
estre1	ert	-	VERcjg	estre1
si	si	-	ADVgen	si
hardi	hardi	-	ADJqua	hardi
que3	que	_	CONsub	que3
en1	en	_	PRE	en1
son4	sa	-	DETpos	son4
terre	terre	s|f|r	NOMcom	terre
remanoir	remaine	-	VERcjg	remanoir
ne1	ne	_	ADVneg	ne1
soi1	se	3|s|m|r	PROper	soi1
peser	penst	-	VERcjg	peser
ja	ja	-	ADVgen	ja
nos1	nus	-	PROper	nos1
roi2	reis	s|m|n	NOMcom	roi2
por2	pur	_	PRE	por2
son4	sa	-	DETpos	son4
desver	posnee	s|f|r	NOMcom	desver
que4	ke	_	CONsub	que4
chevalier	chevalier	-	NOMcom	chevalier
faire	face	-	VERcjg	faire
en1	en	_	PRE	en1
son4	sa	-	DETpos	son4
contre	cuntreiee	s|f|r	NOMpro	contre
venir	vienge	-	VERcjg	venir
en1	en	_	PRE	en1
son4	sa	-	DETpos	son4
cort1	cort	s|f|r	NOMcom	cort1
cant1	quant	_	CONsub	cant1
estre1	ert	-	VERcjg	estre1
assembler	assemlee	s|f|r	ADVgen	assembler
gascon	Cascun	s|m|n	NOMcom	gascon
durer	dura	-	VERcjg	durer
et	e	_	CONcoo	et
cheval	cheval	s|m|n	NOMcom	cheval
et	e	_	CONcoo	et
espee	espee	s|f|r	NOMcom	espee
hauberc	haberc	s|m|n	NOMcom	hauberc
et	e	_	CONcoo	et
heaume	helme	s|m|r	NOMcom	heaume
escu	escu	s|m|r	NOMcom	escu
et	e	_	CONcoo	et
lance	lance	s|f|r	VERcjg	lance
plenier2	planee	s|f|r	VERppe	plenier2
et	e	_	CONcoo	et
tot	tut	-	ADVgen	tot
un	ico	-	ADVgen	un
que4	que	_	CONsub	que4
chevalier	chevalir	s|m|n	NOMcom	chevalier
agreer	agree	s|f|r	VERcjg	agreer
dont	Dunt	-	PROrel	dont
avoir	ad	ind|pst|3|s	VERcjg	avoir
mestier	mestir	s|m|r	NOMcom	mestier
en1	en	_	PRE	en1
bataille	bataille	s|f|r	NOMcom	bataille
nomer	numee	s|f|r	NOMcom	nomer
le	Li	s|m|n	DETdef	le
roi2	reis	s|m|n	NOMcom	roi2
en1	en	_	PRE	en1
avoir	ad	ind|pst|3|s	VERcjg	avoir
son4	sa	-	DETpos	son4
curçuse	curorne	s|f|r	NOMcom	curçuse
more4	juree	s|f|r	NOMcom	more4
si	si	-	DETpos	si
adureement	autrement	-	ADVgen	adureement
estre1	est	ind|pst|3|s	VERcjg	estre1
le	la	s|f|n	DETdef	le
char2	chose	s|f|n	NOMcom	char2
corrocier	purparllé	s|m|r	VERppe	corrocier
tel	telle	s|f|r	DETind	tel
faire	fra	-	VERcjg	faire
si+il	sil	3|s|m|r	ADVgen.PROper	si+il
estre1	est	ind|pst|3|s	VERcjg	estre1
en1	en	_	PRE	en1
le	la	s|f|r	DETdef	le
broigne	matinee	s|f|r	NOMcom	broigne
que2	Que	s|f|r	PROrel	que2
estre1	ert	-	VERcjg	estre1
irier	iriez	s|m|n	VERppe	irier
ainz	ainz	-	ADVgen	ainz
que4	que	_	CONsub	que4
estre1	seit	-	VERcjg	estre1
le	la	s|f|r	DETdef	le
vespree	vespree	s|f|r	NOMcom	vespree
por2	pus	_	NOMcom	por2
lor2	lur	-	DETpos	lor2
durer	durez	p|m|r	VERppe	durer
et	e	_	CONcoo	et
arme	armes	p|f|r	NOMcom	arme
et	e	_	CONcoo	et
denier	denirs	s|m|r	NOMcom	denier
si	si	-	ADVgen	si
il	lur	-	PROper	il
dorer	dorrez	s|m|n	VERppe	dorer
droit	dras	p|m|r	ADJqua	droit
avoir	a	ind|pst|3|s	VERcjg	avoir
esperon	remuers	s|m|r	NOMpro	esperon
je	ju	-	PROper	je
lor2	lur	3|s|m|r	DETpos	lor2
doner	durai	-	VERcjg	doner
espee	espees	p|f|r	NOMcom	espee
et	e	_	CONcoo	et
destrier1	destrers	p|m|r	NOMcom	destrier1
et	et	_	CONcoo	et
a3	a	_	PRE	a3
quinze	avilance	s|f|r	NOMcom	quinze
ne1+il	nel	3|s|m|r	ADVneg.PROper	ne1+il
voloir	voil	-	VERcjg	voloir
avoir	aver	_	VERinf	avoir
premier	premiers	-	ADJord	premier
ja	ja	-	ADVgen	ja
ne1	ne	_	ADVneg	ne1
devoir	deit	ind|pst|3|s	VERcjg	devoir
estre1	estre	_	VERinf	estre1
nul	nul	s|m|r	DETind	nul
prodome	prodome	s|m|r	NOMcom	prodome
losengier1	losengier	s|m|r	NOMcom	losengier1
de	De	_	PRE	de
bel1	bein	s|f|r	ADJqua	bel1
presenter	pramettre	-	VERcjg	presenter
et	e	_	CONcoo	et
de	de	_	PRE	de
doner	doner	_	VERinf	doner
loi3	loirs	p|f|r	NOMcom	loi3
mais1	meis	_	CONcoo	mais1
bien1	bien	p	ADVgen	bien1
presenter	premettre	ind|pst|3|s	VERcjg	presenter
et	e	_	CONcoo	et
doner	doner	_	VERinf	doner
volentiers	volentirs	-	ADVgen	volentiers
et	e	_	CONcoo	et
de	de	_	PRE	de
estre1	seit	-	VERcjg	estre1
membré1	menbrez	p|m|r	ADJqua	membré1
et	e	_	CONcoo	et
justicier2	custumirz	p|m|r	NOMpro	justicier2
que4	ke	_	CONsub	que4
son4	ses	-	DETpos	son4
dont	duns	p|f|r	NOMcom	dont
estre1	sent	ind|pst|3|s	VERcjg	estre1
targe1	larges	p|f|r	NOMcom	targe1
et	e	_	CONcoo	et
plenier2	plenirs	-	ADJqua	plenier2
et	e	_	CONcoo	et
ne1	ne	_	ADVneg	ne1
estre1	seit	-	VERcjg	estre1
pas	pas	_	ADVneg	pas
orgoillos	orguillus	p|m|r	NOMpro	orgoillos
et	e	_	CONcoo	et
ferir	firz	s|m|n	ADJqua	ferir
de	De	_	PRE	de
son4	sa	-	DETpos	son4
parole	parole	s|f|r	NOMcom	parole
estrieu	eschuis	p|m|r	NOMcom	estrieu
ne1	ne	_	ADVneg	ne1
monter	motieriez	-	VERcjg	monter
de	De	_	PRE	de
bel1	bel	s|f|r	NOMpro	bel1
parler	parler	_	VERinf	parler
a3+le	as	p|f|r	PRE.DETdef	a3+le
pëor	povres	s|m|n	NOMcom	pëor
chevalier	chevalirs	p|m|r	NOMcom	chevalier
de	De	_	PRE	de
son4	sa	-	DETpos	son4
parole	parole	s|f|r	NOMcom	parole
le	les	p|m|r	DETdef	le
avoir	aimt	ind|pst|3|s	VERcjg	avoir
et	e	_	CONcoo	et
tenir1	tienne	-	VERcjg	tenir1
chief1	chires	p|m|r	NOMcom	chief1
si	si	-	ADVgen	si
faire	fra	-	VERcjg	faire
ce1	co	-	PROdem	ce1
dont	dunt	-	PROrel	dont
il	il	3|s|m|n	PROper	il
en2	en	_	PROadv	en2
estre1	est	ind|pst|3|s	VERcjg	estre1
mestier	mestrers	s|m|n	NOMcom	mestier
si	si	-	ADVgen	si
en2	en	_	PROadv	en2
prendre	prendra	-	VERcjg	prendre
le	les	p|m|r	DETdef	le
manois	maveis	-	ADVgen	manois
reconter	reprovers	p|m|r	NOMcom	reconter
or4	Ore	-	ADVgen	or4
estre1	fu	ind|psp|3|s	VERcjg	estre1
le	li	s|m|n	DETdef	le
roi2	reis	s|m|n	NOMcom	roi2
tot	tut	-	ADVgen	tot
joiant	joiant	-	ADJqua	joiant
et	e	_	CONcoo	et
tot	tut	-	ADVgen	tot
liier3	liez	s|m|n	VERppe	liier3
nul	nul	s|m|n	PROind	nul
ne1	ne	_	ADVneg	ne1
soi1	se	3|s|m|r	PROper	soi1
porter	parte	ind|pst|3|s	VERcjg	porter
que4	qu	_	CONsub	que4
il	il	3|s|m|n	PROper	il
ne1	ne	_	ADVneg	ne1
savoir	seit	-	VERcjg	savoir
tot	tut	-	ADVgen	tot
avoir	aitiez	p|m|r	NOMcom	avoir
aler	v.ii	s|f|r	DETcar	aler
mil1	mile	-	PROcar	mil1
soi1	s	3|s|m|r	PROper	soi1
en2	en	_	PROadv	en2
estre1	sunt	ind|pst|3|p	VERcjg	estre1
vanter	vantez	s|m|n	VERppe	vanter
et	e	_	CONcoo	et
afichier	afichiez	s|m|n	VERppe	afichier
de	De	_	PRE	de
il	lui	-	PROper	il
servir	servir	s|m|r	NOMcom	servir
prest1	prest	-	ADJqua	prest1
et	e	_	CONcoo	et
aporter	apareeilliez	s|f|r	VERcjg	aporter
dieu	Deus	p|m|r	NOMpro	dieu
duc2	ducs	-	ADVgen	duc2
soi1	se	3|s|m|r	PROper	soi1
arester	drescent	ind|pst|3|p	VERcjg	arester
et	e	_	CONcoo	et
naimes	Naimes	s|m|n	NOMpro	naimes
estre1	fu	ind|psp|3|s	VERcjg	estre1
le	le	s|m|n	DETdef	le
tierz	tierz	s|m|n	PROord	tierz
devant	Devant	_	ADVgen	devant
le	le	s|m|r	DETdef	le
roi2	rei	s|m|r	NOMcom	roi2
soi1	se	3|s|m|r	PROper	soi1
estre1	sunt	ind|pst|3|p	VERcjg	estre1
françois	agenuliz	s|m|n	VERppe	françois
pré	Drez	p|m|r	NOMcom	pré
emperëor	enperer	s|m|n	NOMcom	emperëor
si	si	-	ADVgen	si
aler	pleit	ind|pst|3|s	NOMcom	aler
or4	or	-	ADVgen	or4
pié	oiez	p|m|r	VERcjg	pié
ce1	Ço	-	PROdem	ce1
dire	dient	ind|pst|3|p	VERcjg	dire
cest	cist	s|m|n	DETdem	cest
que4	que	_	PROrel	que4
il	il	3|s|m|n	PROper	il
estre1	sunt	ind|pst|3|p	VERcjg	estre1
aprester	aprestez	s|m|n	VERppe	aprester
cel	Cels	p|m|r	PROdem	cel
qui	qui	s|m|n	PROrel	qui
estre1	sunt	ind|pst|3|p	VERcjg	estre1
mieus	seuz	s|f|r	ADJqua	mieus
sor2	sur	_	PRE	sor2
cel|cest	ces	p|m|r	DETdem	cel|cest
maille	pailles	p|f|r	NOMcom	maille
laschier	cochiez	-	VERcjg	laschier
soz	suz	_	PRE	soz
ciel	ciel	s|m|r	NOMcom	ciel
ne1	n	_	ADVneg	ne1
avoir	at	ind|pst|3|s	VERcjg	avoir
terre	terre	s|f|r	NOMcom	terre
si	si	-	ADVgen	si
vos1	vos	-	PROper	vos1
le	la	s|f|r	DETdef	le
voloir	voliez	s|f|r	NOMcom	voloir
ne2	ne	_	CONcoo	ne2
le	la	s|f|n	DETdef	le
conquerre	cunquergent	ind|pst|3|p	VERcjg	conquerre
o4	od	_	PRE	o4
fer	fers	p|m|r	NOMcom	fer
et	e	_	CONcoo	et
o4	od	_	PRE	o4
espiet	espiez	p|m|r	NOMcom	espiet
trop	trop	-	ADVgen	trop
vos1	vos	-	PROper	vos1
estre1	sunt	ind|pst|3|p	VERcjg	estre1
près	pres	-	ADVgen	près
sarrasin	saracin	s|m|r	NOMpro	sarrasin
herbergier	herbergiez	-	VERppe	herbergier
mout	mut	-	ADVgen	mout
nos1	nus	-	PROper	nos1
en2	en	_	PROadv	en2
pöoir	peisse	s|m|r	VERcjg	pöoir
que2	que	s|m|n	PROrel	que2
vos1	vus	-	PROper	vos1
tant	tant	-	ADVgen	tant
en1	en	_	PRE	en1
laissier	lessiez	-	VERcjg	laissier
cant1	Quant	_	CONsub	cant1
le	li	s|m|n	DETdef	le
roi2	reis	s|m|n	NOMcom	roi2
il	l	s|m|n	PROper	il
avoir	ot	ind|psp|3|s	VERcjg	avoir
si+il	sis	3|s|m|n	ADVgen.PROper	si+il
en2	en	_	PRE	en2
avoir	ad	ind|pst|3|s	VERcjg	avoir
percier	merciez	p|m|r	VERppe	percier
mais1	mais	_	CONcoo	mais1
que4	que	_	CONsub	que4
tant	tant	-	ADVgen	tant
faire	feites	-	VERcjg	faire
que4	que	_	CONsub	que4
de	de	_	PRE	de
je	moi	-	PROper	je
il	la	s|f|r	PROper	il
vengier	vengiez	s|m|n	NOMcom	vengier
le	Li	s|m|n	DETdef	le
mangier	mangier	s|m|n	NOMcom	mangier
estre1	fut	ind|psp|3|s	VERcjg	estre1
pré	prez	p|m|r	NOMcom	pré
et	e	_	CONcoo	et
eslaschier	apareliez	s|m|n	NOMpro	eslaschier
et	e	_	CONcoo	et
le	les	p|f|r	DETdef	le
noce	napes	p|m|r	NOMcom	noce
metre2	mises	p|f|r	VERppe	metre2
ez	es	-	ADVgen	ez
il	les	-	PROper	il
vos1	vus	-	PROper	vos1
assez	assiez	p|m|r	NOMpro	assez
sor2	sur	_	PRE	sor2
le	les	p|m|r	DETdef	le
destroit	salereiz	p|m|r	NOMcom	destroit
le	le	s|m|n	DETdef	le
cheval	cutealx	s|m|r	NOMcom	cheval
tochier	cuchiez	s|m|r	VERcjg	tochier
par	par	_	PRE	par
mi2	mi	s|m|r	NOMcom	mi2
il	la	-	PROper	il
sele	sale	s|f|r	NOMcom	sele
dieu	deus	p|m|r	NOMpro	dieu
ce1	c	_	PROdem	ce1
en2	en	_	PROadv	en2
aler	veisiez	-	VERcjg	aler
vestir	vestu	s|m|r	VERppe	vestir
de	de	_	PRE	de
vers2	ver	-	ADJqua	vers2
et	e	_	CONcoo	et
de	d	_	PRE	de
ermin	ermin	s|m|r	ADJqua	ermin
reculer	engulez	s|m|n	VERppe	reculer
fil2	fiz	s|m|n	NOMcom	fil2
estre1	sunt	ind|pst|3|p	VERcjg	estre1
a3+le	as	p|f|r	PRE.DETdef	a3+le
duc2	ducs	p|m|r	NOMcom	duc2
et	et	_	CONcoo	et
a3	a	_	PRE	a3
conte1	cuntes	p|m|r	NOMcom	conte1
prisier	preisez	p|m|r	VERppe	prisier
ainz	ainz	-	ADVgen	ainz
que4	que	_	CONsub	que4
le	li	s|m|n	DETdef	le
roi2	reis	s|m|n	NOMcom	roi2
soi1	se	3|s|m|r	PROper	soi1
droit	dreça	s|m|n	ADVgen	droit
sor2	sur	_	PRE	sor2
son4	ses	-	DETpos	son4
pié	piez	p|m|r	NOMcom	pié
il	Lui	-	PROper	il
presenter	presentent	ind|pst|3|p	VERcjg	presenter
a3+le	al	s|m|r	PRE.DETdef	a3+le
perron	perun	s|m|r	NOMcom	perron
tel	teus	p|m|r	DETind	tel
devoir	deitez	p|m|r	VERppe	devoir
dont	Dunt	-	PROrel	dont
ainz	ainz	-	ADVgen	ainz
ne1	ne	_	ADVneg	ne1
estre1	fu	ind|psp|3|s	VERcjg	estre1
si	si	-	ADVgen	si
verai	grainz	s|m|n	ADJqua	verai
ne1	ne	_	ADVneg	ne1
si	si	-	DETpos	si
irier	irriez	-	VERppe	irier
ne2	ne	_	CONcoo	ne2
nostre	noz	-	PROpos	nostre
françois	franceis	-	NOMpro	françois
si	si	-	ADVgen	si
mal1	mal	-	ADVgen	mal1
donc	desconseiliez	-	ADVgen	donc
et	e	_	CONcoo	et
ainz	ainz	-	ADVgen	ainz
que4	que	_	CONsub	que4
le	li	s|m|n	DETdef	le
roi2	reis	s|m|n	NOMcom	roi2
estre1	seit	-	VERcjg	estre1
aler	alé	s|m|n	VERppe	aler
a3+le	al	s|m|r	PRE.DETdef	a3+le
mangier	mangier	s|m|r	NOMcom	mangier
ne2	ne	_	CONcoo	ne2
que2	que	s|m|r	PROrel	que2
il	il	3|s|m|n	PROper	il
soi1	se	3|s|m|r	PROper	soi1
droit	dreça	s|m|r	ADVgen	droit
de	de	_	PRE	de
son4	sun	3|s|m|r	DETpos	son4
perron	perun	s|m|r	NOMcom	perron
de	d	_	PRE	de
acier	acier	s|m|r	NOMcom	acier
de	de	_	PRE	de
roi2	rei	s|m|r	NOMcom	roi2
de	d	_	PRE	de
ofrende	affriche	s|f|r	NOMcom	ofrende
estre1	es	-	VERcjg	estre1
vos1	vos	-	PROper	vos1
un	un	s|m|r	DETndf	un
messagier	messagier	s|m|r	NOMcom	messagier
gascon	descendu	s|f|r	ADJqua	gascon
estre1	est	ind|pst|3|s	VERcjg	estre1
de	de	_	PRE	de
un	un	s|m|r	DETndf	un
falir	fauve	s|m|r	VERcjg	falir
destrier1	destrier	s|m|r	NOMcom	destrier1
après	aukes	ind|pst|3|s	VERcjg	après
estre1	ert	-	VERcjg	estre1
morir	megrez	p|m|r	VERppe	morir
et	e	_	CONcoo	et
le	las	p|f|r	DETdef	le
estre1	ert	-	VERcjg	estre1
de+le	del	s|m|r	PRE.DETdef	de+le
errer2	errer	_	NOMcom	errer2
il	il	3|s|m|n	PROper	il
avoir	out	ind|psp|3|s	VERcjg	avoir
un	un	s|m|r	DETndf	un
mois	meis	p|m|r	NOMcom	mois
acoillir	acumpli	s|m|r	NOMcom	acoillir
avant	avant	-	ADVgen	avant
estre1	ier	-	VERcjg	estre1
que4	ke	_	CONsub	que4
de	de	_	PRE	de
reposer	repos	_	NOMcom	reposer
ne1	nen	_	ADVneg	ne1
avoir	ot	ind|psp|3|s	VERcjg	avoir
un	un	s|m|r	DETndf	un
jor	jor	s|m|r	NOMcom	jor
entor	entir	_	ADVgen	entor
mais1	mais	_	CONcoo	mais1
qui	quil	s|m|n	PROrel	qui
voloir	veïst	ind|pst|3|s	VERcjg	voloir
a3	a	_	PRE	a3
le	l	s|f|r	DETdef	le
avoir	eire	_	NOMcom	avoir
comencier	commencier	_	VERinf	comencier
soz	suz	_	PRE	soz
ciel	ciel	s|m|r	NOMcom	ciel
ne1	n	_	ADVneg	ne1
avoir	at	ind|pst|3|s	VERcjg	avoir
beste	beste	s|f|r	NOMcom	beste
plus	plus	-	ADVgen	plus
faire	feist	ind|psp|3|s	VERcjg	faire
a3	a	_	PRE	a3
prisier	presier	_	VERinf	prisier
ne1	n	_	ADVneg	ne1
en2	en	_	PROadv	en2
nul	nule	s|f|r	DETind	nul
terre	terre	s|f|r	NOMcom	terre
plus	plus	-	ADVgen	plus
faire	feist	ind|psp|3|s	VERcjg	faire
a3	a	_	PRE	a3
comencier	commencier	_	VERinf	comencier
a3	a	_	PRE	a3
osteler	cuvoitier	_	VERinf	osteler
en1	en	_	PRE	en1
mi2	mi	s|m|r	NOMcom	mi2
le	la	s|f|r	DETdef	le
sele	sale	s|f|r	NOMcom	sele
le	le	s|m|n	DETdef	le
vassal	vassal	s|m|n	NOMcom	vassal
descendre	descendie	ind|pst|3|s	VERcjg	descendre
iluec	bloi	p|m|r	ADVgen	iluec
avoir	ot	ind|psp|3|s	VERcjg	avoir
le	le	s|m|n	DETdef	le
poil	peil	s|m|r	NOMcom	poil
menüement	menument	-	ADVgen	menüement
tochier	tuschie	s|m|n	NOMcom	tochier
sor2	sur	_	PRE	sor2
le	les	p|m|r	DETdef	le
espaule	espaules	p|f|r	NOMcom	espaule
le	l	3|s|m|r	DETdef	le
avoir	ot	ind|psp|3|s	VERcjg	avoir
devoir	detries	p|m|r	VERppe	devoir
corrocier	chociez	p|m|r	VERppe	corrocier
deci	Desi	-	ADVgen	deci
a3+le	as	p|m|r	PRE.DETdef	a3+le
hanste	hanches	p|f|r	NOMcom	hanste
estre1	erent	-	VERcjg	estre1
il	il	3|s|m|n	PROper	il
renoiier1	rengiez	s|m|n	VERppe	renoiier1
gros	gros	-	ADJqua	gros
avoir	ot	ind|psp|3|s	VERcjg	avoir
le	les	p|m|r	DETdef	le
ueil	oilz	p|m|r	NOMcom	ueil
le	le	s|m|n	DETdef	le
vis	vis	s|m|r	NOMcom	vis
aporter	apert	ind|pst|3|s	VERcjg	aporter
et	e	_	CONcoo	et
liier3	lié	s|m|n	NOMcom	liier3
ne1	n	_	ADVneg	ne1
avoir	ot	ind|psp|3|s	VERcjg	avoir
plus	plus	-	ADVgen	plus
bel1	bele	s|f|n	ADJqua	bel1
ne1	ne	_	ADVneg	ne1
plus	plus	-	ADVgen	plus
devoir	deliez	s|m|n	VERppe	devoir
ne2	ne	_	CONcoo	ne2
il	l	3|s|m|r	PROper	il
avoir	a	ind|pst|3|s	VERcjg	avoir
pucele	pucele	s|f|n	NOMcom	pucele
plus	plus	-	ADVgen	plus
bel1	bel	-	ADVgen	bel1
ne1	ne	_	ADVneg	ne1
devoir	deliez	s|m|n	VERcjg	devoir
mais1	meis	-	CONcoo	mais1
que4	que	_	CONsub	que4
de+le	del	s|m|r	PRE.DETdef	de+le
vent	vent	s|m|r	NOMcom	vent
et	e	_	CONcoo	et
de+le	del	s|m|r	PRE.DETdef	de+le
champ	chaut	s|m|r	NOMcom	champ
estre1	fu	ind|psp|3|s	VERcjg	estre1
aler	allez	-	VERppe	aler
gros	gros	-	ADJqua	gros
contre	contre	_	PRE	contre
cuer2	quor	s|m|r	NOMcom	cuer2
et	e	_	CONcoo	et
le	le	s|m|r	DETdef	le
piz	piz	s|m|r	NOMcom	piz
bien1	bin	p	ADVgen	bien1
taillier1	tailliez	s|m|n	NOMcom	taillier1
par	Par	_	PRE	par
le	les	p|f|r	DETdef	le
costé	costez	p|m|r	NOMcom	costé
grant	grant	-	ADJqua	grant
et	e	_	CONcoo	et
oliver	aligniez	s|m|n	NOMpro	oliver
droit	Dreite	-	ADJqua	droit
avoir	ot	s|m|r	VERcjg	avoir
le	la	s|f|r	DETdef	le
mamele	gambe	s|f|r	NOMcom	mamele
et	e	_	CONcoo	et
bien1	bin	p	ADVgen	bien1
torner	turné	s|m|r	VERppe	torner
le	le	s|m|r	DETdef	le
pié	pié	s|m|r	NOMcom	pié
mout	mult	-	ADVgen	mout
il	li	3|s|m|r	PROper	il
avenir	avint	ind|psp|3|s	VERcjg	avenir
le	l	s|m|n	DETdef	le
esperon	espurun	s|m|r	NOMcom	esperon
que4	ke	_	CONsub	que4
avoir	ot	ind|psp|3|s	VERcjg	avoir
garsie	galcié	s|m|r	VERppe	garsie
pöoir	poi	-	ADVgen	pöoir
torbler	truuissez	p|m|r	VERppe	torbler
ome	hume	s|m|r	NOMcom	ome
mieus	miez	p|m|r	NOMcom	mieus
enseigne	ensengnié	s|m|n	VERppe	enseigne
de	De	_	PRE	de
tot	tuz	p|m|r	DETind	tot
langage	languages	s|m|r	NOMcom	langage
estre1	fu	ind|psp|3|s	VERcjg	estre1
bien1	bin	p	ADVgen	bien1
presenter	aromancié	s|m|n	VERppe	presenter
si	si	-	CONsub	si
estre1	est	ind|pst|3|s	VERcjg	estre1
de	d	_	PRE	de
un	un	s|m|r	DETndf	un
joie	jupe	s|m|r	NOMcom	joie
de	de	_	PRE	de
parler	palle	s|f|r	NOMcom	parler
destorber	despolié	s|m|n	VERppe	destorber
il	il	3|s|m|n	PROper	il
remanoir	remist	ind|pst|3|s	VERcjg	remanoir
cengle	sengle	s|m|r	ADJqua	cengle
en1	en	_	PRE	en1
blïaut	bliaut	s|m|r	NOMpro	blïaut
couchier	camosié	s|m|n	VERppe	couchier
qui	ki	s|f|n	PROrel	qui
estre1	fud	ind|psp|3|s	VERcjg	estre1
a3+le	as	p|m|r	PRE.DETdef	a3+le
cité	cutés	s|f|r	NOMcom	cité
de	d	_	PRE	de
ambes	ambes	p|f|r	DETcar	ambes
part1	parz	p|f|r	NOMcom	part1
trenchier1	trenchiez	s|m|n	VERppe	trenchier1
empeindre1	Deceint	ind|pst|3|p	VERcjg	empeindre1
le	le	s|m|r	DETdef	le
brant1	brant	s|m|r	NOMcom	brant1
a3+le	al	s|f|r	PRE.DETdef	a3+le
pont	punt	s|m|r	NOMcom	pont
de	de	_	PRE	de
or1	or	s|m|r	ADVgen	or1
esclarcir	entaillié	s|f|r	VERppe	esclarcir
a3	a	_	PRE	a3
un	un	s|m|r	DETndf	un
curçuse	turchople	s|m|r	NOMpro	curçuse
il	les	p|m|r	DETdef	il
avoir	ad	ind|pst|3|s	VERcjg	avoir
tot	tuz	p|m|r	DETind	tot
trois	treis	p|m|r	DETcar	trois
couchier	carchié	s|m|r	VERppe	couchier
pas	Pas	_	ADVneg	pas
avant	avant	-	ADVgen	avant
autre	autre	s|m|n	PROind	autre
soi1	s	3|s|m|r	PROper	soi1
estre1	est	ind|pst|3|s	VERcjg	estre1
a3+le	al	s|m|r	PRE.DETdef	a3+le
roi2	rei	s|m|r	NOMcom	roi2
eslaschier	aspremié	s|m|r	VERppe	eslaschier
en1	en	_	PRE	en1
haut	haut	-	ADVgen	haut
parole	parole	s|f|r	NOMcom	parole
que4	ke	_	CONsub	que4
bien1	bin	p	ADVgen	bien1
estre1	fud	ind|psp|3|s	VERcjg	estre1
entendre	entendié	-	VERppe	entendre
cel	Cel	s|m|r	DETdem	cel
mahumet	mahummet	s|m|r	NOMpro	mahumet
qui	ki	s|m|n	PROrel	qui
paien	paens	p|m|r	NOMcom	paien
avoir	ont	ind|pst|3|p	VERcjg	avoir
prisier	praié	s|m|r	NOMcom	prisier
par	par	_	PRE	par
qui	qui	s|m|n	PROrel	qui
nos1	nus	-	PROper	nos1
arme	sumes	-	VERcjg	arme
lever	levez	p|m|r	VERppe	lever
et	e	_	CONcoo	et
essaucier	escaucié	s|m|n	VERppe	essaucier
garder	gart	s|m|r	NOMcom	garder
rollant	agulant	s|m|n	NOMpro	rollant
et	e	_	CONcoo	et
alemant	elmunt	s|m|n	NOMpro	alemant
le	le	s|m|n	DETdef	le
prisier	presié	s|m|r	VERppe	prisier
alixandre	triamodes	s|f|r	NOMcom	alixandre
et	e	_	CONcoo	et
garant	gurrant	s|m|r	NOMcom	garant
le	l	s|m|r	DETdef	le
enseigne	enveisié	p|m|r	VERppe	enseigne
et	e	_	CONcoo	et
tot	tut	s|m|r	DETind	tot
le	le	s|m|r	DETdef	le
pont	puple	s|f|r	NOMcom	pont
qui	ki	s|m|n	PROrel	qui
estre1	est	ind|pst|3|s	VERcjg	estre1
avoir	ot	ind|psp|3|s	VERcjg	avoir
il	eus	-	PROper	il
moller	logié	s|m|r	VERppe	moller
et	e	_	CONcoo	et
il	il	3|s|m|n	PROper	il
confondre	confunde	-	VERcjg	confondre
charles	Karle	s|m|r	NOMpro	charles
le	le	s|m|r	DETdef	le
très	tres	-	ADVgen	très
cuidier1	quidié	s|m|r	VERcjg	cuidier1
et	e	_	CONcoo	et
tot	tuz	p|m|r	DETind	tot
icel	iceus	s|m|r	DETdem	icel
qui	qui	s|m|n	PROrel	qui
ce1	ço	-	PROdem	ce1
il	li	-	PROper	il
avoir	unt	ind|pst|3|p	VERcjg	avoir
conseillier1	conseillié	-	NOMcom	conseillier1
que4	ke	_	CONsub	que4
tant	tant	-	ADVgen	tant
nos1	nos	-	PROper	nos1
avoir	a	ind|pst|3|s	VERcjg	avoir
isnelement	lunguement	-	ADVgen	isnelement
oblïer	oblié	s|m|r	VERppe	oblïer
que4	Que	_	CONsub	que4
mon1	mun	-	DETpos	mon1
seignor	seignur	s|m|r	NOMcom	seignor
estre1	est	ind|pst|3|s	VERcjg	estre1
o4	od	_	PRE	o4
tu	tei	-	PROper	tu
corrocier	corecié	s|m|r	VERppe	corrocier
en1	en	_	PRE	en1
ton4	ta	-	DETpos	ton4
terre	terre	s|f|r	NOMcom	terre
avoir	ad	ind|pst|3|s	VERcjg	avoir
un	un	s|m|r	DETndf	un
mais1	meis	_	CONcoo	mais1
chevauchier	chevachié	s|m|r	VERppe	chevauchier
bien1	Bin	p	ADVgen	bien1
pöoir	purras	-	VERcjg	pöoir
dire	dire	_	VERinf	dire
que4	ke	_	CONsub	que4
mar	mar	-	ADVgen	mar
a3+le	as	p|m|r	VERcjg	a3+le
esploitier	espleité	p|m|r	VERppe	esploitier
par	Par	_	PRE	par
ton4	tun	-	DETpos	ton4
embracier	untrage	s|m|n	NOMcom	embracier
tu	tu	-	PROper	tu
estre1	serras	-	VERcjg	estre1
essillier	issilliez	s|m|n	VERppe	essillier
et	e	_	CONcoo	et
je+il	jol	-	PROper.PROper	je+il
tu	te	-	PROper	tu
dire	di	-	VERcjg	dire
qui	ki	s|m|n	PROrel	qui
son4	sa	-	DETpos	son4
estre1	sui	-	VERcjg	estre1
envoiier	envoié	s|f|r	VERppe	envoiier
tot	tut	-	ADVgen	tot
a3	a	_	PRE	a3
le	le	s|m|r	DETdef	le
resne2	regne	s|f|r	NOMcom	resne2
destruire	destruit	s|f|n	VERppe	destruire
et	e	_	CONcoo	et
fauçart	eissillié	-	VERppe	fauçart
qui	Qui	s|m|n	PROrel	qui
cest	cest	s|m|r	DETdem	cest
isnel	anel	s|m|r	NOMcom	isnel
je	me	-	PROper	je
estre1	fud	ind|psp|3|s	VERcjg	estre1
a3+le	al	s|m|r	PRE.DETdef	a3+le
avoir	ad	ind|pst|3|s	VERcjg	avoir
a3	a	_	VERcjg	a3
mien	men	-	ADJpos	mien
devoir	dei	s|f|r	NOMcom	devoir
baillie	baillié	s|m|r	NOMcom	baillie
ne1	ne	_	ADVneg	ne1
estre1	fud	ind|psp|3|s	VERcjg	estre1
pas	pas	_	ADVneg	pas
cuidier1	leide	ind|pst|3|s	VERcjg	cuidier1
ainz	ainz	-	ADVgen	ainz
avoir	ot	ind|psp|3|s	VERcjg	avoir
il	le	3|s|m|r	PROper	il
faire	frunt	s|m|r	NOMcom	faire
doblier	dulgié	s|f|r	VERppe	doblier
par	Par	_	PRE	par
präerie	druerie	s|f|r	NOMcom	präerie
si	si	-	ADVgen	si
il	li	-	PROper	il
avoir	ai	-	VERcjg	avoir
öir	otrei	_	VERcjg	öir
que4	ke	_	CONsub	que4
ja	ja	-	ADVgen	ja
ne1	ne	_	ADVneg	ne1
je	me	-	PROper	je
estre1	ert	-	VERcjg	estre1
de+le	del	s|m|r	PRE.DETdef	de+le
devoir	dei	s|m|r	NOMcom	devoir
mais1	meis	_	NOMcom	mais1
savoir	sachié	s|f|r	VERcjg	savoir
si	si	-	ADVgen	si
avoir	avrai	-	VERcjg	avoir
morir	mort	s|m|r	VERppe	morir
un	un	s|m|r	DETndf	un
françois	franceis	p|m|r	NOMpro	françois
avoir	ot	ind|psp|3|s	VERcjg	avoir
le	l	s|f|r	DETdef	le
espiet	espié	s|m|r	NOMcom	espiet
ami	ami	s|m|n	NOMcom	ami
dire	dist	ind|pst|3|s	VERcjg	dire
charles	Karles	s|m|n	NOMpro	charles
dieu	deu	s|m|n	NOMpro	dieu
en2	en	_	PRE	en2
prendre	prenge	-	VERcjg	prendre
pitié	pitié	s|f|r	NOMcom	pitié
le	L	s|f|r	DETdef	le
espee	epereur	s|m|r	NOMcom	espee
faire	feites	-	VERcjg	faire
je	mei	-	PROper	je
escuier2	escoter	_	VERinf	escuier2
il	il	3|s|m|n	PROper	il
estre1	sunt	ind|pst|3|p	VERcjg	estre1
trois	treis	p|m|r	DETcar	trois
terre	terres	p|f|r	NOMcom	terre
que2	que	s|m|r	CONsub	que2
je	jo	-	PROper	je
savoir	sai	-	VERcjg	savoir
bien1	bin	p	ADVgen	bien1
aesmer	nomer	_	VERinf	aesmer
ami	asie	s|f|r	NOMcom	ami
a3	a	_	PRE	a3
nom	nun	s|m|r	NOMcom	nom
le	l	3|s|m|r	DETdef	le
un	une	s|f|n	PROind	un
atruper	europe	s|f|r	VERppe	atruper
son4	sa	-	DETpos	son4
perdre	per	s|f|r	NOMcom	perdre
le	La	s|f|r	DETdef	le
percier	tierce	s|f|r	VERcjg	percier
avoir	a	ind|pst|3|s	PRE	avoir
nom	nun	s|m|r	NOMcom	nom
ofrir	affrike	s|f|r	VERcjg	ofrir
ne1	ne	_	ADVneg	ne1
pöoir	pouum	-	VERcjg	pöoir
trover	trover	_	VERinf	trover
icel	icels	p|m|r	DETdem	icel
trois	treis	p|m|r	DETcar	trois
trieue	teires	-	NOMcom	trieue
qui	qui	s|m|n	PROrel	qui
faire	funt	ind|pst|3|p	VERcjg	faire
porter	partir	_	VERinf	porter
par	par	_	PRE	par
mer	mer	s|f|r	NOMcom	mer
qui	ki	s|m|n	PROrel	qui
faire	funt	ind|pst|3|p	VERcjg	faire
il	les	p|f|r	PROper	il
il	illes	p|f|r	DETind	il
et	e	_	CONcoo	et
le	la	s|f|r	DETdef	le
terre	terre	s|f|n	NOMcom	terre
sevrer	severer	_	VERinf	sevrer
mon1	mun	-	DETpos	mon1
seignor	seignur	s|m|r	NOMcom	seignor
avoir	ad	ind|pst|3|s	VERcjg	avoir
le	la	s|f|r	DETdef	le
grenon	grenur	s|f|r	ADJqua	grenon
a3	a	_	PRE	a3
garder	garder	_	VERinf	garder
le	L	3|s|m|r	DETdef	le
autre	autre	s|f|n	ADJind	autre
aler	ir	s|m|r	NOMcom	aler
en2	en	_	PRE	en2
faire	firent	-	VERcjg	faire
paien	paens	p|m|r	NOMcom	paien
un	un	s|m|r	DETndf	un
estre1	sort	-	VERcjg	estre1
jurer	jurer	_	VERinf	jurer
que4	k	s|f|r	PROrel	que4
otinel	ices	p|f|r	DETdem	otinel
devoir	deveit	ind|pst|3|p	VERcjg	devoir
avoir	a	ind|pst|3|s	VERcjg	avoir
icel	icele	s|m|r	DETdem	icel
doblier	acliner	_	VERinf	doblier
por2	Pur	_	PRE	por2
ce1	co	_	PROdem	ce1
venir	vienc	ind|pst|3|s	VERcjg	venir
ci	ci	-	ADVgen	ci
le	le	s|m|r	DETdef	le
message1	message	s|m|r	NOMcom	message1
porter	porter	_	VERinf	porter
et	e	_	CONcoo	et
le	l	s|m|r	DETdef	le
ost	ost	s|m|r	NOMcom	ost
soi1	s	3|s|m|r	PROper	soi1
en2	en	_	PROadv	en2
venir	vient	ind|pst|3|s	VERcjg	venir
ne1	ne	_	ADVneg	ne1
il	l	3|s|m|r	PROper	il
avoir	osent	ind|pst|3|p	VERcjg	avoir
pas	pas	_	ADVneg	pas
guerredoner	tresturner	_	VERinf	guerredoner
ami	ami	s|m|n	NOMcom	ami
dire	dit	ind|pst|3|s	VERcjg	dire
charles	Karles	s|m|n	NOMpro	charles
come1	cun	_	CONsub	come1
tu	te	-	PROper	tu
faire	faiz	-	NOMcom	faire
armer	numer	_	NOMcom	armer
balan	Balam	s|m|r	NOMcom	balan
mon1	m	-	PROper	mon1
apeler	apelent	ind|pst|3|p	VERcjg	apeler
ici	issi	-	ADVgen	ici
je	me	-	PROper	je
faire	faz	-	VERcjg	faire
apeler	apeler	_	VERinf	apeler
et	e	_	CONcoo	et
servir	serf	-	VERcjg	servir
le	le	s|m|r	DETdef	le
roi2	rei	s|m|r	NOMcom	roi2
de	de	_	PRE	de
message2	message	s|m|r	NOMcom	message2
porter	porter	_	VERinf	porter
si	si	-	ADVgen	si
ne1+il	nel	3|s|m|r	ADVneg.PROper	ne1+il
servir	serf	-	VERcjg	servir
pas	pas	_	ADVneg	pas
de	de	_	PRE	de
mençogne	mencoge	s|f|r	NOMcom	mençogne
conte1	cunter	_	VERinf	conte1
si	si	-	CONsub	si
il	il	3|s|m|n	PROper	il
estre1	est	ind|pst|3|s	VERcjg	estre1
chose	chose	s|f|n	NOMcom	chose
que1	qu	_	PROrel	que1
en1+le	el	s|m|r	PRE.DETdef	en1+le
estult	estuce	s|f|r	NOMcom	estult
trover	pruver	s|m|r	NOMcom	trover
vers2	vers	_	PRE	vers2
un	un	s|m|r	DETndf	un
vassal	vassal	s|m|r	NOMcom	vassal
le	Le	s|m|r	DETdef	le
voloir	voil	-	VERcjg	voloir
en1	en	_	PRE	en1
coup1	chapm	s|m|r	NOMcom	coup1
mostrer	mustrer	_	VERinf	mostrer
or4	Or	-	ADVgen	or4
tenir1	tien	-	VERcjg	tenir1
mon1	mun	-	DETpos	mon1
guiche	guage	s|m|r	NOMcom	guiche
se	si	_	CONsub	se
tu	tu	-	PROper	tu
le	les	p|m|r	DETdef	le
avoir	os	s|m|r	VERcjg	avoir
penser	penser	_	VERinf	penser
a3+le	al	s|m|r	PRE.DETdef	a3+le
meillor	meillur	-	ADJqua	meillor
ome	humme	s|m|r	NOMcom	ome
que4	que	_	CONsub	que4
tu	tu	-	PROper	tu
pöoir	purras	-	VERcjg	pöoir
trover	trover	_	VERinf	trover
et	e	_	CONcoo	et
je	jo	-	PROper	je
aler	irai	-	VERcjg	aler
mon1	mes	_	DETpos	mon1
larme	harmes	p|f|r	NOMcom	larme
aconter	achater	_	VERinf	aconter
de+le	Del	s|m|r	PRE.DETdef	de+le
or1	or	s|m|r	NOMcom	or1
de	de	_	PRE	de
ofrir	aufric	s|m|r	NOMpro	ofrir
que2	que	_	CONsub	que2
je	jo	-	PROper	je
avoir	ai	-	VERcjg	avoir
faire	fet	p|m|r	VERppe	faire
porter	porter	_	VERinf	porter
et	e	_	CONcoo	et
cel	cil	s|m|n	PROdem	cel
ton4	tun	-	DETpos	ton4
je	me	-	PROper	je
pöoir	put	ind|pst|3|s	VERcjg	pöoir
en1	en	_	PRE	en1
coup1	chapm	s|m|r	NOMcom	coup1
mater	mater	_	VERinf	mater
de	de	_	PRE	de
mon1	mun	-	DETpos	mon1
sele	seel	s|m|r	ADJqua	sele
faire	frai	-	VERcjg	faire
ja	ja	-	ADVgen	ja
emploiier	enseeler	s|f|r	NOMcom	emploiier
onque	unnes	-	DETndf	onque
enseigne	enseignes	p|f|r	NOMcom	enseigne
i2	i	_	DETndf	i2
faire	frai	-	VERcjg	faire
embracier	enbrever	_	VERinf	embracier
que4	Que	_	CONsub	que4
tu	tu	-	PROper	tu
faire	fras	-	ADJqua	faire
a3	a	_	PRE	a3
mon1	mun	-	DETpos	mon1
seignor	seignur	s|m|r	NOMcom	seignor
porter	porter	_	VERinf	porter
ja+mais1	james	-	ADVgen	ja+mais1
nul	nul	s|m|r	DETind	nul
jor	jur	s|m|r	NOMcom	jor
ne1+il	nel	3|s|m|r	ADVneg.PROper	ne1+il
vëoir	verrez	-	VERcjg	vëoir
trebuchier	trespasser	_	VERinf	trebuchier
tu	tu	-	PROper	tu
estre1	es	p|f|r	PRE.DETdef	estre1
fol3	fou	p|m|r	NOMcom	fol3
roi2	reis	s|m|n	NOMcom	roi2
je	jo	-	PROper	je
ne1	ne	_	ADVneg	ne1
tu	te	-	PROper	tu
querre	quier	-	VERcjg	querre
cel	celer	_	VERinf	cel
tu	tu	-	PROper	tu
ne1	n	_	ADVneg	ne1
avoir	as	-	VERcjg	avoir
pas	pas	p|m|r	ADVneg	pas
gent1	gent	s|f|r	NOMcom	gent1
por2	pur	_	PRE	por2
le	la	s|f|r	DETdef	le
terre	terre	s|f|r	NOMcom	terre
messagier	guuarder	s|m|n	VERinf	messagier
garder	grever	s|m|r	VERinf	garder
tant	tant	-	ADVgen	tant
tu	te	-	PROper	tu
cuir	querum	-	VERcjg	cuir
que4	que	_	CONsub	que4
tu	te	-	PROper	tu
pöoir	porum	-	VERcjg	pöoir
trover	trover	_	VERinf	trover
ne1	ne	_	ADVneg	ne1
tu	te	-	PROper	tu
garir	garra	-	VERcjg	garir
bois	bois	_	NOMcom	bois
ne2	ne	_	CONcoo	ne2
terre	terre	s|f|n	NOMcom	terre
ne1	ne	_	ADVneg	ne1
ne1	ne	_	ADVneg	ne1
mer	mer	s|f|r	NOMcom	mer
soi1	se	_	PROper	soi1
ne1	ne	_	ADVneg	ne1
pöoir	poes	-	VERcjg	pöoir
come1	cume	_	CONsub	come1
autre	autre	s|m|r	DETind	autre
oisel	oisel	s|m|r	NOMcom	oisel
voler	voler	_	VERinf	voler
or4	Or	-	ADVgen	or4
tenir1	ten	-	PROper	tenir1
cest	cest	s|m|r	DETdem	cest
brief	brif	s|m|r	NOMcom	brief
si	si	-	ADVgen	si
faire	fai	-	VERcjg	faire
devoir	dedenz	_	PRE	devoir
garder	garder	_	VERinf	garder
se	si	_	ADVgen	se
tu	tu	-	PROper	tu
ne1	ne	_	ADVneg	ne1
très	cres	-	DETdem	très
ce1	co	-	PROdem	ce1
que2	que	_	CONsub	que2
tu	tu	-	PROper	tu
je	m	-	PROper	je
avoir	oz	-	VERcjg	avoir
chanter	cunter	_	VERinf	chanter
si	si	-	ADVgen	si
je	me	-	PROper	je
faire	faites	-	VERcjg	faire
si	si	-	ADVgen	si
voloir	vilment	ind|pst|3|p	VERcjg	voloir
demener	demener	_	VERinf	demener
que1	kum	_	CONsub	que1
baron	larun	s|m|r	NOMcom	baron
qui	ki	s|m|n	PROrel	qui
estre1	est	ind|pst|3|s	VERcjg	estre1
entrer	entrepris	s|m|n	NOMpro	entrer
de	d	_	PRE	de
acier	embler	s|m|r	NOMcom	acier
se	si	_	CONsub	se
ce1	co	s|m|n	PROdem	ce1
ne1	n	_	ADVneg	ne1
en1+le	es	p|m|r	PRE.DETdef	en1+le
voir	veir	_	ADJqua	voir
que2	que	s|m|n	CONsub	que2
tu	tu	-	PROper	tu
je	m	-	PROper	je
avoir	oz	-	VERcjg	avoir
ci	ci	-	ADVgen	ci
prisier	dejuger	_	VERinf	prisier
après	apres	_	PRE	après
le	le	s|m|r	DETdef	le
brief	bref	s|m|r	NOMcom	brief
tu	te	-	PROper	tu
voloir	voderaie	-	VERcjg	voloir
je	je	-	PROper	je
mostrer	mustrer	_	VERinf	mostrer
ce1	ço	-	PROdem	ce1
que4	que	_	CONsub	que4
mi2	mi	s|m|r	NOMcom	mi2
seignor	sires	s|m|n	NOMcom	seignor
je	m	-	PROper	je
faire	osad	ind|psp|3|s	VERcjg	faire
comander	commander	_	VERinf	comander
sor2	sur	_	PRE	sor2
un	un	s|m|r	DETndf	un
martel	mantel	s|m|r	NOMcom	martel
avoir	ad	ind|pst|3|s	VERcjg	avoir
faire	fait	s|m|r	VERcjg	faire
le	le	s|m|r	DETdef	le
bai	brif	s|m|r	NOMcom	bai
doter2	juter	_	VERinf	doter2
le	Li	s|m|n	DETdef	le
roi2	reis	s|m|n	NOMcom	roi2
le	le	s|m|r	DETdef	le
maille	baille	ind|pst|3|s	NOMcom	maille
a3+le	al	s|m|r	PRE.DETdef	a3+le
bon	bon	-	ADJqua	bon
abé1	abes	s|m|n	NOMcom	abé1
fermer	fromer	s|m|r	NOMcom	fermer
cel	Cil	-	DETdem	cel
frein	frainz	s|m|n	NOMcom	frein
le	la	s|f|r	DETdef	le
seignor	cire	s|f|r	NOMcom	seignor
se	si	_	ADVgen	se
comencier	comence	ind|pst|3|s	VERcjg	comencier
a3	a	_	PRE	a3
penser	penser	_	VERinf	penser
laissier	Laische	s|f|r	NOMcom	laissier
le	le	3|s|m|r	DETdef	le
devoir	deit	ind|pst|3|s	VERcjg	devoir
si	si	-	ADVgen	si
il	lest	s|m|r	PROper	il
le	le	s|m|r	DETdef	le
brisier	brif	s|m|r	NOMcom	brisier
aler	aler	_	VERinf	aler
turpin	turpins	s|m|n	NOMpro	turpin
de	de	_	PRE	de
roi2	reins	s|m|r	NOMpro	roi2
il	le	3|s|m|r	PROper	il
aler	veit	ind|pst|3|s	VERcjg	aler
soz	suz	_	PRE	soz
lever	lever	_	VERinf	lever
emperëor	empereur	s|m|r	NOMcom	emperëor
vos1	vos	-	PROper	vos1
faire	faites	-	VERcjg	faire
a3	a	_	PRE	a3
clamer	blamer	_	VERinf	clamer
qui	ki	s|m|n	PROrel	qui
avoir	a	ind|pst|3|s	VERcjg	avoir
tel	tels	p|m|r	DETind	tel
ome	hummes	p|m|r	NOMcom	ome
faire	faites	-	VERcjg	faire
vos1	vos	-	PROper	vos1
brief	bries	p|m|r	NOMcom	brief
saignier	livrer	_	VERinf	saignier
je	ju	-	PROper	je
vëoir	vi	s|m|r	VERcjg	vëoir
ja+mais1	jadis	-	ADVgen	ja+mais1
cant1	quant	_	CONsub	cant1
il	il	3|s|m|n	PROper	il
estre1	ert	-	VERcjg	estre1
bacheler	bacheler	s|m|n	NOMcom	bacheler
et	e	_	CONcoo	et
gascon	cascun	s|m|n	NOMcom	gascon
jor	jur	s|m|n	NOMcom	jor
estre1	ert	-	VERcjg	estre1
a3+le	al	s|m|r	PRE.DETdef	a3+le
venir	vin	s|f|r	NOMcom	venir
en1	en	_	PRE	en1
son4	sun	3|s|m|r	DETpos	son4
celer1	celir	s|f|r	NOMcom	celer1
mot	mot	s|m|r	NOMcom	mot
il	li	s|m|n	PROper	il
öir	oï	ind|psp|3|s	VERcjg	öir
fraindre	prametre	s|f|r	VERcjg	fraindre
et	e	_	CONcoo	et
poi	poi	-	ADVgen	poi
doner	doner	_	VERinf	doner
savoir	saciez	p|m|r	VERppe	savoir
que4	que	_	CONsub	que4
ce1	co	-	PROdem	ce1
il	lui	-	PROper	il
faire	fait	ind|pst|3|s	VERcjg	faire
le	les	p|m|r	DETdef	le
ueil	oiliz	p|m|r	NOMcom	ueil
fermer	lermer	_	VERinf	fermer
or4	Or	-	ADVgen	or4
cuidier1	quid	ind|pst|3|s	VERcjg	cuidier1
il	il	3|s|m|n	PROper	il
son4	ses	-	PROper	son4
plusor	tresors	p|m|r	NOMcom	plusor
encontrer	enfundrer	_	VERinf	encontrer
que4	Que	_	CONsub	que4
il	lui	-	PROper	il
estult	estuce	s|f|r	NOMcom	estult
et	e	_	CONcoo	et
parler	partir	_	VERinf	parler
et	e	_	CONcoo	et
doner	doner	_	VERinf	doner
aler	alez	s|m|n	VERppe	aler
dan2	danz	s|m|n	NOMcom	dan2
abé1	abes	s|m|n	NOMcom	abé1
le	les	p|m|r	DETdef	le
buisine	matines	p|f|r	NOMcom	buisine
chanter	chanter	_	VERinf	chanter
mieus	melz	p|m|r	ADVgen	mieus
laissier	leïsiez	s|m|n	VERcjg	laissier
tot	lutiez	s|f|r	VERppe	tot
le	la	s|f|r	DETdef	le
vie1	vie	s|f|r	NOMcom	vie1
saint	saint	-	VERcjg	saint
ome	homer	s|m|r	NOMcom	ome
mais1	mes	_	CONcoo	mais1
je	jo	-	PROper	je
lire	lirrai	-	VERcjg	lire
que4	qu	_	CONsub	que4
en1	en	_	PRE	en1
savoir	saverai	-	VERcjg	savoir
deviser	deviser	_	VERinf	deviser
a3+le	al	s|m|r	PRE.DETdef	a3+le
bon	bon	-	ADJqua	bon
amer1	abé	s|m|n	VERppe	amer1
ne1	n	_	ADVneg	ne1
en2	en	_	PROadv	en2
avoir	out	ind|psp|3|s	VERcjg	avoir
que1	que	_	CONsub	que1
corrocier	curecir	_	VERinf	corrocier
de	De	_	PRE	de
soi1	sei	-	PROper	soi1
resembler	rescoure	s|f|r	NOMcom	resembler
estre1	fu	ind|psp|3|s	VERcjg	estre1
mal1	sages	s|m|n	ADJqua	mal1
et	e	_	CONcoo	et
mangier	manier	_	VERinf	mangier
ne1	ne	_	ADVneg	ne1
eslaissier	truuissez	-	VERcjg	eslaissier
mieus	mielz	-	ADVgen	mieus
soi1	se	3|s|m|r	PROper	soi1
estre1	sust	ind|pst|3|s	VERcjg	estre1
aidier	aidir	_	VERinf	aidier
seignor	sire	s|m|n	NOMcom	seignor
arcevesque	arcevesche	s|m|n	NOMcom	arcevesque
ne1	ne	_	ADVneg	ne1
vos1	vos	-	PROper	vos1
devoir	deit	ind|pst|3|s	VERcjg	devoir
entor	ennuir	-	ADVgen	entor
qui	ki	s|m|n	PROrel	qui
je	mei	-	PROper	je
voler	vodert	_	VERcjg	voler
et	e	_	CONcoo	et
vos1	vos	-	PROper	vos1
par	par	_	PRE	par
droit	dreit	-	ADVgen	droit
ploiier	jugier	_	VERinf	ploiier
il	il	3|s|m|n	PROper	il
nos1	nus	-	PROper	nos1
ferir	ferreit	-	VERcjg	ferir
le	les	p|f|r	DETdef	le
membre	menbres	p|m|r	NOMcom	membre
tot	tus	p|m|r	DETind	tot
trenchier1	trenchier	_	VERinf	trenchier1
cant1	Quant	_	CONsub	cant1
nos1	nus	-	PROper	nos1
avoir	avum	-	VERcjg	avoir
le	le	s|m|n	DETdef	le
roi2	rei	s|m|r	NOMcom	roi2
a3	a	_	PRE	a3
conseillier1	conseillir	_	VERinf	conseillier1
ne1	ne	_	ADVneg	ne1
soi1	se	3|s|m|r	PROper	soi1
pöoir	penst	-	VERcjg	pöoir
prince	prince	s|f|r	NOMcom	prince
qui	qui	s|m|n	PROrel	qui
terre	terre	s|f|n	NOMcom	terre
avoir	ad	ind|pst|3|s	VERcjg	avoir
avoir	a	ind|pst|3|s	VERcjg	avoir
tolir	ballir	_	VERinf	tolir
que4	Que	_	CONsub	que4
de	de	_	PRE	de
son4	sun	3|s|m|r	DETpos	son4
cler	clerc	s|m|r	NOMcom	cler
faire	face	-	VERcjg	faire
son4	sun	3|s|m|r	DETpos	son4
conseil	conseilir	s|m|r	NOMcom	conseil
mais1	mais	_	CONcoo	mais1
le	le	s|m|n	DETdef	le
faire	face	-	VERcjg	faire
de	de	_	PRE	de
son4	sun	3|s|m|r	DETpos	son4
bon	bon	-	ADJqua	bon
chevalier	chevalir	s|m|r	NOMcom	chevalier
qui	ki	s|m|n	PROrel	qui
avoir	a	ind|pst|3|s	VERcjg	avoir
foison	buisun	s|m|r	NOMcom	foison
le	li	s|m|n	DETdef	le
pöoir	puisse	-	VERcjg	pöoir
avoir	aver	_	VERinf	avoir
mestier	mester	s|m|r	NOMcom	mestier
et	e	_	CONcoo	et
por2	por	_	PRE	por2
son4	sun	3|s|m|r	DETpos	son4
cors1	cors	s|m|r	NOMcom	cors1
le	le	s|m|r	DETdef	le
son4	sun	3|s|m|r	DETpos	son4
vieil	violle	s|f|r	ADJqua	vieil
le	li	s|m|n	DETdef	le
chevalier	esgangier	s|m|n	NOMcom	chevalier
dont	Qant	ind|pst|3|p	ADVgen	dont
le	l	3|s|m|r	DETdef	le
emperëor	empereur	s|m|r	NOMcom	emperëor
le	les	p|m|r	DETdef	le
avoir	ot	ind|psp|3|s	NOMcom	avoir
de	de	_	PRE	de
mort	motz	p|m|r	NOMcom	mort
tenser	tencir	_	VERinf	tenser
trestot	trestute	s|m|n	DETind	trestot
son4	sa	-	DETpos	son4
ire	ire	s|f|r	NOMcom	ire
il	lui	-	PROper	il
faire	funt	ind|pst|3|p	VERcjg	faire
targier2	asuager	_	VERinf	targier2
laissier	Leissez	-	VERcjg	laissier
dan2	danz	s|m|n	NOMcom	dan2
vers2	abes	p|f|r	NOMcom	vers2
parler	parler	_	VERinf	parler
le	le	s|m|n	DETdef	le
messagier	messagir	s|m|n	NOMcom	messagier
il	Li	p|m|r	PROper	il
arcevesque	arcevesche	s|m|n	NOMcom	arcevesque
soi1	se	3|s|m|r	PROper	soi1
percier	drece	s|f|r	NOMcom	percier
en1	en	_	PRE	en1
ester	estant	s|f|r	VERppa	ester
si	si	-	ADVgen	si
avoir	ad	ind|pst|3|s	VERcjg	avoir
parler	parlé	s|m|r	VERppe	parler
hautement	hautement	-	ADVgen	hautement
en1	en	_	PRE	en1
aler	oant	-	VERcjg	aler
desoz	Oez	s|m|n	PRE	desoz
seignor	seinur	_	ADJqua	seignor
ce1	co	-	PROdem	ce1
que4	que	_	CONsub	que4
mander	mande	ind|pst|3|s	VERcjg	mander
rollant	agulant	s|m|n	NOMpro	rollant
il	il	3|s|m|n	PROper	il
estre1	sunt	ind|pst|3|p	VERcjg	estre1
trois	treis	p|m|r	DETcar	trois
terre	terres	p|f|r	NOMcom	terre
il	il	3|s|m|n	PROper	il
en2	en	_	PROadv	en2
avoir	ad	ind|pst|3|s	VERcjg	avoir
le	la	s|f|r	DETdef	le
plus	plus	-	ADVgen	plus
grant	grant	-	ADJqua	grant
de	de	_	PRE	de
son4	sa	-	DETpos	son4
chambre1	calabre	s|f|r	NOMcom	chambre1
que2	que	s|f|r	PROrel	que2
ce1	ço	s|m|n	PROdem	ce1
bien1	ben	-	ADVgen	bien1
estre1	est	ind|pst|3|s	VERcjg	estre1
ça	ca	s|f|n	ADVgen	ça
avant	avant	-	ADVgen	avant
ne1	n	_	ADVneg	ne1
i2	i	_	PROadv	i2
avoir	ad	ind|pst|3|s	VERcjg	avoir
remanoir	remés	s|m|r	VERppe	remanoir
feme	femme	_	NOMcom	feme
ne2	ne	_	CONcoo	ne2
enfant	enfant	s|m|n	NOMcom	enfant
mal1	Balam	s|m|n	NOMpro	mal1
jor	jure	s|f|r	NOMcom	jor
mahumet	mahum	s|m|r	NOMpro	mahumet
et	e	_	CONcoo	et
tervagant	tervagant	s|m|r	NOMpro	tervagant
por2	Pur	_	PRE	por2
ce1	co	s|m|n	PROdem	ce1
il	lui	-	PROper	il
vos1	vus	-	PROper	vos1
faire	fait	ind|pst|3|s	VERcjg	faire
charles	karles	s|m|n	NOMpro	charles
cest	cest	s|m|r	DETdem	cest
menacier	matalant	s|m|r	NOMcom	menacier
por2	pur	_	PRE	por2
sol1	sul	s|f|r	ADJqua	sol1
itant	itant	-	ADVgen	itant
que4	que	_	CONsub	que4
estre1	es	-	VERcjg	estre1
en1	en	_	PRE	en1
dieu	deu	s|m|r	NOMcom	dieu
crëanter	creant	s|m|n	VERppe	crëanter
ce1	Co	_	PROdem	ce1
vostre	vostre	-	DETpos	vostre
col	col	s|m|r	NOMcom	col
ne1	n	_	ADVneg	ne1
entendre	estendés	s|m|n	VERppe	entendre
son4	sos	_	DETpos	son4
sans	sen	_	PRE	sans
brant1	brand	s|m|r	NOMcom	brant1
et	e	_	CONcoo	et
de	de	_	PRE	de
son4	sa	-	DETpos	son4
loi3	lei	s|f|r	NOMcom	loi3
ne1	n	_	ADVneg	ne1
estre1	estes	-	VERcjg	estre1
escariman	recunisant	-	VERppa	escariman
por2	pur	_	PRE	por2
vostre	vostre	-	DETpos	vostre
vie1	vie	s|f|r	NOMcom	vie1
ne1	ne	_	ADVneg	ne1
doner	dorei	-	VERcjg	doner
je	ge	s|m|r	DETdef	je
un	un	s|m|r	DETndf	un
besant	besant	s|m|r	NOMcom	besant
dire	Dient	ind|pst|3|p	VERcjg	dire
françois	franceis	p|m|r	NOMpro	françois
bien1	bin	p	ADVgen	bien1
parole	parole	s|f|r	NOMcom	parole
talent	balant	s|m|r	NOMpro	talent
et	e	_	CONcoo	et
bien1	bien	p	ADVgen	bien1
menacier	manace	ind|pst|3|s	VERcjg	menacier
et	e	_	CONcoo	et
de	de	_	PRE	de
bocle	buche	s|f|r	NOMcom	bocle
et	e	_	CONcoo	et
de	de	_	PRE	de
li	guuant	s|m|r	NOMcom	li
faire	Oez	s|m|n	NOMcom	faire
seignor	seignurs	-	NOMcom	seignor
onque	unchore	s|m|n	NOMcom	onque
vos1	vus	-	PROper	vos1
avoir	ai	-	VERcjg	avoir
a3	a	_	PRE	a3
dire	dire	_	VERinf	dire
roi2	reis	s|m|n	NOMcom	roi2
rollant	agulant	s|m|n	NOMpro	rollant
venir	vint	p|m|r	VERcjg	venir
avoir	ot	ind|psp|3|s	VERcjg	avoir
mout	mut	-	ADVgen	mout
grant	grant	-	ADJqua	grant
ire	ire	s|f|r	NOMcom	ire
crestïenté	Cristienté	s|f|n	NOMcom	crestïenté
voloir	volt	ind|pst|3|s	VERcjg	voloir
a3	a	_	PRE	a3
estre1	estrus	s|m|r	VERppe	estre1
destruire	destruire	s|f|n	VERppe	destruire
avoir	Ot	s|m|r	VERcjg	avoir
son4	ses	-	DETpos	son4
dieu	deus	p|m|r	NOMcom	dieu
main2	meins	-	ADJqua	main2
vos1	vos	-	PROper	vos1
venir	voderat	-	VERcjg	venir
il	il	3|s|m|n	PROper	il
ocire	ocir	_	VERinf	ocire
issir	elmunt	s|m|n	VERcjg	issir
son4	sun	3|s|m|r	DETpos	son4
fil2	fiz	s|m|r	NOMcom	fil2
ferir	ferrat	-	VERcjg	ferir
a3	a	_	PRE	a3
ome	rome	s|f|r	NOMcom	ome
seignor	sire	s|m|n	NOMcom	seignor
de+le	Des	p|m|r	PRE.DETdef	de+le
sarrasin	sararacins	-	VERcjg	sarrasin
avoir	at	ind|pst|3|s	VERcjg	avoir
o4	o	_	PRE	o4
il	Lui	-	PROper	il
tel	tele	s|f|n	DETind	tel
empire	enpire	s|m|r	NOMcom	empire
ne1	n	_	ADVneg	ne1
avoir	at	ind|pst|3|s	VERcjg	avoir
ome	humme	s|m|r	NOMcom	ome
a3+le	al	s|m|r	PRE.DETdef	a3+le
monde1	munde	s|m|r	NOMcom	monde1
que4	que	_	CONsub	que4
estre1	seit	-	VERcjg	estre1
ce1	co	-	DETdem	ce1
estre1	seüst	-	ADJqua	estre1
belebarbe	descrivre	-	VERcjg	belebarbe
por2	Pur	_	PRE	por2
ce1	ço	-	PROdem	ce1
que4	que	_	CONsub	que4
il	il	3|s|m|n	PROper	il
avoir	eüst	-	VERcjg	avoir
faire	reçeü	ind|pst|3|s	VERcjg	faire
batisement	batestirre	s|f|r	NOMcom	batisement
por2	Pur	_	PRE	por2
nul	nule	s|f|r	DETind	nul
joie	joie	s|f|r	NOMcom	joie
en1	en	_	PRE	en1
estre1	ust	s|f|r	NOMcom	estre1
talent	talenz	s|m|r	NOMcom	talent
de	de	_	PRE	de
rire	rire	_	VERinf	rire
car	kar	_	CONcoo	car
si	si	-	ADVgen	si
tel	tel	s|m|r	DETind	tel
ost	ost	s|m|r	NOMcom	ost
vers2	vers	_	PRE	vers2
chastel	Crestiens	p|m|r	NOMcom	chastel
soi1	se	3|s|m|r	PROper	soi1
vivre1	vire	_	VERinf	vivre1
onque	Onques	-	ADVgen	onque
ne1	ne	_	ADVneg	ne1
estre1	fu	ind|psp|3|s	VERcjg	estre1
plus	plus	-	ADVgen	plus
hauberc	dolerus	s|m|n	NOMcom	hauberc
porter	martire	s|m|r	NOMcom	porter
fé	Oez	s|m|r	PRE	fé
seignor	seingnurs	-	NOMcom	seignor
dont	dunt	-	PROrel	dont
rollant	agulant	s|m|n	NOMpro	rollant
tençon	tençone	s|f|r	NOMcom	tençon
crestïenté	cristienté	s|f|r	NOMcom	crestïenté
destruire	destruit	s|f|n	VERppe	destruire
et	e	_	CONcoo	et
deporter	depersone	p|m|r	NOMpro	deporter
alemant	elmunt	s|m|r	NOMpro	alemant
son4	sun	3|s|m|r	DETpos	son4
fil2	fiz	s|m|r	NOMcom	fil2
voloir	volt	ind|pst|3|s	VERcjg	voloir
corone	coroner	_	VERinf	corone
a3	a	_	PRE	a3
ome	rome	s|f|r	NOMcom	ome
a3	a	_	PRE	a3
vos1	vos	-	PROper	vos1
mëisme	meimes	s|m|n	NOMcom	mëisme
abatre	abatera	-	VERcjg	abatre
le	la	s|f|n	DETdef	le
corone	corune	s|f|r	NOMcom	corone
turpin	Turpins	s|m|n	NOMpro	turpin
parole	parole	s|f|r	NOMcom	parole
mais1	mes	-	DETpos	mais1
ne1	n	_	ADVneg	ne1
avoir	a	ind|pst|3|s	VERcjg	avoir
talent	talent	s|m|r	NOMcom	talent
qui	que	s|m|n	PROrel	qui
rire	rie	-	VERcjg	rire
roi2	reis	s|m|n	NOMcom	roi2
rollant	agulant	s|m|n	NOMpro	rollant
venir	vient	ind|pst|3|s	VERcjg	venir
avoir	ot	ind|psp|3|s	VERcjg	avoir
son4	sa	-	DETpos	son4
gironee	barunie	s|f|r	NOMcom	gironee
par	Par	_	PRE	par
set	set	-	DETcar	set
foiz	feiz	p|f|r	NOMcom	foiz
ce1	c	_	PROdem	ce1
je	m	-	PROper	je
conoistre	conduit	ind|pst|3|s	VERcjg	conoistre
en1	en	_	PRE	en1
son4	sa	-	DETpos	son4
baillie	baillie	s|f|r	NOMcom	baillie
par	Par	_	PRE	par
haut	haute	-	ADJqua	haut
mer	mer	s|f|r	NOMcom	mer
venir	vient	ind|pst|3|s	VERcjg	venir
avoir	ot	ind|psp|3|s	VERcjg	avoir
mout	mut	-	ADVgen	mout
grant	grant	-	ADJqua	grant
navie	navie	s|f|r	NOMcom	navie
roi2	reis	p|m|r	NOMcom	roi2
troias	troïens	s|m|n	NOMpro	troias
son4	sun	3|s|m|r	DETpos	son4
ainz	einzne	s|m|r	NOMcom	ainz
fil2	fiz	s|m|n	NOMcom	fil2
il	les	-	PROper	il
guiier	guie	ind|pst|3|s	VERcjg	guiier
tant	tant	-	ADVgen	tant
i2	i	_	PROadv	i2
avoir	at	ind|pst|3|s	VERcjg	avoir
gent1	gent	s|f|r	NOMcom	gent1
ne1	n	_	ADVneg	ne1
i2	i	_	PROadv	i2
avoir	a	ind|pst|3|s	VERcjg	avoir
nul	nul	s|f|r	PROind	nul
qui	qui	s|m|n	PROrel	qui
vair1	ver	-	ADJqua	vair1
en1	en	_	PRE	en1
dire	die	s|m|r	NOMcom	dire
ainz	ainz	-	ADVgen	ainz
que4	que	_	CONsub	que4
vengier	vingez	s|m|n	VERppe	vengier
a3+le	as	p|m|r	PRE.DETdef	a3+le
poing	plenz	p|m|r	NOMcom	poing
de	de	_	PRE	de
lumbardie	lunbardie	s|f|r	NOMpro	lumbardie
ne2	ne	_	CONcoo	ne2
qui	que	s|m|n	PROrel	qui
vëoir	veez	-	VERcjg	vëoir
vermeil1	verzails	-	ADJqua	vermeil1
ne2	ne	_	CONcoo	ne2
ivorie	ivorie	s|f|r	NOMpro	ivorie
denier	Deverrs	_	NOMcom	denier
le	La	s|f|r	DETdef	le
où	u	_	PROrel	où
le	La	s|f|n	DETdef	le
terre	terre	s|f|n	NOMcom	terre
estre1	ert	-	VERcjg	estre1
bastir	sasie	s|f|r	VERppe	bastir
crestïenté	Crestienté	s|f|n	NOMcom	crestïenté
en2	en	_	PROadv	en2
estre1	ert	-	VERcjg	estre1
si	si	-	ADVgen	si
mal1	mal	-	ADJqua	mal1
baillie	baillie	s|f|n	NOMcom	baillie
ne1	n	_	ADVneg	ne1
i2	i	_	PROadv	i2
avoir	avra	-	VERcjg	avoir
ome	humme	s|m|r	NOMcom	ome
qui	ki	s|m|n	PROint	qui
ne1	ne	_	ADVneg	ne1
perdre	perde	-	VERcjg	perdre
le	la	s|f|r	DETdef	le
vie1	vie	s|f|r	NOMcom	vie1
et	e	_	CONcoo	et
vos1	vos	-	PROper	vos1
mëisme	meimes	p|f|r	NOMcom	mëisme
qui+il	kis	p|m|r	PROrel.PROper	qui+il
avoir	avez	-	VERcjg	avoir
en2	en	_	PROadv	en2
maudire	ballie	s|f|r	NOMpro	maudire
qui	ki	s|m|n	PROrel	qui
conseillier1	consentés	-	VERcjg	conseillier1
cest	ceste	s|f|r	DETdem	cest
novele	novelerie	s|m|n	NOMcom	novele
metre2	metez	s|m|r	VERppe	metre2
le	le	s|m|r	DETdef	le
col	col	s|m|r	NOMcom	col
soz	suz	_	PRE	soz
le	l	s|f|r	DETdef	le
espee	espee	s|f|r	NOMcom	espee
forbir	forbie	s|f|r	VERppe	forbir
et	e	_	CONcoo	et
se	s	_	CONsub	se
il	il	3|s|m|n	PROper	il
tant	tant	-	ADVgen	tant
ne1	ne	_	ADVneg	ne1
faire	fait	ind|pst|3|s	VERcjg	faire
que1	que	_	CONsub	que1
il	il	3|s|m|n	PROper	il
ne1	ne	_	ADVneg	ne1
vos1	vos	-	PROper	vos1
ocire	occie	ind|pst|3|s	VERcjg	ocire
vos1	vos	-	PROper	vos1
ne1	ne	_	ADVneg	ne1
ferir	ferrez	-	VERcjg	ferir
ja+mais1	james	-	ADVgen	ja+mais1
chevalerie	chevalerie	s|f|r	NOMcom	chevalerie
et	e	_	CONcoo	et
autre	autre	s|m|r	DETind	autre
terre	terre	s|f|r	NOMcom	terre
avoir	averez	-	VERcjg	avoir
un	une	s|f|r	DETndf	un
baillie	baillie	s|f|r	NOMcom	baillie
que4	ke	_	CONsub	que4
vos1	vos	-	PROper	vos1
falir	vaudrat	-	VERcjg	falir
un	une	s|f|r	DETndf	un
trenchier1	senechausie	s|f|r	NOMcom	trenchier1
a3	a	_	PRE	a3
icest	icest	s|m|r	DETdem	icest
prison	prisun	s|m|r	NOMcom	prison
mout	mot	-	NOMcom	mout
estre1	est	ind|pst|3|s	VERcjg	estre1
le	la	s|f|n	DETdef	le
char2	chartre	s|f|n	NOMcom	char2
finer	finie	s|f|r	VERppe	finer
ce1	Co	-	PROdem	ce1
dire	dit	ind|pst|3|s	VERcjg	dire
mal1	balam	-	NOMpro	mal1
entendre	enten	_	PRE	entendre
emperëor	enpereür	s|m|n	NOMcom	emperëor
que4	Que	_	PROrel	que4
dire	dirai	-	VERcjg	dire
je	ge	-	PROper	je
rollant	agulant	s|m|r	NOMpro	rollant
mon1	mun	-	DETpos	mon1
saignier	seinur	s|m|r	NOMcom	saignier
de	De	_	PRE	de
tu	tei	-	PROper	tu
combatre	cumbatre	_	VERinf	combatre
o4	od	_	PRE	o4
il	lui	-	PROper	il
ne1	n	_	ADVneg	ne1
avoir	at	ind|pst|3|s	VERcjg	avoir
nul	nul	s|m|r	DETind	nul
retor1	retur	s|m|r	NOMcom	retor1
plus	Plus	-	ADVgen	plus
que4	que	_	CONsub	que4
de+le	del	s|m|r	PRE.DETdef	de+le
en2	ane	s|f|r	NOMcom	en2
et	e	_	CONcoo	et
de+le	del	s|m|r	PRE.DETdef	de+le
mien	muier	s|m|r	NOMcom	mien
estor2	ostur	s|m|r	NOMcom	estor2
cent	Cent	p|m|r	DETcar	cent
mil1	mile	p|m|r	PROcar	mil1
estre1	sunt	ind|pst|3|p	VERcjg	estre1
nostre	nostre	-	DETpos	nostre
comencier	commenceür	_	VERinf	comencier
et	e	_	CONcoo	et
je	jo	-	PROper	je
en2	en	_	PROadv	en2
devoir	dei	s|m|r	VERcjg	devoir
estre1	estre	_	PRE	estre1
le	le	s|m|r	DETdef	le
premier	premier	s|m|r	NOMcom	premier
ferir	fereür	_	VERinf	ferir
je	jo	-	PROper	je
il	l	3|s|m|r	PROper	il
avoir	ai	ind|pst|3|p	VERcjg	avoir
en1	en	_	PRE	en1
fil2	fiu	s|m|r	NOMcom	fil2
si	si	-	CONsub	si
avoir	urent	ind|psp|3|s	VERcjg	avoir
mie	mi	_	NOMcom	mie
acier	anceür	s|m|r	NOMcom	acier
sor2	sur	_	PRE	sor2
un	un	s|m|r	DETndf	un
cheval	cheval	s|m|r	NOMcom	cheval
si	si	-	ADVgen	si
blanc	blanc	-	ADJqua	blanc
come1	cum	_	CONsub	come1
flor1	flur	s|f|r	NOMcom	flor1
fausser	Fauve	ind|pst|3|s	VERcjg	fausser
ne1	ne	_	ADVneg	ne1
aler	gris	s|m|r	VERcjg	aler
ainz	einz	-	ADVgen	ainz
estre1	est	ind|pst|3|s	VERcjg	estre1
de	de	_	PRE	de
un	une	s|f|r	DETndf	un
color	colur	s|f|r	NOMcom	color
nïent	nient	_	ADVneg	nïent
venir	menur	_	VERinf	venir
de	de	_	PRE	de
autre	autre	s|m|r	DETind	autre
ainz	einz	-	ADVgen	ainz
estre1	est	ind|pst|3|s	VERcjg	estre1
un	un	s|m|n	DETndf	un
poi	poi	s|m|r	NOMcom	poi
grenon	grenur	s|m|r	ADJqua	grenon
cant1	Quant	_	CONsub	cant1
vos1	vos	-	PROper	vos1
vëoir	verrez	-	VERcjg	vëoir
vos1	vos	-	PROper	vos1
gent1	gent	s|f|r	NOMcom	gent1
joster	juster	_	VERinf	joster
a3+le	as	p|f|r	PRE.DETdef	a3+le
lor2	lur	3|s|m|r	DETpos	lor2
ne1	n	_	ADVneg	ne1
estre1	estes	-	VERcjg	estre1
pas	pas	_	ADVneg	pas
sain	sein	-	ADJqua	sain
ne1	n	_	ADVneg	ne1
avoir	avez	-	VERcjg	avoir
tant	tant	-	ADVgen	tant
de	de	_	PRE	de
pëor	paür	s|f|r	NOMcom	pëor
se	se	_	CONsub	se
vostre	vostre	-	DETpos	vostre
joie	joie	s|f|r	NOMcom	joie
ne2	ne	_	ADVneg	ne2
vos1	vos	-	PROper	vos1
torner	turne	ind|pst|3|s	VERcjg	torner
a3	a	_	PRE	a3
dolor	dolur	s|f|r	NOMcom	dolor
avoir	Ot	ind|pst|3|s	VERcjg	avoir
le	le	s|m|r	DETdef	le
le	li	s|m|n	DETdef	le
roi2	reis	s|m|n	NOMcom	roi2
mout	mut	-	ADVgen	mout
en2	en	_	PROadv	en2
avoir	ot	ind|psp|3|s	VERcjg	avoir
grant	grant	-	ADJqua	grant
iror	irrur	s|f|r	NOMcom	iror
ferir	Ferir	_	VERinf	ferir
le	le	3|s|m|r	DETdef	le
voloir	volt	ind|pst|3|s	VERcjg	voloir
mais1	mes	-	ADVgen	mais1
le	les	p|f|r	DETdef	le
duc2	dux	s|m|n	NOMcom	duc2
naimes	Naimes	s|m|r	NOMpro	naimes
i2	i	_	PROadv	i2
corir	curt	ind|pst|3|s	VERcjg	corir
merci	merci	s|f|r	NOMcom	merci
bel1	biau	s|m|n	ADJqua	bel1
seignor	sire	s|m|n	NOMcom	seignor
por2	pur	_	PRE	por2
dieu	deu	s|m|r	NOMcom	dieu
il	le	3|s|m|r	PROper	il
trestor	creatur	s|m|r	NOMcom	trestor
ja	ja	-	ADVgen	ja
vos1	vos	-	PROper	vos1
torner	turnerunt	-	VERcjg	torner
a3	a	_	PRE	a3
mal1	mal	s|m|r	NOMcom	mal1
tot	tut	s|m|n	ADVgen	tot
le	li	s|m|n	DETdef	le
plusor	plusur	-	NOMcom	plusor
dire	Dit	ind|pst|3|s	VERcjg	dire
le	l	s|m|n	DETdef	le
emperëor	empereir	s|m|n	NOMcom	emperëor
il	il	3|s|m|n	PROper	il
mentir	ment	ind|pst|3|s	VERcjg	mentir
le	li	s|m|n	DETdef	le
larron	lecheür	-	NOMcom	larron
dire	Di	-	VERcjg	dire
ton4	tun	-	DETpos	ton4
seignor	seignur	s|m|r	NOMcom	seignor
sans	sanz	_	PRE	sans
nul	nul	s|m|r	DETind	nul
contredire	contreditur	ind|pst|3|s	VERcjg	contredire
que2	Que	s|m|n	CONsub	que2
ainz	ainz	-	ADVgen	ainz
catre	quatre	p|m|r	DETcar	catre
mais1	meis	p|m|r	CONcoo	mais1
ne1	n	_	ADVneg	ne1
i2	i	_	PROadv	i2
avoir	avrat	-	VERcjg	avoir
il	il	3|s|m|n	PROper	il
de	d	_	PRE	de
icest	icest	s|m|r	DETdem	icest
jor	jur	s|m|r	NOMcom	jor
en1	en	_	PRE	en1
aigremunt	aspremunt	-	ADVgen	aigremunt
porter	porterai	-	VERcjg	porter
mon1	ma	-	DETpos	mon1
errer2	orreflur	s|m|r	NOMcom	errer2
tant	tant	-	ADVgen	tant
come1	cumme	_	CONsub	come1
dieu	deu	s|m|r	NOMpro	dieu
savoir	save	ind|pst|3|s	VERcjg	savoir
le	le	s|m|r	DETdef	le
mien	min	-	DETpos	mien
cors1	cors	s|m|n	NOMcom	cors1
ne1	n	_	ADVneg	ne1
avoir	averai	-	VERcjg	avoir
je	jo	-	PROper	je
ja	ja	-	ADVgen	ja
terre	terrïen	s|f|r	NOMcom	terre
seignor	seignur	-	NOMcom	seignor
mal1	Balam	s|m|n	NOMpro	mal1
avoir	out	ind|psp|3|s	ADVgen	avoir
ire	ire	s|f|r	NOMcom	ire
de+le	del	s|m|r	PRE.DETdef	de+le
roi2	rei	s|m|r	NOMcom	roi2
que2	qu	_	PROrel	que2
il	il	3|s|m|n	PROper	il
avoir	ot	ind|psp|3|s	VERcjg	avoir
empener	enpensé	s|m|r	VERppe	empener
que4	Que	_	CONsub	que4
le	le	s|m|r	DETdef	le
ferir	ferist	-	VERcjg	ferir
se	se	_	CONsub	se
il	il	3|s|m|n	PROper	il
ne1	ne	_	ADVneg	ne1
estre1	fust	ind|psp|3|s	VERcjg	estre1
ost	osté	s|m|n	NOMcom	ost
des2	Des	_	PRE	des2
or4	ore	-	ADVgen	or4
parole	parole	s|f|r	NOMcom	parole
come1	cum	_	CONsub	come1
chevalier	chevalier	s|m|r	NOMcom	chevalier
membré1	menbré	_	VERppe	membré1
de	De	_	PRE	de
son4	sun	3|s|m|r	DETpos	son4
message1	message	s|m|r	NOMcom	message1
cantque	quanque	-	PROrel	cantque
il	il	3|s|m|n	PROper	il
avoir	ot	ind|psp|3|s	VERcjg	avoir
celer1	celé	s|f|r	NOMcom	celer1
roi2	rei	s|m|r	NOMcom	roi2
charles	Karles	s|m|n	NOMpro	charles
entendre	entent	ind|pst|3|s	VERcjg	entendre
que4	que	_	CONsub	que4
rollant	agulant	s|m|n	NOMpro	rollant
tu	te	-	PROper	tu
avoir	a	ind|pst|3|s	VERcjg	avoir
mander	mandé	p|m|r	VERppe	mander
par	Par	_	PRE	par
je	mei	-	PROper	je
il	l	3|s|m|r	PROper	il
öir	orras	-	VERcjg	öir
qui	ki	s|m|n	PROrel	qui
il	il	3|s|m|n	PROper	il
estre1	fu	ind|psp|3|s	VERcjg	estre1
comander	cumandé	s|m|n	VERppe	comander
por2	Pur	_	PRE	por2
son4	sun	3|s|m|r	DETpos	son4
très	treü	s|f|r	VERppe	très
que4	que	_	CONsub	que4
ne1	ne	_	ADVneg	ne1
il	li	-	PROper	il
avoir	as	-	VERcjg	avoir
porter	porté	s|f|r	VERppe	porter
aler	Va	ind|pst|3|s	VERcjg	aler
tost1	tost	-	ADVgen	tost1
a3	a	_	PRE	a3
il	lui	-	PROper	il
que4	que	_	CONsub	que4
il	il	3|s|m|n	PROper	il
ne1	ne	_	ADVneg	ne1
estre1	seit	-	VERcjg	estre1
trestorner	trestrunné	s|m|n	VERppe	trestorner
faire	Fai	-	VERcjg	faire
il	lui	-	PROper	il
on	humage	s|m|r	NOMcom	on
vëoir	veant	-	VERppa	vëoir
tot	tut	s|f|r	DETind	tot
son4	sun	3|s|m|r	DETpos	son4
barné	barné	s|m|r	NOMcom	barné
si	si	-	ADVgen	si
ne1+il	nel	3|s|m|r	ADVneg.PROper	ne1+il
faire	faiz	p|f|r	NOMcom	faire
a3	a	_	PRE	a3
major	malur	s|f|r	ADJqua	major
estre1	fus	p|m|r	NOMcom	estre1
mais1	né	_	ADVneg	mais1
ne1	ne	_	ADVneg	ne1
tu	te	-	PROper	tu
laissier	lerra	-	VERcjg	laissier
ne2	ne	_	CONcoo	ne2
chastel	chastel	s|m|r	NOMcom	chastel
ne2	ne	_	CONcoo	ne2
cité	cité	s|f|r	NOMcom	cité
ne2	ne	_	CONcoo	ne2
bois	bois	s|m|r	NOMcom	bois
ne2	ne	_	CONcoo	ne2
tor2	tur	s|m|n	NOMcom	tor2
ne2	ne	_	CONcoo	ne2
plein	plein	s|m|r	ADJqua	plein
ne2	ne	_	CONcoo	ne2
faire	fermeté	s|m|n	VERppe	faire
corone	korune	s|f|r	NOMcom	corone
a3+le	al	s|m|r	PRE.DETdef	a3+le
chief1	chif	s|m|r	NOMcom	chief1
ne1	ne	_	CONcoo	ne1
autre	autre	s|f|n	DETind	autre
venir	digneté	s|m|r	NOMcom	venir
ne1	n	_	ADVneg	ne1
i2	i	_	PROadv	i2
avoir	averat	-	VERcjg	avoir
ome	humme	s|m|r	NOMcom	ome
de	de	_	PRE	de
ton4	tun	-	DETpos	ton4
lignage	linaGe	s|m|r	NOMcom	lignage
ne2	né	_	CONcoo	ne2
que4	Que	_	CONsub	que4
il	il	3|s|m|n	PROper	il
pöoir	puisse	-	VERcjg	pöoir
fraindre	ateindre	_	VERinf	fraindre
en1	en	_	PRE	en1
le	la	s|f|r	DETdef	le
crestïenté	cristïenté	s|f|r	NOMcom	crestïenté
que4	Que	_	CONsub	que4
de	d	_	PRE	de
un	un	s|m|r	DETndf	un
de+le	des	p|m|r	PRE.DETdef	de+le
membré1	membre	s|f|r	NOMcom	membré1
ne1	ne	_	ADVneg	ne1
estre1	seit	-	VERcjg	estre1
desmesurer	deshonoré	s|m|n	VERppe	desmesurer
vostre	v	-	DETcar	vostre
poing	puig	s|m|r	NOMcom	poing
coup1	cope	s|m|r	NOMcom	coup1
o3	u	_	CONcoo	o3
a3+le	al	s|m|r	PRE.DETdef	a3+le
mieus	mex	s|m|n	NOMcom	mieus
estre1	ert	-	VERcjg	estre1
a3+le	as	p|m|r	PRE.DETdef	a3+le
feutre	furches	p|m|r	NOMcom	feutre
escrïer	encroé	s|m|r	VERppe	escrïer
puis	puis	-	ADVgen	puis
tu	te	-	PROper	tu
si	si	-	ADVgen	si
come1	cum	_	CONsub	come1
avoir	at	ind|pst|3|s	VERcjg	avoir
en1	en	_	PRE	en1
penser	pensé	s|m|r	NOMcom	penser
ton4	ta	-	DETpos	ton4
prim	prime	s|f|r	NOMcom	prim
barbe	barbe	s|f|r	NOMcom	barbe
qui	que	_	CONsub	qui
avoir	as	-	VERcjg	avoir
en1	en	_	PRE	en1
tel	tel	s|m|r	DETind	tel
afichier	chierté	s|f|r	VERppe	afichier
a3	a	_	PRE	a3
le	la	s|f|r	DETdef	le
mangier	manire	s|f|r	NOMcom	mangier
de	de	_	PRE	de
hungrie	runcin	s|m|r	NOMpro	hungrie
escrire	escurte	s|f|r	NOMcom	escrire
tu	te	-	PROper	tu
estre1	ert	-	VERcjg	estre1
reposer	recopé	s|m|n	VERppe	reposer
et	e	_	CONcoo	et
le	le	s|f|r	DETdef	le
poil	peil	s|m|r	NOMcom	poil
trenchier1	trenchié	s|m|n	VERppe	trenchier1
abandoner	trunsuné	s|m|n	VERppe	abandoner
ne2	Ne	_	CONcoo	ne2
avoir	avras	-	VERcjg	avoir
felon	pel	s|m|r	NOMcom	felon
que4	que	_	CONsub	que4
ne1	ne	_	ADVneg	ne1
tu	te	-	PROper	tu
estre1	seit	-	VERcjg	estre1
celer1	pelé	s|m|r	NOMcom	celer1
et	e	_	CONcoo	et
puis	puis	-	ADVgen	puis
estre1	seras	-	VERcjg	estre1
a3	a	_	PRE	a3
angevin	runcin	s|m|r	NOMcom	angevin
prisier	trainé	s|f|r	VERppe	prisier
tant	Tant	-	ADVgen	tant
come1	cum	_	CONsub	come1
or4	ore	-	ADVgen	or4
durer	dure	ind|pst|3|s	VERcjg	durer
tot	tute	s|f|n	DETind	tot
ton4	ta	-	DETpos	ton4
pöoir	poesté	s|m|r	VERppe	pöoir
onque	vnques	-	ADVgen	onque
puis	puis	-	ADVgen	puis
il	le	3|s|m|r	PROper	il
or4	ore	-	ADVgen	or4
que4	que	_	CONsub	que4
avoir	adam	-	VERcjg	avoir
estre1	fu	ind|psp|3|s	VERcjg	estre1
fermer	furmé	s|m|n	VERppe	fermer
et	e	_	CONcoo	et
tot	tut	s|m|n	DETind	tot
le	li	s|m|n	DETdef	le
mont	munt	ind|pst|3|s	NOMcom	mont
il	li	-	PROper	il
estre1	fu	ind|psp|3|s	VERcjg	estre1
abandoner	abanduné	s|m|n	VERppe	abandoner
ne1	ne	_	ADVneg	ne1
estre1	fu	ind|psp|3|s	VERcjg	estre1
ome	humme	s|m|n	NOMcom	ome
si	si	-	ADVgen	si
solement	vilement	-	ADVgen	solement
demener	demené	s|m|n	VERppe	demener
itel	itel	s|m|n	DETind	itel
estre1	est	ind|pst|3|s	VERcjg	estre1
il	l	3|s|m|r	PROper	il
ire	ire	s|f|n	NOMcom	ire
de	de	_	PRE	de
rollant	agulant	s|m|r	NOMpro	rollant
le	le	s|m|r	DETdef	le
sené2	sené	s|m|r	NOMcom	sené2
ne1+il	nel	3|s|m|r	ADVneg.PROper	ne1+il
corrocier	corocier	_	VERinf	corrocier
ne1	ne	_	ADVneg	ne1
pais	saés	s|f|r	NOMcom	pais
si	si	-	ADVgen	si
oser	osé	s|m|r	VERppe	oser
nom	Num	s|m|r	NOMcom	nom
ferir	ferras	-	VERcjg	ferir
tu	tu	-	PROper	tu
ne1	n	_	ADVneg	ne1
estre1	es	-	VERcjg	estre1
pas	pas	_	ADVneg	pas
a3	a	_	PRE	a3
ce1	co	s|m|r	DETdem	ce1
maufé	mudlé	s|m|r	VERppe	maufé
ome	jombles	s|m|n	NOMcom	ome
ome	hom	s|m|n	NOMcom	ome
estre1	es	-	VERcjg	estre1
se	si	_	ADVgen	se
avoir	as	-	VERcjg	avoir
poi	poi	s|m|r	NOMcom	poi
endurer	enduré	s|m|r	VERppe	endurer
ne2	n	_	CONcoo	ne2
avoir	as	-	VERcjg	avoir
nul	nul	s|m|r	DETind	nul
mestier	mestir	s|m|r	NOMcom	mestier
fors1	fors	_	PRE	fors1
de	d	_	PRE	de
estre1	estre	s|f|r	VERinf	estre1
enchäener	encurtiné	s|m|r	VERppe	enchäener
en1	en	_	PRE	en1
ton4	tes	-	DETpos	ton4
chambre1	chambres	p|m|r	NOMcom	chambre1
seignier	seignié	s|m|n	NOMcom	seignier
et	e	_	CONcoo	et
veintre	uentusé	s|m|n	VERppe	veintre
sovent	Sovent	-	ADVgen	sovent
seignier	baingnié	p|m|r	VERppe	seignier
et	e	_	CONcoo	et
couchier	chuchié	s|m|n	VERppe	couchier
et	e	_	CONcoo	et
lever	leué	s|m|r	VERppe	lever
ce1	Ço	-	PROdem	ce1
afïer	afier	_	VERinf	afïer
a3	a	_	PRE	a3
ome	hume	s|m|r	NOMcom	ome
qui	ki	s|m|n	PROrel	qui
estre1	est	ind|pst|3|s	VERcjg	estre1
de	de	_	PRE	de
ome	jombe	s|m|r	NOMcom	ome
et	ee	_	CONcoo	et
devoir	Deheit	s|m|n	VERppe	devoir
roi2	reis	p|m|r	NOMcom	roi2
en1	en	_	PRE	en1
son4	sun	3|s|m|r	DETpos	son4
palais2	paleis	s|m|r	NOMcom	palais2
mater	maté	s|m|n	VERppe	mater
qui	ki	s|m|n	PROrel	qui
de	de	_	PRE	de
tant	tant	-	ADVgen	tant
resne2	regnes	s|f|r	NOMcom	resne2
estre1	est	ind|pst|3|s	VERcjg	estre1
seignor	síres	-	PRE	seignor
clamer	clamé	s|m|n	VERppe	clamer
puis	puise	ind|pst|3|s	VERcjg	puis
estre1	estre	_	VERinf	estre1
de	de	_	PRE	de
son4	sun	3|s|m|r	DETpos	son4
ostel	ostel	s|m|r	NOMcom	ostel
ja+mais1	juté	s|m|n	VERppe	ja+mais1
recroire	Recreant	s|m|r	VERppa	recroire
estre1	es	-	ADVgen	estre1
je+il	jol	3|s|m|r	PROper.PROper	je+il
savoir	sai	-	VERcjg	savoir
de	de	_	PRE	de
verité	verité	s|f|r	NOMcom	verité
par	par	_	PRE	par
tu	tei	-	PROper	tu
sarrasin	sarazins	p|m|r	NOMpro	sarrasin
en1	en	_	PRE	en1
vilté	vilté	s|f|r	NOMcom	vilté
cöart	charun	s|m|r	NOMcom	cöart
ne1	n	_	ADVneg	ne1
avoir	averunt	-	VERcjg	avoir
vers2	vers	_	PRE	vers2
qui	qui	s|m|n	PROrel	qui
mostrer	mustrer	s|m|r	VERinf	mostrer
lor2	lur	3|s|m|r	DETpos	lor2
bonté	freté	s|m|r	VERppe	bonté
mout	Mut	-	ADVgen	mout
estre1	est	ind|pst|3|s	VERcjg	estre1
grant	grant	-	ADJqua	grant
hanste	hunte	s|f|r	NOMcom	hanste
ome	humme	s|m|r	NOMcom	ome
de	de	_	PRE	de
ton4	tun	-	DETpos	ton4
et	eé	_	NOMcom	et
que4	Que	_	CONsub	que4
vivre1	siscle	s|f|n	NOMcom	vivre1
estre1	est	ind|pst|3|s	VERcjg	estre1
de	de	_	PRE	de
tu	te	-	PROper	tu
encombrer	encumbré	s|m|r	VERppe	encombrer
mais1	Mais	_	CONcoo	mais1
par	par	_	PRE	par
icel	icel	s|m|r	DETdem	icel
dieu	deu	s|m|r	NOMcom	dieu
qui	qui	s|m|n	PROrel	qui
tant	tant	-	ADVgen	tant
avoir	ad	ind|pst|3|s	VERcjg	avoir
eslaissier	humilité	s|m|r	VERppe	eslaissier
que4	Que	_	CONsub	que4
rollant	agulant	s|m|n	NOMpro	rollant
je	me	-	PROper	je
tenir1	teneit	ind|pst|3|p	VERcjg	tenir1
en1	en	_	PRE	en1
tel	tel	s|m|r	DETind	tel
chiere	chirter	_	NOMcom	chiere
que4	Que	_	CONsub	que4
son4	sun	3|s|m|r	DETpos	son4
message1	message	s|m|r	NOMcom	message1
tu	t	-	PROper	tu
avoir	at	ind|pst|3|s	VERcjg	avoir
par	par	_	PRE	par
mon1	ma	-	DETpos	mon1
bucie	buche	s|f|r	NOMcom	bucie
mander	mandé	p|m|r	VERppe	mander
soz	Suz	_	PRE	soz
cel	cil	s|m|n	PROdem	cel
ne1	n	_	ADVneg	ne1
avoir	at	ind|pst|3|s	VERcjg	avoir
ome	humme	s|m|r	NOMcom	ome
tant	tant	-	ADVgen	tant
come1	cum	_	CONsub	come1
le	li	s|m|n	DETdef	le
monde1	munde	ind|pst|3|s	NOMcom	monde1
estre1	est	ind|pst|3|s	VERcjg	estre1
le	lee	-	ADJqua	le
fort	fors	-	PRE	fort
sol1	sul	_	ADJqua	sol1
mon1	mun	-	DETpos	mon1
cors1	cors	s|m|r	NOMcom	cors1
et	e	_	CONcoo	et
mon1	mun	-	DETpos	mon1
brant1	brant	s|m|r	NOMcom	brant1
ovrer	aceré	s|m|r	VERppe	ovrer
si	Si	-	ADVgen	si
en2	en	_	PROadv	en2
estre1	ert	-	VERcjg	estre1
par	par	_	PRE	par
je	mei	-	PROper	je
le	le	s|m|r	DETdef	le
päis	pais	s|m|r	NOMcom	päis
ajoster	aquité	s|f|r	VERppe	ajoster
par	par	_	PRE	par
il	l	3|s|m|r	PROper	il
embracier	entrecop	s|m|n	NOMcom	embracier
o4	od	_	PRE	o4
le	le	s|m|r	DETdef	le
bon	bon	-	ADJqua	bon
brant1	brant	s|m|r	NOMcom	brant1
ovrer	aceré	s|m|r	VERppe	ovrer
que4	Que	_	CONsub	que4
il	li	-	PROper	il
pendre	pendi	ind|psp|3|s	VERcjg	pendre
a3+le	al	s|m|r	PRE.DETdef	a3+le
fenestre	senestre	s|f|r	NOMcom	fenestre
costé	costé	s|m|r	NOMcom	costé
par2	Par	-	ADVgen	par2
ire	ire	s|f|r	NOMcom	ire
il	l	3|s|m|r	PROper	il
avoir	at	ind|pst|3|s	VERcjg	avoir
tant	tant	-	ADVgen	tant
de	de	_	PRE	de
fuerre2	feorre	s|m|r	NOMcom	fuerre2
jeter	jeté	s|m|r	VERppe	jeter
de	D	_	PRE	de
un	un	s|m|r	DETndf	un
demi2	demi	s|m|r	NOMcom	demi2
celee1	pelee	s|f|r	NOMcom	celee1
le	li	s|m|n	DETdef	le
faire	pace	s|m|r	NOMcom	faire
le	le	s|m|r	DETdef	le
brandir1	brandire	s|f|r	NOMcom	brandir1
le	Le	s|m|r	DETdef	le
que2	que	s|m|r	CONsub	que2
que4	que	s|m|n	PROrel	que4
estre1	fust	ind|psp|3|s	VERcjg	estre1
sans	sens	_	PRE	sans
o3	u	_	CONcoo	o3
folie2	folie	s|f|r	NOMcom	folie2
ja	ja	-	ADVgen	ja
en2	en	_	PROadv	en2
fust1	fust	s|m|r	VERcjg	fust1
charles	Karle	s|m|r	NOMpro	charles
par	par	_	PRE	par
mi2	mi	s|m|r	NOMcom	mi2
le	le	s|m|r	DETdef	le
chief1	chif	s|m|r	NOMcom	chief1
eleins	elmé	s|m|r	VERppe	eleins
cant1	Quant	_	CONsub	cant1
naimes	Naimes	s|m|n	NOMpro	naimes
o4	od	_	PRE	o4
son4	ses	-	DETpos	son4
braz	braz	p|m|r	NOMcom	braz
apeler	acolee	s|f|r	VERppe	apeler
par	Par	_	PRE	par
fol3	fol	-	ADJqua	fol3
ne1	ne	_	ADVneg	ne1
tenir	tint	ind|psp|3|s	VERcjg	tenir
et	e	_	CONcoo	et
por2	pur	_	PRE	por2
demorer	demusuré	s|m|r	VERppe	demorer
et	E	_	CONcoo	et
tel	tels	p|m|r	DETind	tel
il	lx	3|s|m|r	PROper	il
en2	en	_	PROadv	en2
estre1	sunt	ind|pst|3|p	VERcjg	estre1
o4	o	_	PRE	o4
il	lui	-	PROper	il
jor	juré	s|m|r	VERppe	jor
que4	Que	_	CONsub	que4
ja	ja	-	ADVgen	ja
avoir	usent	ind|pst|3|s	VERcjg	avoir
le	le	s|m|r	DETdef	le
siege	sicle	s|m|r	NOMcom	siege
delivrer	delivré	s|m|n	VERppe	delivrer
que4	Que	_	PROrel	que4
message2	message	s|m|r	NOMcom	message2
dire	die	s|f|n	VERcjg	dire
tot	tut	-	DETind	tot
son4	sun	3|s|m|r	DETpos	son4
penser	pensé	s|m|r	NOMcom	penser
mais1	Meis	_	CONcoo	mais1
de	de	_	PRE	de
plus	plus	-	ADVgen	plus
faire	faire	_	VERinf	faire
ne1	ne	_	ADVneg	ne1
il	lui	-	PROper	il
laissier	laissez	-	VERcjg	laissier
son4	sun	3|s|m|r	DETpos	son4
gré2	gré	s|m|r	NOMcom	gré2
car	kar	_	CONcoo	car
estre1	surquidance	_	NOMpro	estre1
il	l	3|s|m|r	PROper	il
avoir	avrat	-	VERcjg	avoir
tot	tot	-	ADVgen	tot
afoler	afolé	s|m|n	VERppe	afoler
cant1	Quant	_	CONsub	cant1
onor	hoger	s|m|r	NOMcom	onor
il	l	3|s|m|r	PROper	il
avoir	ot	ind|psp|3|s	VERcjg	avoir
por2	pur	_	PRE	por2
poi	poi	-	NOMcom	poi
ne1	n	_	ADVneg	ne1
estre1	est	ind|pst|3|s	VERcjg	estre1
forsener	forsené	s|m|n	VERppe	forsener
color	Colur	_	NOMcom	color
il	lui	-	PROper	il
müer	mue	_	VERcjg	müer
le	li	s|m|n	DETdef	le
sanc	sanc	s|m|r	NOMcom	sanc
il	li	-	PROper	il
estre1	est	ind|pst|3|s	VERcjg	estre1
trembler1	troublé	s|m|n	VERppe	trembler1
grant	Grens	-	ADJqua	grant
et	e	_	CONcoo	et
plenier2	plen	-	ADJqua	plenier2
de	d	_	PRE	de
ire	ire	s|f|r	NOMcom	ire
soi1	s	3|s|m|r	PROper	soi1
estre1	est	ind|pst|3|s	VERcjg	estre1
vers2	vers	_	PRE	vers2
le	le	s|m|r	DETdef	le
roi2	rei	s|m|r	NOMcom	roi2
torner	turné	s|m|n	VERppe	torner
en1	En	_	PRE	en1
itel	itel	s|m|r	DETind	itel
guiche	guise	s|f|r	NOMpro	guiche
il	l	3|s|m|r	PROper	il
avoir	at	ind|pst|3|s	VERcjg	avoir
adeser	aresuné	s|m|r	VERppe	adeser
ogier	Oger	s|m|r	NOMpro	ogier
parole	parole	s|f|r	NOMcom	parole
qui	ki	s|m|r	PROrel	qui
guerpir	gref	s|m|r	NOMcom	guerpir
ire	ire	s|f|r	NOMcom	ire
vostre	susprent	-	ADJqua	vostre
droit	Dreiz	-	ADJqua	droit
emperëor	enperirer	s|m|n	VERinf	emperëor
faire	fait	ind|pst|3|s	VERcjg	faire
il	il	3|s|m|n	PROper	il
avoir	a	ind|pst|3|s	VERcjg	avoir
je	me	-	PROper	je
entendre	entent	ind|pst|3|s	VERcjg	entendre
par	par	_	PRE	par
icel	icel	s|m|r	DETdem	icel
dieu	deu	s|m|r	NOMpro	dieu
a3	a	_	PRE	a3
qui	qui	s|m|n	PROrel	qui
le	li	s|m|n	DETdef	le
mont	munt	ind|pst|3|s	VERcjg	mont
ataindre	apent	ind|pst|3|s	VERcjg	ataindre
qui	ki	s|m|n	PROrel	qui
en1	en	_	PRE	en1
le	la	s|f|r	DETdef	le
servise	uirgine	s|f|r	NOMcom	servise
venir	vint	ind|pst|3|s	VERcjg	venir
par	par	_	PRE	par
isnelement	anuncement	-	ADVgen	isnelement
se	Se	_	PROper	se
a3	a	_	PRE	a3
cest	ceste	s|f|r	DETdem	cest
fier	fie	s|f|r	NOMcom	fier
passer1	passez	s|m|n	VERppe	passer1
mon1	mun	-	DETpos	mon1
talent	talent	s|m|r	NOMcom	talent
de	De	_	PRE	de
cest	cest	s|m|r	DETdem	cest
gloton	glutun	s|m|r	NOMcom	gloton
qui	ki	s|m|n	PROrel	qui
ci	ci	-	ADVgen	ci
soi1	uei	s|f|r	NOMcom	soi1
en1	en	_	PRE	en1
present1	present	s|m|r	NOMcom	present1
que2	Ke	_	PROrel	que2
or4	ore	-	ADVgen	or4
en1	en	_	PRE	en1
droit	dreit	s|m|r	NOMcom	droit
ne1	ne	_	ADVneg	ne1
prendre	prenge	-	VERcjg	prendre
vengement	vengement	-	NOMcom	vengement
