edM_w_000001	l	le	DETdef	NOMB.=s|GENRE=m|CAS=r
edM_w_000002	avoir	avoir	NOMcom	NOMB.=s|GENRE=m|CAS=r
edM_w_000003	ont	avoir	VERcjg	MODE=ind|TEMPS=pst|PERS.=3|NOMB.=p
edM_w_000004	fet	faire	VERppe	NOMB.=s|GENRE=m|CAS=r
edM_w_000005	léaument	lëaument	ADVgen	DEGRE=-
edM_w_000006	departir	departir	VERinf	MORPH=empty
edM_w_000007	si	si	ADVgen	DEGRE=-
edM_w_000008	bonement	bonement	ADVgen	DEGRE=-
edM_w_000009	que	que4	CONsub	MORPH=empty
edM_w_000010	...s		OUT	MORPH=empty
edM_w_000011	nus	nos1	PROper	PERS.=1|NOMB.=p|GENRE=m|CAS=i
edM_w_000012	n	ne1	ADVneg	MORPH=empty
edM_w_000013	i	i2	PROadv	MORPH=empty
edM_w_000014	perdi	perdre	VERcjg	MODE=ind|TEMPS=psp|PERS.=3|NOMB.=s
edM_w_000015	Gautlers	Gautier	NOMpro	NOMB.=s|GENRE=m|CAS=n
edM_w_000016	d	de	PRE	MORPH=empty
edM_w_000017	eno	Henaut	NOMpro	NOMB.=s|GENRE=m|CAS=r
edM_w_000018	fist	faire	VERcjg	MODE=ind|TEMPS=psp|PERS.=3|NOMB.=s
edM_w_000019	delivrés	delivrer	VERppe	NOMB.=p|GENRE=m|CAS=r
edM_w_000020	les	le	DETdef	NOMB.=p|GENRE=m|CAS=r
edM_w_000021	pris	prendre	VERppe	NOMB.=p|GENRE=m|CAS=r
edM_w_000022	et	et	CONcoo	MORPH=empty
edM_w_000023	il	il	PROper	PERS.=3|NOMB.=s|GENRE=m|CAS=n
edM_w_000024	les	il	PROper	PERS.=3|NOMB.=p|GENRE=m|CAS=r
edM_w_000025	fist	faire	VERcjg	MODE=ind|TEMPS=psp|PERS.=3|NOMB.=s
edM_w_000026	en	en1	PRE	MORPH=empty
edM_w_000027	une	un	DETndf	NOMB.=s|GENRE=f|CAS=r
edM_w_000028	tor	tor2	NOMcom	NOMB.=s|GENRE=f|CAS=r
edM_w_000029	flatir	flatir	VERinf	MORPH=empty
edM_w_000030	n	ne1	ADVneg	MORPH=empty
edM_w_000031	en	en2	PROadv	MORPH=empty
edM_w_000032	istront	issir	VERcjg	MODE=ind|TEMPS=fut|PERS.=3|NOMB.=p
edM_w_000033	Mes	Mès	NOMpro	NOMB.=s|GENRE=x|CAS=r
edM_w_000034	si	si	ADVgen	DEGRE=-
edM_w_000035	le	il	PROper	PERS.=3|NOMB.=s|GENRE=m|CAS=r
edM_w_000036	saura	savoir	VERcjg	MODE=ind|TEMPS=fut|PERS.=3|NOMB.=s
edM_w_000037	Garins	Garin	NOMpro	NOMB.=s|GENRE=m|CAS=n
edM_w_000038	à	a3	PRE	MORPH=empty
edM_w_000039	son	son4	DETpos	PERS.=3|NOMB.=s|GENRE=m|CAS=r
edM_w_000040	talant	talent	NOMcom	NOMB.=s|GENRE=m|CAS=r
edM_w_000041	en	en2	PROadv	MORPH=empty
edM_w_000042	jert	estre1	VERcjg	MODE=ind|TEMPS=fut|PERS.=3|NOMB.=s
edM_w_000043	venjance	venjance	NOMcom	NOMB.=s|GENRE=f|CAS=r
edM_w_000044	pris	prendre	VERppe	NOMB.=s|GENRE=f|CAS=r
edM_w_000045	bien	bien1	ADVgen	DEGRE=p
edM_w_000046	doit	devoir	VERcjg	MODE=ind|TEMPS=pst|PERS.=3|NOMB.=s
edM_w_000047	li	le	DETdef	NOMB.=s|GENRE=m|CAS=n
edM_w_000048	dus	duc2	NOMcom	NOMB.=s|GENRE=m|CAS=n
edM_w_000049	amer	amer1	VERinf	MORPH=empty
edM_w_000050	ses	son4	DETpos	PERS.=3|NOMB.=p|GENRE=m|CAS=r
edM_w_000051	bons	bon	ADJqua	NOMB.=p|GENRE=m|CAS=r|DEGRE=p
edM_w_000052	amis	ami	NOMcom	NOMB.=p|GENRE=m|CAS=r
edM_w_000053	qui	qui	PROrel	NOMB.=p|GENRE=m|CAS=n
edM_w_000054	pour	por2	PRE	MORPH=empty
edM_w_000055	lui	il	PROper	PERS.=3|NOMB.=s|GENRE=m|CAS=i
edM_w_000056	sont	estre1	VERcjg	MODE=ind|TEMPS=pst|PERS.=3|NOMB.=p
edM_w_000057	de	de	PRE	MORPH=empty
edM_w_000058	tel	tel	DETind	NOMB.=s|GENRE=f|CAS=r
edM_w_000059	guerre	guerre	NOMcom	NOMB.=s|GENRE=f|CAS=r
edM_w_000060	entremis	entremetre	VERppe	NOMB.=p|GENRE=m|CAS=n
edM_w_000061	car	car	CONcoo	MORPH=empty
edM_w_000062	il	il	PROper	PERS.=3|NOMB.=p|GENRE=m|CAS=n
edM_w_000063	i	i2	PROadv	MORPH=empty
edM_w_000064	mettent	metre2	VERcjg	MODE=ind|TEMPS=pst|PERS.=3|NOMB.=p
edM_w_000065	et	et	CONcoo	MORPH=empty
edM_w_000066	le	le	DETdef	NOMB.=s|GENRE=m|CAS=r
edM_w_000067	cuer	cuer2	NOMcom	NOMB.=s|GENRE=m|CAS=r
edM_w_000068	et	et	CONcoo	MORPH=empty
edM_w_000069	le	le	DETdef	NOMB.=s|GENRE=m|CAS=r
edM_w_000070	piz	piz	NOMcom	NOMB.=s|GENRE=m|CAS=r
edM_w_000071	j	un	DETndf	NOMB.=s|GENRE=m|CAS=n
edM_w_000072	messagier	messagier	NOMcom	NOMB.=s|GENRE=m|CAS=n
edM_w_000073	à	a3	PRE	MORPH=empty
edM_w_000074	Mon—Loon	Mont-Loon	NOMpro	NOMB.=s|GENRE=x|CAS=r
edM_w_000075	en	en2	PROadv	MORPH=empty
edM_w_000076	vint	venir	VERcjg	MODE=ind|TEMPS=psp|PERS.=3|NOMB.=s
edM_w_000077	qui	qui	PROrel	NOMB.=s|GENRE=m|CAS=n
edM_w_000078	l	il	PROper	PERS.=3|NOMB.=s|GENRE=m|CAS=r
edM_w_000079	a	avoir	VERcjg	MODE=ind|TEMPS=pst|PERS.=3|NOMB.=s
edM_w_000080	conté	conter	VERppe	NOMB.=s|GENRE=m|CAS=r
edM_w_000081	l	le	DETdef	NOMB.=s|GENRE=m|CAS=r
edM_w_000082	emperéor	emperëor	NOMcom	NOMB.=s|GENRE=m|CAS=r
edM_w_000083	Pepin	Pepin	NOMpro	NOMB.=s|GENRE=m|CAS=r
edM_w_000084	et	et	CONcoo	MORPH=empty
edM_w_000085	la	le	DETdef	NOMB.=s|GENRE=f|CAS=r
edM_w_000086	roïne	röine1	NOMcom	NOMB.=s|GENRE=f|CAS=r
edM_w_000087	qui	qui	PROrel	NOMB.=s|GENRE=f|CAS=n
edM_w_000088	tant	tant	ADVgen	DEGRE=-
edM_w_000089	ot	avoir	VERcjg	MODE=ind|TEMPS=psp|PERS.=3|NOMB.=s
edM_w_000090	cler	cler	ADJqua	NOMB.=s|GENRE=m|CAS=r|DEGRE=p
edM_w_000091	le	le	DETdef	NOMB.=s|GENRE=m|CAS=r
edM_w_000092	vis	vis1	NOMcom	NOMB.=s|GENRE=m|CAS=r
edM_w_000093	si	si	ADVgen	DEGRE=-
edM_w_000094	come	come1	CONsub	MORPH=empty
edM_w_000095	Miles	Miles	NOMpro	NOMB.=s|GENRE=m|CAS=n
edM_w_000096	et	et	CONcoo	MORPH=empty
edM_w_000097	Gautiers	Gautier	NOMpro	NOMB.=s|GENRE=m|CAS=n
edM_w_000098	l	le	DETdef	NOMB.=s|GENRE=m|CAS=n
edM_w_000099	orfelins	orfenin	NOMcom	NOMB.=s|GENRE=m|CAS=n
edM_w_000100	ont	avoir	VERcjg	MODE=ind|TEMPS=pst|PERS.=3|NOMB.=p
edM_w_000101	desconfit	desconfire	VERppe	NOMB.=s|GENRE=m|CAS=r
edM_w_000102	Fromond	Fromund	NOMpro	NOMB.=s|GENRE=m|CAS=r
edM_w_000103	le	le	DETdef	NOMB.=s|GENRE=m|CAS=r
edM_w_000104	poëstif	pöestëif	NOMcom	NOMB.=s|GENRE=m|CAS=r
edM_w_000105	dist	dire	VERcjg	MODE=ind|TEMPS=pst|PERS.=3|NOMB.=s
edM_w_000106	la	le	DETdef	NOMB.=s|GENRE=f|CAS=n
edM_w_000107	roïne	röine1	NOMcom	NOMB.=s|GENRE=f|CAS=n
edM_w_000108	bien	bien1	ADVgen	DEGRE=p
edM_w_000109	le	il	PROper	PERS.=3|NOMB.=s|GENRE=m|CAS=r
edM_w_000110	font	faire	VERcjg	MODE=ind|TEMPS=pst|PERS.=3|NOMB.=p
edM_w_000111	mi	mon1	DETpos	PERS.=1|NOMB.=s|GENRE=m|CAS=n
edM_w_000112	ami	ami	NOMcom	NOMB.=s|GENRE=m|CAS=n
edM_w_000113	diex	dieu	NOMpro	NOMB.=s|GENRE=m|CAS=n
edM_w_000114	lor	il	PROper	PERS.=3|NOMB.=p|GENRE=m|CAS=i
edM_w_000115	doint	doner	VERcjg	MODE=sub|TEMPS=pst|PERS.=3|NOMB.=s
edM_w_000116	force	force2	NOMcom	NOMB.=s|GENRE=f|CAS=r
edM_w_000117	qu	que4	CONsub	MORPH=empty
edM_w_000118	il	il	PROper	PERS.=3|NOMB.=p|GENRE=m|CAS=n
edM_w_000119	se	soi1	PROper	PERS.=3|NOMB.=p|GENRE=m|CAS=r
edM_w_000120	puissent	pöoir	VERcjg	MODE=sub|TEMPS=pst|PERS.=3|NOMB.=p
edM_w_000121	tenir	tenir1	VERinf	MORPH=empty
edM_w_000122	mult	mout	ADVgen	DEGRE=-
edM_w_000123	pert	perdre	VERcjg	MODE=ind|TEMPS=pst|PERS.=3|NOMB.=s
edM_w_000124	Fromons	Fromund	NOMpro	NOMB.=s|GENRE=m|CAS=r
edM_w_000125	li	le	DETdef	NOMB.=s|GENRE=m|CAS=n
edM_w_000126	rois	roi2	NOMcom	NOMB.=s|GENRE=m|CAS=n
edM_w_000127	de	de	PRE	MORPH=empty
edM_w_000128	France	France	NOMpro	NOMB.=s|GENRE=f|CAS=r
edM_w_000129	a	avoir	VERcjg	MODE=ind|TEMPS=pst|PERS.=3|NOMB.=s
edM_w_000130	dit	dire	VERppe	NOMB.=s|GENRE=m|CAS=r
edM_w_000131	dist	dire	VERcjg	MODE=ind|TEMPS=pst|PERS.=3|NOMB.=s
edM_w_000132	la	le	DETdef	NOMB.=s|GENRE=f|CAS=n
edM_w_000133	roine	röine1	NOMcom	NOMB.=s|GENRE=f|CAS=n
edM_w_000134	foi	foi	NOMcom	NOMB.=s|GENRE=f|CAS=r
edM_w_000135	que	que2	PROrel	NOMB.=s|GENRE=f|CAS=r
edM_w_000136	doi	devoir	VERcjg	MODE=ind|TEMPS=pst|PERS.=1|NOMB.=s
edM_w_000137	saint	saint	NOMpro	NOMB.=s|GENRE=m|CAS=r
edM_w_000138	Denis	Denis	NOMpro	NOMB.=s|GENRE=m|CAS=r
edM_w_000139	il	il	PROper	PERS.=3|NOMB.=s|GENRE=m|CAS=n
edM_w_000140	doit	devoir	VERcjg	MODE=ind|TEMPS=pst|PERS.=3|NOMB.=s
edM_w_000141	bien	bien1	ADVgen	DEGRE=p
edM_w_000142	perdre	perdre	VERinf	MORPH=empty
edM_w_000143	et	et	CONcoo	MORPH=empty
edM_w_000144	il	il	PROper	PERS.=3|NOMB.=s|GENRE=m|CAS=n
edM_w_000145	et	et	CONcoo	MORPH=empty
edM_w_000146	si	son4	DETpos	PERS.=3|NOMB.=p|GENRE=m|CAS=n
edM_w_000147	ami	ami	NOMcom	NOMB.=p|GENRE=m|CAS=n
edM_w_000148	que	que4	CONsub	MORPH=empty
edM_w_000149	traïtor	träitor	NOMcom	NOMB.=p|GENRE=m|CAS=n
edM_w_000150	sont	estre1	VERcjg	MODE=ind|TEMPS=pst|PERS.=3|NOMB.=p
edM_w_000151	il	il	PROper	PERS.=3|NOMB.=p|GENRE=m|CAS=n
edM_w_000152	iusqu	jusque	ADVgen	DEGRE=-
edM_w_000153	en	en1	PRE	MORPH=empty
edM_w_000154	la	le	DETdef	NOMB.=s|GENRE=f|CAS=r
edM_w_000155	fin	fin1	NOMcom	NOMB.=s|GENRE=f|CAS=r
edM_w_000156	Or	or4	ADVgen	DEGRE=-
edM_w_000157	le	il	PROper	PERS.=3|NOMB.=s|GENRE=m|CAS=r
edM_w_000158	lairons	laissier	VERcjg	MODE=ind|TEMPS=fut|PERS.=1|NOMB.=p
edM_w_000159	ester	ester	VERinf	MORPH=empty
edM_w_000160	dou	de+le	PRE.DETdef	NOMB.=s|GENRE=m|CAS=r
edM_w_000161	roi	roi2	NOMcom	NOMB.=s|GENRE=m|CAS=r
edM_w_000162	Pepin	Pepin	NOMpro	NOMB.=s|GENRE=m|CAS=r
edM_w_000163	si	si	ADVgen	DEGRE=-
edM_w_000164	chanterons	changier	VERcjg	MODE=ind|TEMPS=fut|PERS.=1|NOMB.=p
edM_w_000165	du	de+le	PRE.DETdef	NOMB.=s|GENRE=m|CAS=r
edM_w_000166	Loherenc	loherenc	NOMpro	NOMB.=s|GENRE=m|CAS=r
edM_w_000167	Garin	Garin	NOMpro	NOMB.=s|GENRE=m|CAS=r
edM_w_000168	de	de	PRE	MORPH=empty
edM_w_000169	son	son4	DETpos	PERS.=3|NOMB.=s|GENRE=m|CAS=r
edM_w_000170	neveu	nevo	NOMcom	NOMB.=s|GENRE=m|CAS=r
edM_w_000171	a	a3	PRE	MORPH=empty
edM_w_000172	els	il	PROper	PERS.=3|NOMB.=p|GENRE=m|CAS=i
edM_w_000173	anvoie	envoiier	VERcjg	MODE=ind|TEMPS=pst|PERS.=3|NOMB.=s
edM_w_000174	et	et	CONcoo	MORPH=empty
edM_w_000175	si	si	ADVgen	DEGRE=-
edM_w_000176	lor	il	PROper	PERS.=3|NOMB.=p|GENRE=m|CAS=i
edM_w_000177	mande	mander	VERcjg	MODE=ind|TEMPS=pst|PERS.=3|NOMB.=s
edM_w_000178	et	et	CONcoo	MORPH=empty
edM_w_000179	Guillame	Guilaume	NOMpro	NOMB.=s|GENRE=m|CAS=r
edM_w_000180	l	le	DETdef	NOMB.=s|GENRE=m|CAS=r
edM_w_000181	orgellox	orgoillos	NOMcom	NOMB.=s|GENRE=m|CAS=r
edM_w_000182	de	de	PRE	MORPH=empty
edM_w_000183	Monclin	Monclin	NOMpro	NOMB.=s|GENRE=x|CAS=r
edM_w_000184	denz	denz	PRE	MORPH=empty
edM_w_000185	sa	son4	DETpos	PERS.=3|NOMB.=s|GENRE=f|CAS=r
edM_w_000186	les	il	PROper	PERS.=3|NOMB.=p|GENRE=m|CAS=r
edM_w_000187	trova	trover	VERcjg	MODE=ind|TEMPS=psp|PERS.=3|NOMB.=s
edM_w_000188	et	et	CONcoo	MORPH=empty
edM_w_000189	vit	vëoir	VERcjg	MODE=ind|TEMPS=psp|PERS.=3|NOMB.=s
edM_w_000190	de	de	PRE	MORPH=empty
edM_w_000191	prisoniers	prisonier	NOMcom	NOMB.=p|GENRE=m|CAS=r
edM_w_000192	tient	tenir1	VERcjg	MODE=ind|TEMPS=pst|PERS.=3|NOMB.=s
edM_w_000193	li	le	DETdef	NOMB.=s|GENRE=m|CAS=n
edM_w_000194	quens	conte1	NOMcom	NOMB.=s|GENRE=m|CAS=n
edM_w_000195	XXX	trente	PROcar	NOMB.=p|GENRE=m|CAS=r
edM_w_000196	V	cinc	PROcar	NOMB.=p|GENRE=m|CAS=r
edM_w_000197	li	le	DETdef	NOMB.=s|GENRE=m|CAS=r
edM_w_000198	dux	duc2	NOMcom	NOMB.=s|GENRE=m|CAS=r
edM_w_000199	le	le	DETdef	NOMB.=s|GENRE=m|CAS=r
edM_w_000200	conte	conte1	NOMcom	NOMB.=s|GENRE=m|CAS=r
edM_w_000201	et	et	CONcoo	MORPH=empty
edM_w_000202	Gerbers	Girbert	NOMpro	NOMB.=s|GENRE=f|CAS=r
edM_w_000203	et	et	CONcoo	MORPH=empty
edM_w_000204	Gerins	Gerin	NOMpro	NOMB.=s|GENRE=m|CAS=n
edM_w_000205	enfant	enfant	NOMcom	NOMB.=p|GENRE=m|CAS=n
edM_w_000206	fet	faire	VERcjg	MODE=ind|TEMPS=pst|PERS.=3|NOMB.=s
edM_w_000207	il	il	PROper	PERS.=3|NOMB.=s|GENRE=m|CAS=n
edM_w_000208	Gautiers	Gautier	NOMpro	NOMB.=s|GENRE=m|CAS=n
edM_w_000209	li	le	DETdef	NOMB.=s|GENRE=m|CAS=n
edM_w_000210	orfelins	orfenin	NOMcom	NOMB.=s|GENRE=m|CAS=n
edM_w_000211	est	estre1	VERcjg	MODE=ind|TEMPS=pst|PERS.=3|NOMB.=s
edM_w_000212	mult	mout	ADVgen	DEGRE=-
edM_w_000213	prod...	pro	ADJqua	NOMB.=s|GENRE=m|CAS=n|DEGRE=p
edM_w_000214	se	se	OUT	MORPH=empty
edM_w_000215	fust	estre1	OUT	MORPH=empty
edM_w_000216	Huon	Hue	OUT	MORPH=empty
edM_w_000217	de	de	PRE	MORPH=empty
edM_w_000218	cele	cel	DETdem	NOMB.=s|GENRE=f|CAS=r
edM_w_000219	part	part1	NOMcom	NOMB.=s|GENRE=f|CAS=r
edM_w_000220	Fromons	Fromund	NOMpro	NOMB.=s|GENRE=m|CAS=n
edM_w_000221	li	le	DETdef	NOMB.=s|GENRE=m|CAS=n
edM_w_000222	poëstis	pöestëif	NOMcom	NOMB.=s|GENRE=m|CAS=n
edM_w_000223	fust	estre1	VERcjg	MODE=ind|TEMPS=pst|PERS.=3|NOMB.=s
edM_w_000224	toz	tot	ADVgen	DEGRE=-
edM_w_000225	cherchier	cerchier	VERinf	MORPH=empty
edM_w_000226	et	et	CONcoo	MORPH=empty
edM_w_000227	luj	il	PROper	PERS.=3|NOMB.=s|GENRE=m|CAS=r
edM_w_000228	et	et	CONcoo	MORPH=empty
edM_w_000229	si	son4	DETpos	PERS.=3|NOMB.=s|GENRE=m|CAS=n
edM_w_000230	ami	ami	NOMcom	NOMB.=s|GENRE=m|CAS=n
edM_w_000231	dist	dire	VERcjg	MODE=ind|TEMPS=pst|PERS.=3|NOMB.=s
edM_w_000232	li	le	DETdef	NOMB.=s|GENRE=m|CAS=n
edM_w_000233	messages	message2	NOMcom	NOMB.=s|GENRE=m|CAS=n
edM_w_000234	Hues	Hue	NOMpro	NOMB.=s|GENRE=m|CAS=n
edM_w_000235	de	de	PRE	MORPH=empty
edM_w_000236	Lavardin	Lavardin	NOMpro	NOMB.=s|GENRE=x|CAS=r
edM_w_000237	fu	estre1	VERcjg	MODE=ind|TEMPS=psp|PERS.=3|NOMB.=s
edM_w_000238	en	en1	PRE	MORPH=empty
edM_w_000239	l	le	DETdef	NOMB.=s|GENRE=m|CAS=r
edM_w_000240	estor	estor2	NOMcom	NOMB.=s|GENRE=m|CAS=r
edM_w_000241	durement	durement2	ADVgen	DEGRE=-
edM_w_000242	esbaudiz	esbaudir	VERppe	NOMB.=s|GENRE=m|CAS=n
edM_w_000243	ainz	ainz	ADVgen	DEGRE=-
edM_w_000244	chevaliers	chevalier	NOMcom	NOMB.=s|GENRE=m|CAS=n
edM_w_000245	mjelz	mieus	ADVgen	DEGRE=c
edM_w_000246	de	de	PRE	MORPH=empty
edM_w_000247	luj	il	PROper	PERS.=3|NOMB.=s|GENRE=m|CAS=i
edM_w_000248	ne	ne1	ADVneg	MORPH=empty
edM_w_000249	le	il	PROper	PERS.=3|NOMB.=s|GENRE=m|CAS=r
edM_w_000250	fist	faire	VERcjg	MODE=ind|TEMPS=psp|PERS.=3|NOMB.=s
edM_w_000251	messagier	messagier	NOMcom	NOMB.=s|GENRE=m|CAS=n
edM_w_000252	frère	frere	NOMcom	NOMB.=s|GENRE=m|CAS=n
edM_w_000253	ce	ce1	PROdem	NOMB.=s|GENRE=n|CAS=r
edM_w_000254	dit	dire	VERcjg	MODE=ind|TEMPS=pst|PERS.=3|NOMB.=s
edM_w_000255	li	le	DETdef	NOMB.=s|GENRE=m|CAS=n
edM_w_000256	dus	duc2	NOMcom	NOMB.=s|GENRE=m|CAS=n
edM_w_000257	Garins	Garin	NOMpro	NOMB.=s|GENRE=m|CAS=n
edM_w_000258	di	dire	VERcjg	MODE=imp|PERS.=2|NOMB.=s
edM_w_000259	moi	je	PROper	PERS.=1|NOMB.=s|GENRE=m|CAS=i
edM_w_000260	Gautier	Gautier	NOMpro	NOMB.=s|GENRE=m|CAS=n
edM_w_000261	mon	mon1	DETpos	PERS.=1|NOMB.=s|GENRE=m|CAS=n
edM_w_000262	neveu	nevo	NOMcom	NOMB.=s|GENRE=m|CAS=n
edM_w_000263	l	le	DETdef	NOMB.=s|GENRE=m|CAS=n
edM_w_000264	orfelin	orfenin	NOMcom	NOMB.=s|GENRE=m|CAS=n
edM_w_000265	prengne	prendre	VERcjg	MODE=sub|TEMPS=pst|PERS.=3|NOMB.=s
edM_w_000266	soi	soi1	PROper	PERS.=3|NOMB.=s|GENRE=m|CAS=i
edM_w_000267	garde	garde	NOMcom	NOMB.=s|GENRE=f|CAS=r
edM_w_000268	de	de	PRE	MORPH=empty
edM_w_000269	cels	cel	PROdem	NOMB.=s|GENRE=m|CAS=r
edM_w_000270	que	que2	PROrel	NOMB.=p|GENRE=m|CAS=n
edM_w_000271	i	i2	PROadv	MORPH=empty
edM_w_000272	l	il	PROper	PERS.=3|NOMB.=s|GENRE=m|CAS=r
edM_w_000273	a	avoir	VERcjg	MODE=ind|TEMPS=pst|PERS.=3|NOMB.=s
edM_w_000274	mis	metre2	VERppe	NOMB.=s|GENRE=m|CAS=r
edM_w_000275	s	se	CONsub	MORPH=empty
edM_w_000276	il	il	PROimp	PERS.=0|NOMB.=s|GENRE=n|CAS=n
edM_w_000277	i	i2	PROadv	MORPH=empty
edM_w_000278	a	avoir	VERcjg	MODE=ind|TEMPS=pst|PERS.=3|NOMB.=s
edM_w_000279	nul	nul	PROind	NOMB.=s|GENRE=m|CAS=r
edM_w_000280	si	si	ADVgen	DEGRE=-
edM_w_000281	li	il	PROper	PERS.=3|NOMB.=s|GENRE=m|CAS=i
edM_w_000282	di	dire	VERcjg	MODE=imp|PERS.=2|NOMB.=s
edM_w_000283	biax	bel1	ADJqua	NOMB.=s|GENRE=m|CAS=n|DEGRE=p
edM_w_000284	amis	ami	NOMcom	NOMB.=s|GENRE=m|CAS=n
edM_w_000285	qui	qui	PROrel	NOMB.=s|GENRE=m|CAS=n
edM_w_000286	apartiegne	apartenir	VERcjg	MODE=sub|TEMPS=pst|PERS.=3|NOMB.=s
edM_w_000287	Fromont	Fromund	NOMpro	NOMB.=s|GENRE=m|CAS=r
edM_w_000288	le	le	DETdef	NOMB.=s|GENRE=m|CAS=r
edM_w_000289	poéëstis	pöestëif	NOMcom	NOMB.=s|GENRE=m|CAS=r
edM_w_000290	s	se	CONsub	MORPH=empty
edM_w_000291	empres	emprès	ADVgen	DEGRE=-
edM_w_000292	li	il	PROper	PERS.=3|NOMB.=s|GENRE=m|CAS=i
edM_w_000293	face	faire	VERcjg	MODE=sub|TEMPS=pst|PERS.=3|NOMB.=s
edM_w_000294	toz	tot	DETind	NOMB.=p|GENRE=m|CAS=r
edM_w_000295	les	le	DETdef	NOMB.=p|GENRE=m|CAS=r
edM_w_000296	membres	membre	NOMcom	NOMB.=p|GENRE=m|CAS=r
edM_w_000297	tolir	tolir	VERinf	MORPH=empty
edM_w_000298	de	de	PRE	MORPH=empty
edM_w_000299	son	son4	DETpos	PERS.=3|NOMB.=s|GENRE=m|CAS=r
edM_w_000300	chier	chier	ADJqua	NOMB.=s|GENRE=m|CAS=r|DEGRE=p
edM_w_000301	frère	frere	NOMcom	NOMB.=s|GENRE=m|CAS=r
edM_w_000302	li	il	PROper	PERS.=3|NOMB.=s|GENRE=m|CAS=i
edM_w_000303	doit	devoir	VERcjg	MODE=ind|TEMPS=pst|PERS.=3|NOMB.=s
edM_w_000304	asouvenir	asouvenir	VERinf	MORPH=empty
edM_w_000305	qu	que4	CONsub	MORPH=empty
edM_w_000306	il	il	PROper	PERS.=3|NOMB.=p|GENRE=m|CAS=n
edM_w_000307	ocistrent	ocire	VERcjg	MODE=ind|TEMPS=psp|PERS.=3|NOMB.=p
edM_w_000308	puius	puis	ADVgen	DEGRE=-
edM_w_000309	qu	que1	CONsub	MORPH=empty
edM_w_000310	il	il	PROper	PERS.=3|NOMB.=p|GENRE=m|CAS=n
edM_w_000311	l	il	PROper	PERS.=3|NOMB.=s|GENRE=m|CAS=r
edM_w_000312	orent	avoir	VERcjg	MODE=ind|TEMPS=psp|PERS.=3|NOMB.=p
edM_w_000313	pris	prendre	VERppe	NOMB.=s|GENRE=m|CAS=r
edM_w_000314	et	et	CONcoo	MORPH=empty
edM_w_000315	cil	cel	PROdem	NOMB.=s|GENRE=m|CAS=n
edM_w_000316	respont	respondre1	VERcjg	MODE=ind|TEMPS=pst|PERS.=3|NOMB.=s
edM_w_000317	ie	je	PROper	PERS.=1|NOMB.=s|GENRE=m|CAS=n
edM_w_000318	dirai	dire	VERcjg	MODE=ind|TEMPS=fut|PERS.=1|NOMB.=s
edM_w_000319	vo	vostre	DETpos	PERS.=2|NOMB.=s|GENRE=m|CAS=r
edM_w_000320	plesir	plaisir	NOMcom	NOMB.=s|GENRE=m|CAS=r
edM_w_000321	et	et	CONcoo	MORPH=empty
edM_w_000322	li	le	DETdef	NOMB.=s|GENRE=m|CAS=n
edM_w_000323	dus	duc2	NOMcom	NOMB.=s|GENRE=m|CAS=n
edM_w_000324	fet	faire	VERcjg	MODE=ind|TEMPS=pst|PERS.=3|NOMB.=s
edM_w_000325	le	le	DETdef	NOMB.=s|GENRE=m|CAS=r
edM_w_000326	chastel	chastel	NOMcom	NOMB.=s|GENRE=m|CAS=r
edM_w_000327	asallir	assalir	VERinf	MORPH=empty
edM_w_000328	par	par	PRE	MORPH=empty
edM_w_000329	quatre	catre	DETcar	NOMB.=p|GENRE=f|CAS=r
edM_w_000330	foiz	foiz	NOMcom	NOMB.=p|GENRE=f|CAS=r
edM_w_000331	o	o3	CONcoo	MORPH=empty
edM_w_000332	par	par	PRE	MORPH=empty
edM_w_000333	v	cinc	PROcar	NOMB.=p|GENRE=f|CAS=r
edM_w_000334	o	o3	CONcoo	MORPH=empty
edM_w_000335	par	par	PRE	MORPH=empty
edM_w_000336	VI	sis2	PROcar	NOMB.=p|GENRE=f|CAS=r
edM_w_000337	an	en2	PROadv	MORPH=empty
edM_w_000338	sont	estre1	VERcjg	MODE=ind|TEMPS=pst|PERS.=3|NOMB.=p
edM_w_000339	entré	entrer	VERppe	NOMB.=p|GENRE=m|CAS=n
edM_w_000340	o	a3+le	PRE.DETdef	NOMB.=s|GENRE=m|CAS=r
edM_w_000341	chastel	chastel	NOMcom	NOMB.=s|GENRE=m|CAS=r
edM_w_000342	de	de	PRE	MORPH=empty
edM_w_000343	Baugi	Baugi	NOMpro	NOMB.=s|GENRE=m|CAS=r
edM_w_000344	cil	cel	PROdem	NOMB.=p|GENRE=m|CAS=n
edM_w_000345	de	de	PRE	MORPH=empty
edM_w_000346	la	le	DETdef	NOMB.=s|GENRE=f|CAS=r
edM_w_000347	tor	tor2	NOMcom	NOMB.=s|GENRE=f|CAS=r
edM_w_000348	se	soi1	PROper	PERS.=3|NOMB.=p|GENRE=m|CAS=r
edM_w_000349	rendent	rendre	VERcjg	MODE=ind|TEMPS=pst|PERS.=3|NOMB.=p
edM_w_000350	à	a3	PRE	MORPH=empty
edM_w_000351	Garin	Garin	NOMpro	NOMB.=s|GENRE=m|CAS=r
edM_w_000352	sauués	sauver	VERppe	NOMB.=p|GENRE=m|CAS=r
edM_w_000353	lor	lor2	DETpos	PERS.=3|NOMB.=p|GENRE=f|CAS=r
edM_w_000354	uies	vie1	NOMcom	NOMB.=p|GENRE=f|CAS=r
edM_w_000355	qu	que4	CONsub	MORPH=empty
edM_w_000356	il	il	PROper	PERS.=3|NOMB.=p|GENRE=m|CAS=n
edM_w_000357	ne	ne1	ADVneg	MORPH=empty
edM_w_000358	soient	estre1	VERcjg	MODE=sub|TEMPS=pst|PERS.=3|NOMB.=p
edM_w_000359	ocis	ocire	VERppe	NOMB.=p|GENRE=m|CAS=n
edM_w_000360	ensi	ainsi	ADVgen	DEGRE=-
edM_w_000361	les	il	PROper	PERS.=3|NOMB.=p|GENRE=m|CAS=r
edM_w_000362	a	avoir	VERcjg	MODE=ind|TEMPS=pst|PERS.=3|NOMB.=s
edM_w_000363	toz	tot	DETind	NOMB.=p|GENRE=m|CAS=r
edM_w_000364	li	le	DETdef	NOMB.=s|GENRE=m|CAS=n
edM_w_000365	Loherenz	loherenc	NOMpro	NOMB.=s|GENRE=m|CAS=n
edM_w_000366	...ouent	öir	OUT	MORPH=empty
edM_w_000367	lo...		OUT	MORPH=empty
edM_w_000368	onques	onque	ADVgen	DEGRE=-
edM_w_000369	li	le	OUT	MORPH=empty
edM_w_000370	p...		OUT	MORPH=empty
edM_w_000371	qui	qui	PROrel	NOMB.=p|GENRE=m|CAS=n
edM_w_000372	sont	estre1	VERcjg	MODE=ind|TEMPS=pst|PERS.=3|NOMB.=p
edM_w_000373	del	de+le	PRE.DETdef	NOMB.=s|GENRE=m|CAS=r
edM_w_000374	païs	päis	NOMcom	NOMB.=s|GENRE=m|CAS=r
edM_w_000375	c		OUT	MORPH=empty
edM_w_000376	dun		OUT	MORPH=empty
edM_w_000377	et	et	CONcoo	MORPH=empty
edM_w_000378	de	de	PRE	MORPH=empty
edM_w_000379	bia...		OUT	MORPH=empty
edM_w_000380	...cre		OUT	MORPH=empty
edM_w_000381	il	il	PROper	PERS.=3|NOMB.=p|GENRE=m|CAS=n
edM_w_000382	gaagnent	gäaignier1	VERcjg	MODE=ind|TEMPS=pst|PERS.=3|NOMB.=p
edM_w_000383	trestot	trestot	PROind	NOMB.=s|GENRE=m|CAS=r
edM_w_000384	à	a3	PRE	MORPH=empty
edM_w_000385	lor	lor2	DETpos	PERS.=3|NOMB.=s|GENRE=m|CAS=r
edM_w_000386	plesir	plaisir	NOMcom	NOMB.=s|GENRE=m|CAS=r
edM_w_000387	un	un	DETndf	NOMB.=s|GENRE=m|CAS=r
edM_w_000388	marchéant	marchëant	NOMcom	NOMB.=s|GENRE=m|CAS=r
edM_w_000389	qu	que2	PROrel	NOMB.=s|GENRE=m|CAS=r
edM_w_000390	Auberis	Auberi	NOMpro	NOMB.=s|GENRE=m|CAS=n
edM_w_000391	fist	faire	VERcjg	MODE=ind|TEMPS=psp|PERS.=3|NOMB.=s
edM_w_000392	venir	venir	VERinf	MORPH=empty
edM_w_000393	vair	vair1	NOMcom	NOMB.=s|GENRE=m|CAS=r|DEGRE=p
edM_w_000394	et	et	CONcoo	MORPH=empty
edM_w_000395	le	le	DETdef	NOMB.=s|GENRE=m|CAS=r
edM_w_000396	gris	gris	NOMcom	NOMB.=s|GENRE=m|CAS=r
edM_w_000397	là	là	ADVgen	DEGRE=-
edM_w_000398	dedenz	dedenz	ADVgen	DEGRE=-
edM_w_000399	ont	avoir	VERcjg	MODE=ind|TEMPS=pst|PERS.=3|NOMB.=p
edM_w_000400	pris	prendre	VERppe	NOMB.=s|GENRE=m|CAS=r
edM_w_000401	an	en1	OUT	MORPH=empty
edM_w_000402	vuj		OUT	MORPH=empty
edM_w_000403	...e		OUT	MORPH=empty
edM_w_000404	l	il	OUT	MORPH=empty
edM_w_000405	ont	avoir	OUT	MORPH=empty
edM_w_000406	s	si	ADVgen	DEGRE=-
edM_w_000407	ont	avoir	VERcjg	MODE=ind|TEMPS=pst|PERS.=3|NOMB.=p
edM_w_000408	partot	partot	ADVgen	DEGRE=-
edM_w_000409	le	le	DETdef	NOMB.=s|GENRE=m|CAS=r
edM_w_000410	fu	feu	NOMcom	NOMB.=s|GENRE=m|CAS=r
edM_w_000411	mis	metre2	VERppe	NOMB.=s|GENRE=m|CAS=r
edM_w_000412	les	il	PROper	PERS.=3|NOMB.=p|GENRE=m|CAS=r
edM_w_000413	ardent	ardre	VERcjg	MODE=ind|TEMPS=pst|PERS.=3|NOMB.=p
edM_w_000414	et	et	CONcoo	MORPH=empty
edM_w_000415	li	le	DETdef	NOMB.=s|GENRE=m|CAS=n
edM_w_000416	feut	feu	NOMcom	NOMB.=s|GENRE=m|CAS=n
edM_w_000417	est	estre1	VERcjg	MODE=ind|TEMPS=pst|PERS.=3|NOMB.=s
edM_w_000418	espris	esprendre2	VERppe	NOMB.=s|GENRE=m|CAS=n
edM_w_000419	de	de	PRE	MORPH=empty
edM_w_000420	Mason	Mason	NOMpro	NOMB.=s|GENRE=x|CAS=r
edM_w_000421	li	le	DETdef	NOMB.=s|GENRE=m|CAS=n
edM_w_000422	bers	baron	NOMcom	NOMB.=s|GENRE=m|CAS=n
edM_w_000423	Renaus	Renaut	NOMpro	NOMB.=s|GENRE=m|CAS=n
edM_w_000424	le	il	PROper	PERS.=3|NOMB.=s|GENRE=m|CAS=r
edM_w_000425	vit	vëoir	VERcjg	MODE=ind|TEMPS=psp|PERS.=3|NOMB.=s
edM_w_000426	et	et	CONcoo	MORPH=empty
edM_w_000427	dist	dire	VERcjg	MODE=ind|TEMPS=psp|PERS.=3|NOMB.=s
edM_w_000428	as	a3+le	PRE.DETdef	NOMB.=p|GENRE=m|CAS=r
edM_w_000429	suens	suen	PROpos	PERS.=3|NOMB.=p|GENRE=m|CAS=r
edM_w_000430	estez	ester	VERcjg	MODE=ind|TEMPS=pst|PERS.=2|NOMB.=p
edM_w_000431	ie	je	PROper	PERS.=1|NOMB.=s|GENRE=m|CAS=n
edM_w_000432	suj	estre1	VERcjg	MODE=ind|TEMPS=pst|PERS.=1|NOMB.=s
edM_w_000433	traïz	träir	VERppe	NOMB.=s|GENRE=m|CAS=n
edM_w_000434	tot	tot	PROind	NOMB.=s|GENRE=n|CAS=r
edM_w_000435	ai	avoir	VERcjg	MODE=ind|TEMPS=pst|PERS.=1|NOMB.=s
edM_w_000436	perdu	perdre	VERppe	NOMB.=s|GENRE=m|CAS=r
edM_w_000437	qanqu	cant2	PROind	NOMB.=s|GENRE=n|CAS=r
edM_w_000438	avoie	avoir	VERcjg	MODE=ind|TEMPS=ipf|PERS.=1|NOMB.=s
edM_w_000439	conquis	conquerre	VERppe	NOMB.=s|GENRE=m|CAS=r
edM_w_000440	Garins	Garin	NOMpro	NOMB.=s|GENRE=m|CAS=n
edM_w_000441	s	soi1	PROper	PERS.=3|NOMB.=s|GENRE=m|CAS=r
edM_w_000442	en	en2	PROadv	MORPH=empty
edM_w_000443	va	aler	VERcjg	MODE=ind|TEMPS=pst|PERS.=3|NOMB.=s
edM_w_000444	sa	son4	DETpos	PERS.=3|NOMB.=s|GENRE=f|CAS=r
edM_w_000445	chevalchiee	chevauchiee	NOMcom	NOMB.=s|GENRE=f|CAS=r
edM_w_000446	fist	faire	VERcjg	MODE=ind|TEMPS=psp|PERS.=3|NOMB.=s
edM_w_000447	à	a3	PRE	MORPH=empty
edM_w_000448	grant	grant	ADJqua	NOMB.=p|GENRE=f|CAS=r|DEGRE=p
edM_w_000449	iornées	jornee	NOMcom	NOMB.=p|GENRE=f|CAS=r
edM_w_000450	droit	droit	ADVgen	DEGRE=-
edM_w_000451	à	a3	PRE	MORPH=empty
edM_w_000452	Lions	Lions	NOMpro	NOMB.=s|GENRE=x|CAS=r
edM_w_000453	en	en2	PROadv	MORPH=empty
edM_w_000454	vint	venir	VERcjg	MODE=ind|TEMPS=psp|PERS.=3|NOMB.=s
edM_w_000455	ardent	ardre	VERcjg	MODE=ind|TEMPS=pst|PERS.=3|NOMB.=p
edM_w_000456	et	et	CONcoo	MORPH=empty
edM_w_000457	gastent	gaster	VERcjg	MODE=ind|TEMPS=pst|PERS.=3|NOMB.=p
edM_w_000458	destruient	destruire	VERcjg	MODE=ind|TEMPS=pst|PERS.=3|NOMB.=p
edM_w_000459	le	le	DETdef	NOMB.=s|GENRE=m|CAS=r
edM_w_000460	païs	päis	NOMcom	NOMB.=s|GENRE=m|CAS=r
edM_w_000461	et	et	CONcoo	MORPH=empty
edM_w_000462	escilla	essillier	VERcjg	MODE=ind|TEMPS=psp|PERS.=3|NOMB.=s
edM_w_000463	ses	son4	DETpos	PERS.=3|NOMB.=p|GENRE=m|CAS=r
edM_w_000464	mortex	mortel	ADJqua	NOMB.=p|GENRE=m|CAS=r|DEGRE=p
edM_w_000465	enemis	enemi	NOMcom	NOMB.=p|GENRE=m|CAS=r
edM_w_000466	fuit	fuir	VERcjg	MODE=ind|TEMPS=pst|PERS.=3|NOMB.=s
edM_w_000467	s	soi1	PROper	PERS.=3|NOMB.=s|GENRE=m|CAS=r
edM_w_000468	ent	en2	PROadv	MORPH=empty
edM_w_000469	Garniers	Garnier	NOMpro	NOMB.=s|GENRE=m|CAS=n
edM_w_000470	droit	droit	ADVgen	DEGRE=-
edM_w_000471	à	a3	PRE	MORPH=empty
edM_w_000472	Valence	Valence	NOMpro	NOMB.=s|GENRE=x|CAS=r
edM_w_000473	vint	venir	VERcjg	MODE=ind|TEMPS=psp|PERS.=3|NOMB.=s
edM_w_000474	puis	puis	ADVgen	DEGRE=-
edM_w_000475	passa	passer1	VERcjg	MODE=ind|TEMPS=psp|PERS.=3|NOMB.=s
edM_w_000476	Issère	Issère	NOMpro	NOMB.=s|GENRE=x|CAS=r
edM_w_000477	si	si	ADVgen	DEGRE=-
edM_w_000478	ne	ne1	ADVneg	MORPH=empty
edM_w_000479	dota	doter2	VERcjg	MODE=ind|TEMPS=psp|PERS.=3|NOMB.=s
edM_w_000480	Garin	Garin	NOMpro	NOMB.=s|GENRE=m|CAS=n
edM_w_000481	mais	mais1	CONcoo	MORPH=empty
edM_w_000482	dant	dan2	NOMcom	NOMB.=s|GENRE=m|CAS=n
edM_w_000483	Achar	Achar	NOMpro	NOMB.=s|GENRE=m|CAS=n
edM_w_000484	de	de	PRE	MORPH=empty
edM_w_000485	Riuns	Riuns	NOMpro	NOMB.=s|GENRE=x|CAS=r
edM_w_000486	et	et	CONcoo	MORPH=empty
edM_w_000487	Gondris	Gondri	NOMpro	NOMB.=s|GENRE=m|CAS=n
edM_w_000488	il	il	PROper	PERS.=3|NOMB.=s|GENRE=m|CAS=n
edM_w_000489	et	et	CONcoo	MORPH=empty
edM_w_000490	Gautiers	Gautier	NOMpro	NOMB.=s|GENRE=m|CAS=n
edM_w_000491	qui	qui	PROrel	NOMB.=s|GENRE=m|CAS=n
edM_w_000492	Pierrelate	Pierrelate	NOMpro	NOMB.=s|GENRE=x|CAS=r
edM_w_000493	tint	tenir1	VERcjg	MODE=ind|TEMPS=psp|PERS.=3|NOMB.=s
edM_w_000494	en	en1	PRE	MORPH=empty
edM_w_000495	borc	bort1	NOMcom	NOMB.=s|GENRE=m|CAS=r
edM_w_000496	de	de	PRE	MORPH=empty
edM_w_000497	fors	fort	NOMcom	NOMB.=s|GENRE=m|CAS=r
edM_w_000498	avoient	avoir	VERcjg	MODE=ind|TEMPS=ipf|PERS.=3|NOMB.=p
edM_w_000499	le	le	DETdef	NOMB.=s|GENRE=m|CAS=r
edM_w_000500	feu	feu	NOMcom	NOMB.=s|GENRE=m|CAS=r
edM_w_000501	mis	metre2	VERppe	NOMB.=s|GENRE=m|CAS=r
edM_w_000502	Garniers	Garnier	NOMpro	NOMB.=s|GENRE=m|CAS=n
edM_w_000503	le	il	PROper	PERS.=3|NOMB.=s|GENRE=m|CAS=r
edM_w_000504	voit	vëoir	VERcjg	MODE=ind|TEMPS=pst|PERS.=3|NOMB.=s
edM_w_000505	à	a3	PRE	MORPH=empty
edM_w_000506	poi	poi	ADVgen	DEGRE=-
edM_w_000507	n	ne1	ADVneg	MORPH=empty
edM_w_000508	enrage	enragier	VERcjg	MODE=ind|TEMPS=pst|PERS.=3|NOMB.=s
edM_w_000509	vie	vif	ADJqua	NOMB.=s|GENRE=m|CAS=n|DEGRE=p
edM_w_000510	il	il	PROper	PERS.=3|NOMB.=s|GENRE=m|CAS=n
edM_w_000511	se	soi1	PROper	PERS.=3|NOMB.=s|GENRE=m|CAS=r
edM_w_000512	clama	clamer	VERcjg	MODE=ind|TEMPS=psp|PERS.=3|NOMB.=s
edM_w_000513	maleürez	malëuros	NOMcom	NOMB.=p|GENRE=m|CAS=n
edM_w_000514	chetis	chaitif	NOMcom	NOMB.=p|GENRE=m|CAS=n
edM_w_000515	q	que2	PROrel	NOMB.=s|GENRE=m|CAS=n
edM_w_000516	an	en2	PROadv	MORPH=empty
edM_w_000517	vit	vëoir	VERcjg	MODE=ind|TEMPS=psp|PERS.=3|NOMB.=s
edM_w_000518	sa	son4	DETpos	PERS.=3|NOMB.=s|GENRE=f|CAS=r
edM_w_000519	terre	terre	NOMcom	NOMB.=s|GENRE=f|CAS=r
edM_w_000520	qui	qui	PROrel	NOMB.=s|GENRE=f|CAS=n
edM_w_000521	est	estre1	VERcjg	MODE=ind|TEMPS=pst|PERS.=3|NOMB.=s
edM_w_000522	destruite	destruire	VERppe	NOMB.=s|GENRE=f|CAS=n
edM_w_000523	issi	ici	ADVgen	DEGRE=-
edM_w_000524	n	ne1	ADVneg	MORPH=empty
edM_w_000525	est	estre1	VERcjg	MODE=ind|TEMPS=pst|PERS.=3|NOMB.=s
edM_w_000526	pas	pas	ADVneg	MORPH=empty
edM_w_000527	mervelle	merveille	NOMcom	NOMB.=s|GENRE=f|CAS=n
edM_w_000528	si	si	ADVgen	MORPH=empty
edM_w_000529	il	il	PROper	PERS.=3|NOMB.=s|GENRE=m|CAS=n
edM_w_000530	en	en2	PROadv	MORPH=empty
edM_w_000531	fu	estre1	VERcjg	MODE=ind|TEMPS=psp|PERS.=3|NOMB.=s
edM_w_000532	parsis	parsivre	VERppe	NOMB.=s|GENRE=m|CAS=n
edM_w_000533	à	a3	PRE	MORPH=empty
edM_w_000534	Pierrelate	Pierrelate	NOMpro	NOMB.=s|GENRE=x|CAS=r
edM_w_000535	li	le	DETdef	NOMB.=s|GENRE=m|CAS=n
edM_w_000536	bers	baron	NOMcom	NOMB.=s|GENRE=m|CAS=n
edM_w_000537	Garniers	Garnier	NOMpro	NOMB.=s|GENRE=m|CAS=n
edM_w_000538	en	en2	PROadv	MORPH=empty
edM_w_000539	vint	venir	VERcjg	MODE=ind|TEMPS=psp|PERS.=3|NOMB.=s
edM_w_000540	Riuns	Riuns	NOMpro	NOMB.=s|GENRE=x|CAS=r
edM_w_000541	li	le	DETdef	NOMB.=s|GENRE=m|CAS=n
edM_w_000542	bers	baron	ADJqua	NOMB.=s|GENRE=m|CAS=n|DEGRE=p
edM_w_000543	Achar	Achar	NOMpro	NOMB.=s|GENRE=m|CAS=n
edM_w_000544	guenchist	guenchir	VERcjg	MODE=ind|TEMPS=psp|PERS.=3|NOMB.=s
edM_w_000545	cil	cel	DETdem	NOMB.=p|GENRE=m|CAS=n
edM_w_000546	sol...[do]ier	soudoiier1	OUT	MORPH=empty
edM_w_000547	se	soi1	PROper	PERS.=3|NOMB.=p|GENRE=m|CAS=r
edM_w_000548	sont	estre1	VERcjg	MODE=ind|TEMPS=pst|PERS.=3|NOMB.=p
edM_w_000549	bien	bien1	ADVgen	DEGRE=p
edM_w_000550	estormis	estormir	VERppe	NOMB.=p|GENRE=m|CAS=n
edM_w_000551	riche	riche	ADJqua	NOMB.=s|GENRE=m|CAS=n|DEGRE=p
edM_w_000552	est	estre1	VERcjg	MODE=ind|TEMPS=pst|PERS.=3|NOMB.=s
edM_w_000553	la	le	DETdef	NOMB.=s|GENRE=f|CAS=n
edM_w_000554	terre	terre	NOMcom	NOMB.=s|GENRE=f|CAS=n
edM_w_000555	chascuns	chascun	PROind	NOMB.=s|GENRE=m|CAS=n
edM_w_000556	grant	grant	ADJqua	NOMB.=s|GENRE=f|CAS=r|DEGRE=p
edM_w_000557	gaagne	gäaigne	NOMcom	NOMB.=s|GENRE=f|CAS=r
edM_w_000558	fist	faire	VERcjg	MODE=ind|TEMPS=psp|PERS.=3|NOMB.=s
edM_w_000559	ces	ce2	DETdem	NOMB.=p|GENRE=m|CAS=r
edM_w_000560	vilains	vilain	NOMcom	NOMB.=p|GENRE=m|CAS=r
edM_w_000561	font	faire	VERcjg	MODE=ind|TEMPS=pst|PERS.=3|NOMB.=p
edM_w_000562	en	en1	PRE	MORPH=empty
edM_w_000563	chevestres	chevestre	NOMcom	NOMB.=p|GENRE=m|CAS=r
edM_w_000564	tenir	tenir1	VERinf	MORPH=empty
edM_w_000565	Fors	fort	ADJqua	NOMB.=s|GENRE=m|CAS=n|DEGRE=p
edM_w_000566	est	estre1	VERcjg	MODE=ind|TEMPS=pst|PERS.=3|NOMB.=s
edM_w_000567	Lyons	Lions	NOMpro	NOMB.=s|GENRE=x|CAS=r
edM_w_000568	ia	ja	ADVgen	DEGRE=-
edM_w_000569	n	ne1	ADVneg	MORPH=empty
edM_w_000570	ert	estre1	VERcjg	MODE=ind|TEMPS=fut|PERS.=3|NOMB.=s
edM_w_000571	par	par	PRE	MORPH=empty
edM_w_000572	force	force2	NOMcom	NOMB.=s|GENRE=f|CAS=r
edM_w_000573	pris	prendre	VERppe	NOMB.=s|GENRE=m|CAS=r
edM_w_000574	bien	bien1	ADVgen	DEGRE=p
edM_w_000575	se	soi1	PROper	PERS.=3|NOMB.=p|GENRE=m|CAS=r
edM_w_000576	deffendent	defendre	VERcjg	MODE=ind|TEMPS=pst|PERS.=3|NOMB.=p
edM_w_000577	li	le	DETdef	NOMB.=p|GENRE=m|CAS=n
edM_w_000578	boriois	borjois	NOMcom	NOMB.=p|GENRE=m|CAS=n
edM_w_000579	ce	ce1	PROdem	NOMB.=s|GENRE=n|CAS=n
edM_w_000580	m	je	PROper	PERS.=1|NOMB.=s|GENRE=m|CAS=i
edM_w_000581	e...[st]	estre1	VERcjg	MODE=ind|TEMPS=pst|PERS.=3|NOMB.=s
edM_w_000582	vis	vis2	NOMcom	NOMB.=s|GENRE=m|CAS=n
edM_w_000583	et	et	CONcoo	MORPH=empty
edM_w_000584	cil	cel	PROdem	NOMB.=p|GENRE=m|CAS=n
edM_w_000585	de	de	PRE	MORPH=empty
edM_w_000586	hors	hors	ADVgen	DEGRE=-
edM_w_000587	pe...[nsent]	penser	VERcjg	MODE=ind|TEMPS=pst|PERS.=3|NOMB.=p
edM_w_000588	de	de	PRE	MORPH=empty
edM_w_000589	l	il	PROper	PERS.=3|NOMB.=s|GENRE=m|CAS=r
edM_w_000590	asallir	assalir	VERinf	MORPH=empty
edM_w_000591	li	le	DETdef	NOMB.=p|GENRE=m|CAS=n
edM_w_000592	soldoier	soudoiier1	NOMcom	NOMB.=p|GENRE=m|CAS=n
edM_w_000593	se	soi1	PROper	PERS.=3|NOMB.=p|GENRE=m|CAS=r
edM_w_000594	sont	estre1	VERcjg	MODE=ind|TEMPS=pst|PERS.=3|NOMB.=p
edM_w_000595	enz	enz	ADVgen	DEGRE=-
edM_w_000596	el	en1+le	PRE.DETdef	NOMB.=s|GENRE=m|CAS=r
edM_w_000597	borc	borc	NOMcom	NOMB.=s|GENRE=m|CAS=r
edM_w_000598	mis	metre2	VERppe	NOMB.=p|GENRE=m|CAS=n
edM_w_000599	et	et	CONcoo	MORPH=empty
edM_w_000600	cil	cel	PROdem	NOMB.=p|GENRE=m|CAS=n
edM_w_000601	dedenz	dedenz	ADVgen	DEGRE=-
edM_w_000602	ne	ne1	ADVneg	MORPH=empty
edM_w_000603	les	il	PROper	PERS.=3|NOMB.=p|GENRE=m|CAS=r
edM_w_000604	porent	pöoir	VERcjg	MODE=ind|TEMPS=psp|PERS.=3|NOMB.=p
edM_w_000605	soufrir	sofrir	VERinf	MORPH=empty
edM_w_000606	meint	maint	DETind	NOMB.=p|GENRE=m|CAS=r
edM_w_000607	belier		OUT	MORPH=empty
edM_w_000608	brisent	brisier	VERcjg	MODE=ind|TEMPS=pst|PERS.=3|NOMB.=p
edM_w_000609	et	et	CONcoo	MORPH=empty
edM_w_000610	maint	maint	DETind	NOMB.=p|GENRE=m|CAS=r
edM_w_000611	tounel	tonel	NOMcom	NOMB.=p|GENRE=m|CAS=r
edM_w_000612	à	a3	PRE	MORPH=empty
edM_w_000613	vin	vin	NOMcom	NOMB.=s|GENRE=m|CAS=r
edM_w_000614	preu	pro	ADVgen	DEGRE=-
edM_w_000615	en	en2	PROadv	MORPH=empty
edM_w_000616	ont	avoir	VERcjg	MODE=ind|TEMPS=pst|PERS.=3|NOMB.=p
edM_w_000617	trait	traire	VERppe	NOMB.=s|GENRE=m|CAS=r
edM_w_000618	que	que4	CONsub	MORPH=empty
edM_w_000619	qu	que2	PROrel	NOMB.=s|GENRE=m|CAS=r
edM_w_000620	en	en2	PROadv	MORPH=empty
edM_w_000621	doi	devoir	VERcjg	MODE=ind|TEMPS=pst|PERS.=3|NOMB.=s
edM_w_000622	avenir	avenir	VERinf	MORPH=empty
edM_w_000623	qant	cant1	CONsub	MORPH=empty
edM_w_000624	robé	rober	VERppe	NOMB.=s|GENRE=m|CAS=r
edM_w_000625	orent	avoir	VERcjg	MODE=ind|TEMPS=psp|PERS.=3|NOMB.=p
edM_w_000626	s	si	ADVgen	DEGRE=-
edM_w_000627	ont	avoir	VERcjg	MODE=ind|TEMPS=pst|PERS.=3|NOMB.=p
edM_w_000628	partot	partot	ADVgen	DEGRE=-
edM_w_000629	feü	feu	NOMcom	NOMB.=s|GENRE=m|CAS=r
edM_w_000630	mis	metre2	VERppe	NOMB.=s|GENRE=m|CAS=r
edM_w_000631	Garins	Garin	NOMpro	NOMB.=s|GENRE=m|CAS=n
edM_w_000632	s	soi1	PROper	PERS.=3|NOMB.=s|GENRE=m|CAS=r
edM_w_000633	en	en2	PROadv	MORPH=empty
edM_w_000634	torne	torner	VERcjg	MODE=ind|TEMPS=pst|PERS.=3|NOMB.=s
edM_w_000635	s	si	ADVgen	DEGRE=-
edM_w_000636	a	avoir	VERcjg	MODE=ind|TEMPS=pst|PERS.=3|NOMB.=s
edM_w_000637	la	le	DETdef	NOMB.=s|GENRE=f|CAS=r
edM_w_000638	terre	terre	NOMcom	NOMB.=s|GENRE=f|CAS=r
edM_w_000639	guerpi	guerpir	VERppe	NOMB.=s|GENRE=m|CAS=r
edM_w_000640	par	par	PRE	MORPH=empty
edM_w_000641	ses	son4	DETpos	PERS.=3|NOMB.=p|GENRE=f|CAS=r
edM_w_000642	iornéez	jornee	NOMcom	NOMB.=p|GENRE=f|CAS=r
edM_w_000643	devant	devant	PRE	MORPH=empty
edM_w_000644	Mason	Mason	NOMpro	NOMB.=s|GENRE=x|CAS=r
edM_w_000645	en	en2	PROadv	MORPH=empty
edM_w_000646	vint	venir	VERcjg	MODE=ind|TEMPS=psp|PERS.=3|NOMB.=s
edM_w_000647	mes	mais1	CONcoo	MORPH=empty
edM_w_000648	iloec	iluec	ADVgen	DEGRE=-
edM_w_000649	ot	avoir	VERcjg	MODE=ind|TEMPS=psp|PERS.=3|NOMB.=s
edM_w_000650	mult	mout	ADVgen	DEGRE=-
edM_w_000651	riche	riche	ADJqua	NOMB.=s|GENRE=m|CAS=r|DEGRE=p
edM_w_000652	poigneïz	poignëiz	NOMcom	NOMB.=s|GENRE=m|CAS=r
edM_w_000653	chevaliers	chevalier	NOMcom	NOMB.=p|GENRE=m|CAS=r
edM_w_000654	morz	morir	VERppe	NOMB.=p|GENRE=m|CAS=r
edM_w_000655	et	et	CONcoo	MORPH=empty
edM_w_000656	bon	bon	ADJqua	NOMB.=p|GENRE=m|CAS=r|DEGRE=p
edM_w_000657	chevax	cheval	NOMcom	NOMB.=p|GENRE=m|CAS=r
edM_w_000658	ocis	ocire	VERppe	NOMB.=s|GENRE=m|CAS=r
edM_w_000659	de	de	PRE	MORPH=empty
edM_w_000660	cels	cel	PROdem	NOMB.=p|GENRE=m|CAS=r
edM_w_000661	delà	dela	ADVgen	DEGRE=-
edM_w_000662	i	i2	PROadv	MORPH=empty
edM_w_000663	ot	avoir	VERcjg	MODE=ind|TEMPS=psp|PERS.=3|NOMB.=s
edM_w_000664	assez	assez	ADVgen	DEGRE=-
edM_w_000665	conquis	conquerre	VERppe	NOMB.=p|GENRE=m|CAS=r
edM_w_000666	si	si	ADVgen	DEGRE=-
edM_w_000667	qu	que4	CONsub	MORPH=empty
edM_w_000668	en	en1	PRE	MORPH=empty
edM_w_000669	la	le	DETdef	NOMB.=s|GENRE=f|CAS=r
edM_w_000670	vile	vile	NOMcom	NOMB.=s|GENRE=f|CAS=r
edM_w_000671	les	il	PROper	PERS.=3|NOMB.=p|GENRE=m|CAS=r
edM_w_000672	ont	avoir	VERcjg	MODE=ind|TEMPS=pst|PERS.=3|NOMB.=p
edM_w_000673	à	a3	PRE	MORPH=empty
edM_w_000674	force	force2	NOMcom	NOMB.=s|GENRE=f|CAS=r
edM_w_000675	mis	metre2	VERppe	NOMB.=p|GENRE=m|CAS=r
edM_w_000676	et	et	CONcoo	MORPH=empty
edM_w_000677	cil	cel	PROdem	NOMB.=p|GENRE=m|CAS=n
edM_w_000678	dedenz	dedenz	ADVgen	DEGRE=-
edM_w_000679	qan	cant1	CONsub	MORPH=empty
edM_w_000680	les	il	PROper	PERS.=3|NOMB.=p|GENRE=m|CAS=r
edM_w_000681	virent	vëoir	VERcjg	MODE=ind|TEMPS=psp|PERS.=3|NOMB.=p
edM_w_000682	venir	venir	VERinf	MORPH=empty
edM_w_000683	devant	devant	PRE	MORPH=empty
edM_w_000684	la	le	DETdef	NOMB.=s|GENRE=f|CAS=r
edM_w_000685	porte	porte1	NOMcom	NOMB.=s|GENRE=f|CAS=r
edM_w_000686	on	avoir	VERcjg	MODE=ind|TEMPS=pst|PERS.=3|NOMB.=p
edM_w_000687	l	le	DETdef	NOMB.=s|GENRE=m|CAS=r
edM_w_000688	estandart	estandart	NOMcom	NOMB.=s|GENRE=m|CAS=r
edM_w_000689	espris	esprendre2	VERppe	NOMB.=s|GENRE=m|CAS=r
edM_w_000690	trois	trois	DETcar	NOMB.=p|GENRE=m|CAS=r
edM_w_000691	iorz	jor	NOMcom	NOMB.=p|GENRE=m|CAS=r
edM_w_000692	i	i2	PROadv	MORPH=empty
edM_w_000693	furent	estre1	VERcjg	MODE=ind|TEMPS=psp|PERS.=3|NOMB.=p
edM_w_000694	Garins	Garin	NOMpro	NOMB.=s|GENRE=m|CAS=n
edM_w_000695	et	et	CONcoo	MORPH=empty
edM_w_000696	Auberis	Auberi	NOMpro	NOMB.=s|GENRE=m|CAS=n
edM_w_000697	de	de	PRE	MORPH=empty
edM_w_000698	terre	terre	NOMcom	NOMB.=s|GENRE=f|CAS=r
edM_w_000699	pleine	plein	ADJqua	NOMB.=s|GENRE=f|CAS=r|DEGRE=p
edM_w_000700	firent	faire	VERcjg	MODE=ind|TEMPS=psp|PERS.=3|NOMB.=p
edM_w_000701	tot	tot	DETind	NOMB.=s|GENRE=m|CAS=r
edM_w_000702	lor	lor2	DETpos	PERS.=3|NOMB.=s|GENRE=m|CAS=r
edM_w_000703	plesir	plaisir	NOMcom	NOMB.=s|GENRE=m|CAS=r
edM_w_000704	que	que4	CONsub	MORPH=empty
edM_w_000705	s	soi1	PROper	PERS.=3|NOMB.=s|GENRE=m|CAS=r
edM_w_000706	en	en2	PROadv	MORPH=empty
edM_w_000707	reva	raler	VERcjg	MODE=ind|TEMPS=pst|PERS.=3|NOMB.=s
edM_w_000708	li	le	DETdef	NOMB.=s|GENRE=m|CAS=n
edM_w_000709	dus	duc2	NOMcom	NOMB.=s|GENRE=m|CAS=n
edM_w_000710	an	en1	PRE	MORPH=empty
edM_w_000711	son	son4	DETpos	PERS.=3|NOMB.=s|GENRE=m|CAS=r
edM_w_000712	païs	päis	NOMcom	NOMB.=s|GENRE=m|CAS=r
edM_w_000713	jusqu	jusque	PRE	MORPH=empty
edM_w_000714	i	i2	PROadv	MORPH=empty
edM_w_000715	Dijon	Dijon	NOMpro	NOMB.=s|GENRE=f|CAS=r
edM_w_000716	ne	ne1	ADVneg	MORPH=empty
edM_w_000717	prist	prendre	VERcjg	MODE=ind|TEMPS=psp|PERS.=3|NOMB.=s
edM_w_000718	il	il	PROper	PERS.=3|NOMB.=s|GENRE=m|CAS=n
edM_w_000719	onques	onque	ADVgen	DEGRE=-
edM_w_000720	fin	fin1	NOMcom	NOMB.=s|GENRE=f|CAS=r
edM_w_000721	dont	dont	PROrel	NOMB.=s|GENRE=n|CAS=i
edM_w_000722	se	soi1	PROper	PERS.=3|NOMB.=s|GENRE=m|CAS=r
edM_w_000723	porpense	porpenser	VERcjg	MODE=ind|TEMPS=pst|PERS.=3|NOMB.=s
edM_w_000724	li	le	DETdef	NOMB.=s|GENRE=m|CAS=n
edM_w_000725	Loherens	loherenc	NOMpro	NOMB.=s|GENRE=m|CAS=n
edM_w_000726	Garins	Garin	NOMpro	NOMB.=s|GENRE=m|CAS=n
edM_w_000727	biax	bel1	ADJqua	NOMB.=s|GENRE=m|CAS=n|DEGRE=p
edM_w_000728	niés	nevo	NOMcom	NOMB.=s|GENRE=m|CAS=n
edM_w_000729	dist	dire	VERcjg	MODE=ind|TEMPS=pst|PERS.=3|NOMB.=s
edM_w_000730	il	il	PROper	PERS.=3|NOMB.=s|GENRE=m|CAS=n
edM_w_000731	ie	je	PROper	PERS.=1|NOMB.=s|GENRE=m|CAS=n
edM_w_000732	sui	estre1	VERcjg	MODE=ind|TEMPS=pst|PERS.=1|NOMB.=s
edM_w_000733	mult	mout	ADVgen	DEGRE=-
edM_w_000734	apovri	apovrir	VERppe	NOMB.=s|GENRE=m|CAS=n
edM_w_000735	de	de	PRE	MORPH=empty
edM_w_000736	ceste	cest	DETdem	NOMB.=s|GENRE=f|CAS=r
edM_w_000737	guerre	guerre	NOMcom	NOMB.=s|GENRE=f|CAS=r
edM_w_000738	don	dont	PROrel	NOMB.=s|GENRE=f|CAS=i
edM_w_000739	me	je	PROper	PERS.=1|NOMB.=s|GENRE=m|CAS=r
edM_w_000740	sui	estre1	VERcjg	MODE=ind|TEMPS=pst|PERS.=1|NOMB.=s
edM_w_000741	entremis	entremetre	VERppe	NOMB.=s|GENRE=m|CAS=n
edM_w_000742	se	se	CONsub	MORPH=empty
edM_w_000743	l	il	PROper	PERS.=3|NOMB.=s|GENRE=m|CAS=r
edM_w_000744	me	je	PROper	PERS.=1|NOMB.=s|GENRE=m|CAS=i
edM_w_000745	loéz	löer1	VERcjg	MODE=ind|TEMPS=pst|PERS.=2|NOMB.=p
edM_w_000746	et	et	CONcoo	MORPH=empty
edM_w_000747	voz	vos	PROper	PERS.=2|NOMB.=p|GENRE=m|CAS=n
edM_w_000748	et	et	CONcoo	MORPH=empty
edM_w_000749	mi	mon1	DETpos	PERS.=1|NOMB.=p|GENRE=m|CAS=n
edM_w_000750	ami	ami	NOMcom	NOMB.=p|GENRE=m|CAS=n
edM_w_000751	Mez	Mès	NOMpro	NOMB.=s|GENRE=x|CAS=r
edM_w_000752	veil	voloir	VERcjg	MODE=ind|TEMPS=psp|PERS.=1|NOMB.=s
edM_w_000753	ballier	baillier	VERinf	MORPH=empty
edM_w_000754	l	le	DETdef	NOMB.=s|GENRE=m|CAS=n
edM_w_000755	emperéor	emperëor	NOMcom	NOMB.=s|GENRE=m|CAS=n
edM_w_000756	Pepin	Pepin	NOMpro	NOMB.=s|GENRE=m|CAS=n
edM_w_000757	ce	ce1	PROdem	NOMB.=s|GENRE=m|CAS=n
edM_w_000758	est	estre1	VERcjg	MODE=ind|TEMPS=pst|PERS.=3|NOMB.=s
edM_w_000759	ses	son4	DETpos	PERS.=3|NOMB.=s|GENRE=m|CAS=n
edM_w_000760	fiéz	fief	NOMcom	NOMB.=s|GENRE=m|CAS=n
edM_w_000761	se	si	ADVgen	DEGRE=-
edM_w_000762	li	il	PROper	PERS.=3|NOMB.=s|GENRE=m|CAS=i
edM_w_000763	doi	devoir	VERcjg	MODE=ind|TEMPS=pst|PERS.=1|NOMB.=s
edM_w_000764	bien	bien1	ADVgen	DEGRE=p
edM_w_000765	ofrir	ofrir	VERinf	MORPH=empty
edM_w_000766	n	ne1	ADVneg	MORPH=empty
edM_w_000767	ai	avoir	VERcjg	MODE=ind|TEMPS=pst|PERS.=1|NOMB.=s
edM_w_000768	tan	tant	ADVgen	DEGRE=-
edM_w_000769	de	de	PRE	MORPH=empty
edM_w_000770	terre	terre	NOMcom	NOMB.=s|GENRE=f|CAS=r
edM_w_000771	[u]	où	PROrel	NOMB.=s|GENRE=f|CAS=i
edM_w_000772	[ie]	je	PROper	PERS.=1|NOMB.=s|GENRE=m|CAS=n
edM_w_000773	puisse	pöoir	VERcjg	MODE=sub|TEMPS=pst|PERS.=1|NOMB.=s
edM_w_000774	gesir	jesir	VERinf	MORPH=empty
edM_w_000775	ne	ne2	CONcoo	MORPH=empty
edM_w_000776	u	où	PROrel	NOMB.=s|GENRE=f|CAS=i
edM_w_000777	ester	ester	VERinf	MORPH=empty
edM_w_000778	por	por2	PRE	MORPH=empty
edM_w_000779	mon	mon1	DETpos	PERS.=1|NOMB.=s|GENRE=m|CAS=r
edM_w_000780	seior	sejor	NOMcom	NOMB.=s|GENRE=m|CAS=r
edM_w_000781	tenir	tenir1	VERinf	MORPH=empty
edM_w_000782	autretex	autretel	ADVgen	DEGRE=-
edM_w_000783	est	estre1	VERcjg	MODE=ind|TEMPS=pst|PERS.=3|NOMB.=s
edM_w_000784	mon	mon1	DETpos	PERS.=1|NOMB.=s|GENRE=m|CAS=n
edM_w_000785	frère	frere	NOMcom	NOMB.=s|GENRE=m|CAS=n
edM_w_000786	Lancelin	Lancelin	NOMpro	NOMB.=s|GENRE=m|CAS=n
edM_w_000787	par	par	PRE	MORPH=empty
edM_w_000788	le	le	DETdef	NOMB.=s|GENRE=m|CAS=r
edM_w_000789	boschage	boschage	NOMcom	NOMB.=s|GENRE=m|CAS=r
edM_w_000790	s	soi1	PROper	PERS.=3|NOMB.=s|GENRE=m|CAS=r
edM_w_000791	en	en2	PROadv	MORPH=empty
edM_w_000792	fuit	fuir	VERcjg	MODE=ind|TEMPS=pst|PERS.=3|NOMB.=s
edM_w_000793	comme	come1	CONsub	MORPH=empty
edM_w_000794	home	ome	NOMcom	NOMB.=s|GENRE=m|CAS=r
edM_w_000795	eschis	eschif1	ADJqua	NOMB.=s|GENRE=m|CAS=r|DEGRE=p
edM_w_000796	à	a3	PRE	MORPH=empty
edM_w_000797	borc	borc	NOMcom	NOMB.=s|GENRE=m|CAS=r
edM_w_000798	n	ne1	ADVneg	MORPH=empty
edM_w_000799	en	en2	PROadv	MORPH=empty
edM_w_000800	ose	oser	VERcjg	MODE=ind|TEMPS=pst|PERS.=3|NOMB.=s
edM_w_000801	ne	ne2	CONcoo	MORPH=empty
edM_w_000802	à	a3	PRE	MORPH=empty
edM_w_000803	vile	venir		MORPH=empty
edM_w_000804	†vile	vile	NOMcom	NOMB.=s|GENRE=f|CAS=r
edM_w_000805	venir	venir	VERinf	MORPH=empty
edM_w_000806	et	et	CONcoo	MORPH=empty
edM_w_000807	dit	dire	VERcjg	MODE=ind|TEMPS=pst|PERS.=3|NOMB.=s
edM_w_000808	Fromons	Fromund	NOMpro	NOMB.=s|GENRE=m|CAS=n
edM_w_000809	†se	se	CONsub	MORPH=empty
edM_w_000810	†diex	dieu	NOMpro	NOMB.=s|GENRE=m|CAS=n
edM_w_000811	†le	il	PROper	PERS.=3|NOMB.=s|GENRE=m|CAS=r
edM_w_000812	†velt	voloir	VERcjg	MODE=ind|TEMPS=pst|PERS.=3|NOMB.=s
edM_w_000813	†sofrir	sofrir	VERinf	MORPH=empty
edM_w_000814	†ancor	encore	ADVgen	DEGRE=-
edM_w_000815	†i	un	DETndf	NOMB.=s|GENRE=m|CAS=r
edM_w_000816	†ior	jor	NOMcom	NOMB.=s|GENRE=m|CAS=r
edM_w_000817	†referons	refaire2	VERcjg	MODE=ind|TEMPS=fut|PERS.=1|NOMB.=p
edM_w_000818	†no	nostre	DETpos	PERS.=1|NOMB.=s|GENRE=m|CAS=r
edM_w_000819	†plesir	plaisir	NOMcom	NOMB.=s|GENRE=m|CAS=r
edM_w_000820	Garins	Garin	NOMpro	NOMB.=s|GENRE=m|CAS=n
edM_w_000821	chevauche	chevauchier	VERcjg	MODE=ind|TEMPS=pst|PERS.=3|NOMB.=s
edM_w_000822	o	o4	PRE	MORPH=empty
edM_w_000823	s	son4	DETpos	PERS.=3|NOMB.=s|GENRE=m|CAS=r
edM_w_000824	oz	ost	NOMcom	NOMB.=s|GENRE=m|CAS=r
edM_w_000825	qui	qui	PROrel	NOMB.=s|GENRE=m|CAS=n
edM_w_000826	mult	mout	ADVgen	DEGRE=-
edM_w_000827	fu	estre1	VERcjg	MODE=ind|TEMPS=psp|PERS.=3|NOMB.=s
edM_w_000828	granz	grant	ADJqua	NOMB.=s|GENRE=m|CAS=n|DEGRE=p
edM_w_000829	an	en1	PRE	MORPH=empty
edM_w_000830	l	le	DETdef	NOMB.=s|GENRE=f|CAS=r
edM_w_000831	avangarde	avantgarde	NOMcom	NOMB.=s|GENRE=f|CAS=r
edM_w_000832	fu	estre1	VERcjg	MODE=ind|TEMPS=psp|PERS.=3|NOMB.=s
edM_w_000833	Gautiers	Gautier	NOMpro	NOMB.=s|GENRE=m|CAS=n
edM_w_000834	li	le	DETdef	NOMB.=s|GENRE=m|CAS=n
edM_w_000835	vallanz	vaillant	NOMcom	NOMB.=s|GENRE=m|CAS=n
edM_w_000836	sonent	soner	VERcjg	MODE=ind|TEMPS=pst|PERS.=3|NOMB.=p
edM_w_000837	buisines	buisine	NOMcom	NOMB.=p|GENRE=f|CAS=r
edM_w_000838	cornent	corner	VERcjg	MODE=ind|TEMPS=pst|PERS.=3|NOMB.=p
edM_w_000839	cil	cel	DETdem	NOMB.=p|GENRE=m|CAS=r
edM_w_000840	olifant	olifant	NOMcom	NOMB.=p|GENRE=m|CAS=r
edM_w_000841	au	a3+le	PRE.DETdef	NOMB.=s|GENRE=m|CAS=r
edM_w_000842	destraũ	SEGM	OUT	MORPH=empty
edM_w_000843	no	nos1	PROper	PERS.=1|NOMB.=p|GENRE=m|CAS=i
edM_w_000844	issoiz	issir	VERcjg	MODE=ind|TEMPS=ipf|PERS.=3|NOMB.=s
edM_w_000845	dieu	dieu	NOMpro	NOMB.=s|GENRE=m|CAS=n
edM_w_000846	tonant	toner	VERppa	NOMB.=s|GENRE=m|CAS=n
edM_w_000847	à	a3	PRE	MORPH=empty
edM_w_000848	route	rote4	NOMcom	NOMB.=s|GENRE=f|CAS=r
edM_w_000849	sont	estre1	VERcjg	MODE=ind|TEMPS=pst|PERS.=3|NOMB.=p
edM_w_000850	si	si	ADVgen	DEGRE=-
edM_w_000851	s	soi1	PROper	PERS.=3|NOMB.=p|GENRE=m|CAS=r
edM_w_000852	en	en2	PROadv	MORPH=empty
edM_w_000853	vont	aler	VERcjg	MODE=ind|TEMPS=pst|PERS.=3|NOMB.=p
edM_w_000854	meintenant	maintenant	ADVgen	DEGRE=-
edM_w_000855	jusqu	jusque	PRE	MORPH=empty
edM_w_000856	à	a3	PRE	MORPH=empty
edM_w_000857	Amiens	Amiens	NOMpro	NOMB.=s|GENRE=x|CAS=r
edM_w_000858	la	le	DETdef	NOMB.=s|GENRE=f|CAS=r
edM_w_000859	fort	fort	ADJqua	NOMB.=s|GENRE=f|CAS=r|DEGRE=p
edM_w_000860	cité	cité	NOMcom	NOMB.=s|GENRE=f|CAS=r
edM_w_000861	vallænt	valoir	VERppa	NOMB.=s|GENRE=f|CAS=r
edM_w_000862	troevent	trover	VERcjg	MODE=ind|TEMPS=pst|PERS.=3|NOMB.=p
edM_w_000863	Doon	Doon	NOMpro	NOMB.=s|GENRE=m|CAS=r
edM_w_000864	e	et	CONcoo	MORPH=empty
edM_w_000865	son	son4	DETpos	PERS.=3|NOMB.=s|GENRE=m|CAS=r
edM_w_000866	fil	fil2	NOMcom	NOMB.=s|GENRE=m|CAS=r
edM_w_000867	Guinemant	Guinemant	NOMpro	NOMB.=s|GENRE=m|CAS=r
edM_w_000868	il	il	PROper	PERS.=3|NOMB.=p|GENRE=m|CAS=n
edM_w_000869	les	il	PROper	PERS.=3|NOMB.=p|GENRE=m|CAS=r
edM_w_000870	asallent	assalir	VERcjg	MODE=ind|TEMPS=pst|PERS.=3|NOMB.=p
edM_w_000871	en	en1	PRE	MORPH=empty
edM_w_000872	droit	droit	NOMcom	NOMB.=s|GENRE=m|CAS=r
edM_w_000873	prime	prim	ADJqua	NOMB.=s|GENRE=m|CAS=r|DEGRE=p
edM_w_000874	sonant	soner	VERppa	NOMB.=s|GENRE=m|CAS=r
edM_w_000875	lieve	lever	VERcjg	MODE=ind|TEMPS=pst|PERS.=3|NOMB.=s
edM_w_000876	li	le	DETdef	NOMB.=s|GENRE=m|CAS=n
edM_w_000877	criz	cri	NOMcom	NOMB.=s|GENRE=m|CAS=n
edM_w_000878	et	et	CONcoo	MORPH=empty
edM_w_000879	la	le	DETdef	NOMB.=s|GENRE=f|CAS=n
edM_w_000880	noise	noise	NOMcom	NOMB.=s|GENRE=f|CAS=n
edM_w_000881	fu	estre1	VERcjg	MODE=ind|TEMPS=psp|PERS.=3|NOMB.=s
edM_w_000882	granz	grant	ADJqua	NOMB.=s|GENRE=f|CAS=n|DEGRE=p
edM_w_000883	li	le	DETdef	NOMB.=p|GENRE=m|CAS=n
edM_w_000884	Avalois	Avalois	NOMpro	NOMB.=p|GENRE=m|CAS=n
edM_w_000885	s	soi1	PROper	PERS.=3|NOMB.=p|GENRE=m|CAS=r
edM_w_000886	en	en2	PROadv	MORPH=empty
edM_w_000887	vont	aler	VERcjg	MODE=ind|TEMPS=pst|PERS.=3|NOMB.=p
edM_w_000888	entremetant	entremetre	VERppa	NOMB.=x|GENRE=x|CAS=x
edM_w_000889	que	que4	CONsub	MORPH=empty
edM_w_000890	la	le	DETdef	NOMB.=s|GENRE=f|CAS=n
edM_w_000891	cité	cité	NOMcom	NOMB.=s|GENRE=f|CAS=n
edM_w_000892	fu	estre1	VERcjg	MODE=ind|TEMPS=psp|PERS.=3|NOMB.=s
edM_w_000893	prise	prendre	VERppe	NOMB.=s|GENRE=f|CAS=n
edM_w_000894	meintenant	maintenant	ADVgen	DEGRE=-
edM_w_000895	li	le	DETdef	NOMB.=p|GENRE=m|CAS=n
edM_w_000896	Avalois	Avalois	NOMpro	NOMB.=p|GENRE=m|CAS=n
edM_w_000897	se	soi1	PROper	PERS.=3|NOMB.=p|GENRE=m|CAS=r
edM_w_000898	von	aler	VERcjg	MODE=ind|TEMPS=pst|PERS.=3|NOMB.=p
edM_w_000899	mult	mout	ADVgen	DEGRE=-
edM_w_000900	esforçant	esforcier1	VERppa	NOMB.=p|GENRE=m|CAS=r
edM_w_000901	mes	mais1	CONcoo	MORPH=empty
edM_w_000902	ne	ne1	ADVneg	MORPH=empty
edM_w_000903	puet	pöoir	VERcjg	MODE=ind|TEMPS=pst|PERS.=3|NOMB.=s
edM_w_000904	estre	estre1	VERinf	MORPH=empty
edM_w_000905	que	que4	CONsub	MORPH=empty
edM_w_000906	Baugi	Baugi	NOMpro	NOMB.=s|GENRE=m|CAS=n
edM_w_000907	fu	estre1	VERcjg	MODE=ind|TEMPS=psp|PERS.=3|NOMB.=s
edM_w_000908	devant	devant	ADVgen	DEGRE=-
edM_w_000909	et	et	CONcoo	MORPH=empty
edM_w_000910	son	son4	DETpos	PERS.=3|NOMB.=s|GENRE=m|CAS=r
edM_w_000911	nevon	nevo	NOMcom	NOMB.=s|GENRE=m|CAS=r
edM_w_000912	Hernaudet	Hernaudet	NOMpro	NOMB.=s|GENRE=m|CAS=n
edM_w_000913	et	et	CONcoo	MORPH=empty
edM_w_000914	Gerin	Gerin	NOMpro	NOMB.=s|GENRE=m|CAS=r
edM_w_000915	mult	mout	ADVgen	DEGRE=-
edM_w_000916	s	soi1	PROper	PERS.=3|NOMB.=p|GENRE=m|CAS=r
edM_w_000917	esbahissent	esbäir	VERcjg	MODE=ind|TEMPS=pst|PERS.=3|NOMB.=p
edM_w_000918	li	le	DETdef	NOMB.=p|GENRE=m|CAS=n
edM_w_000919	grant	grant	NOMcom	NOMB.=p|GENRE=m|CAS=n|DEGRE=p
edM_w_000920	et	et	CONcoo	MORPH=empty
edM_w_000921	li	le	DETdef	NOMB.=p|GENRE=m|CAS=n
edM_w_000922	petit	petit	NOMcom	NOMB.=p|GENRE=m|CAS=n
edM_w_000923	Gerins	Gerin	NOMpro	NOMB.=s|GENRE=m|CAS=n
edM_w_000924	chevalche	chevauchier	VERcjg	MODE=ind|TEMPS=pst|PERS.=3|NOMB.=s
edM_w_000925	sor	sor2	PRE	MORPH=empty
edM_w_000926	1	un	DETcar	NOMB.=s|GENRE=m|CAS=r
edM_w_000927	destrier	destrier1	NOMcom	NOMB.=s|GENRE=m|CAS=r
edM_w_000928	de	de	PRE	MORPH=empty
edM_w_000929	pris	pris1	NOMcom	NOMB.=s|GENRE=m|CAS=r
edM_w_000930	†ne	ne1	ADVneg	MORPH=empty
edM_w_000931	†dotez	doter2	VERcjg	MODE=imp|PERS.=2|NOMB.=p
edM_w_000932	†pas	pas	ADVneg	MORPH=empty
edM_w_000933	li	le	DETdef	NOMB.=s|GENRE=m|CAS=n
edM_w_000934	dus	duc2	NOMcom	NOMB.=s|GENRE=m|CAS=n
edM_w_000935	Gerins	Gerin	NOMpro	NOMB.=s|GENRE=m|CAS=n
edM_w_000936	a	avoir	VERcjg	MODE=ind|TEMPS=pst|PERS.=3|NOMB.=s
edM_w_000937	dit	dire	VERppe	NOMB.=s|GENRE=m|CAS=r
edM_w_000938	ta		OUT	MORPH=empty
edM_w_000939	mes	mon1	OUT	MORPH=empty
edM_w_000940	pares		OUT	MORPH=empty
edM_w_000941	vive	vivre1	OUT	MORPH=empty
edM_w_000942	li	le	DETdef	NOMB.=s|GENRE=m|CAS=n
edM_w_000943	dus	duc2	NOMcom	NOMB.=s|GENRE=m|CAS=n
edM_w_000944	Garins	Garin	NOMpro	NOMB.=s|GENRE=m|CAS=n
edM_w_000945	de	de	PRE	MORPH=empty
edM_w_000946	ci	ci	ADVgen	DEGRE=-
edM_w_000947	a	a3	PRE	MORPH=empty
edM_w_000948	lois	loi3	NOMcom	NOMB.=s|GENRE=f|CAS=r
edM_w_000949	ne	ne1	ADVneg	MORPH=empty
edM_w_000950	prisent	prisier	VERcjg	MODE=ind|TEMPS=pst|PERS.=3|NOMB.=p
edM_w_000951	onques	onque	ADVgen	DEGRE=-
edM_w_000952	fin	fin1	NOMcom	NOMB.=s|GENRE=f|CAS=r
edM_w_000953	il	il	PROper	PERS.=3|NOMB.=p|GENRE=m|CAS=n
edM_w_000954	l	il	PROper	PERS.=3|NOMB.=s|GENRE=m|CAS=r
edM_w_000955	asallerent	assalir	VERcjg	MODE=ind|TEMPS=psp|PERS.=3|NOMB.=p
edM_w_000956	si	si	ADVgen	DEGRE=-
edM_w_000957	ont	avoir	VERcjg	MODE=ind|TEMPS=pst|PERS.=3|NOMB.=p
edM_w_000958	le	le	DETdef	NOMB.=s|GENRE=m|CAS=r
edM_w_000959	borc	borc	NOMcom	NOMB.=s|GENRE=m|CAS=r
edM_w_000960	espris	esprendre2	VERppe	NOMB.=s|GENRE=m|CAS=r
edM_w_000961	mes	mais1	ADVgen	DEGRE=-
edM_w_000962	ou	en1+le	PRE.DETdef	NOMB.=s|GENRE=m|CAS=r
edM_w_000963	chastel	chastel	NOMcom	NOMB.=s|GENRE=m|CAS=r
edM_w_000964	ne	ne1	ADVneg	MORPH=empty
edM_w_000965	porent	pöoir	VERcjg	MODE=ind|TEMPS=psp|PERS.=3|NOMB.=p
edM_w_000966	avenir	avenir	VERinf	MORPH=empty
edM_w_000967	an	en1	PRE	MORPH=empty
edM_w_000968	un	un	DETndf	NOMB.=s|GENRE=m|CAS=r
edM_w_000969	marais	marois2	NOMcom	NOMB.=s|GENRE=m|CAS=r
edM_w_000970	fu	estre1	VERcjg	MODE=ind|TEMPS=psp|PERS.=3|NOMB.=s
edM_w_000971	fondez	fonder2	VERppe	NOMB.=s|GENRE=m|CAS=n
edM_w_000972	et	et	CONcoo	MORPH=empty
edM_w_000973	asis	asseoir	VERppe	NOMB.=s|GENRE=m|CAS=n
edM_w_000974	il	il	PROper	PERS.=3|NOMB.=p|GENRE=m|CAS=n
edM_w_000975	s	soi1	PROper	PERS.=3|NOMB.=p|GENRE=m|CAS=r
edM_w_000976	en	en2	PROadv	MORPH=empty
edM_w_000977	tornèrent	torner	VERcjg	MODE=ind|TEMPS=psp|PERS.=3|NOMB.=p
edM_w_000978	si	si	ADVgen	DEGRE=-
edM_w_000979	ont	avoir	VERcjg	MODE=ind|TEMPS=pst|PERS.=3|NOMB.=p
edM_w_000980	lor	lor2	DETpos	PERS.=3|NOMB.=p|GENRE=m|CAS=r
edM_w_000981	ostex	ostel	NOMcom	NOMB.=p|GENRE=m|CAS=r
edM_w_000982	pris	prendre	VERppe	NOMB.=p|GENRE=m|CAS=r
edM_w_000983	sor	sor2	PRE	MORPH=empty
edM_w_000984	la	le	DETdef	NOMB.=s|GENRE=f|CAS=r
edM_w_000985	rivére	riviere	NOMcom	NOMB.=s|GENRE=f|CAS=r
edM_w_000986	o	où	PROrel	NOMB.=s|GENRE=f|CAS=i
edM_w_000987	il	il	PROper	PERS.=3|NOMB.=p|GENRE=m|CAS=n
edM_w_000988	furent	estre1	VERcjg	MODE=ind|TEMPS=psp|PERS.=3|NOMB.=p
edM_w_000989	asis	asseoir	VERppe	NOMB.=p|GENRE=m|CAS=n
edM_w_000990	franc	franc1	ADJqua	NOMB.=p|GENRE=m|CAS=n|DEGRE=p
edM_w_000991	chevalier	chevalier	NOMcom	NOMB.=p|GENRE=m|CAS=n
edM_w_000992	i		OUT	MORPH=empty
edM_w_000993	es		OUT	MORPH=empty
edM_w_000994	mi	mon1	DETpos	PERS.=1|NOMB.=p|GENRE=m|CAS=n
edM_w_000995	ami	ami	NOMcom	NOMB.=p|GENRE=m|CAS=n
edM_w_000996	bien	bien1	ADVgen	DEGRE=p
edM_w_000997	vos	vos	PROper	PERS.=2|NOMB.=p|GENRE=m|CAS=i
edM_w_000998	doi	devoir	VERcjg	MODE=ind|TEMPS=pst|PERS.=1|NOMB.=s
edM_w_000999	dire	dire	VERinf	MORPH=empty
edM_w_001000	mon	mon1	DETpos	PERS.=1|NOMB.=s|GENRE=m|CAS=r
edM_w_001001	cuer	cuer2	NOMcom	NOMB.=s|GENRE=m|CAS=r
edM_w_001002	et	et	CONcoo	MORPH=empty
edM_w_001003	mon	mon1	DETpos	PERS.=1|NOMB.=s|GENRE=m|CAS=r
edM_w_001004	plesir	plaisir	NOMcom	NOMB.=s|GENRE=m|CAS=r
edM_w_001005	j	je	PROper	PERS.=1|NOMB.=s|GENRE=m|CAS=n
edM_w_001006	ai	avoir	VERcjg	MODE=ind|TEMPS=pst|PERS.=1|NOMB.=s
edM_w_001007	Vermendois	Vermendois	NOMpro	NOMB.=s|GENRE=m|CAS=r
edM_w_001008	et	et	CONcoo	MORPH=empty
edM_w_001009	folé	foler2	VERppe	NOMB.=s|GENRE=m|CAS=r
edM_w_001010	et	et	CONcoo	MORPH=empty
edM_w_001011	ledi	laidir	VERppe	NOMB.=s|GENRE=m|CAS=r
edM_w_001012	n	ne1	ADVneg	MORPH=empty
edM_w_001013	i	i2	PROadv	MORPH=empty
edM_w_001014	a	avoir	VERcjg	MODE=ind|TEMPS=pst|PERS.=3|NOMB.=s
edM_w_001015	remez	remanoir	VERppe	NOMB.=s|GENRE=m|CAS=r
edM_w_001016	si	si	ADVgen	DEGRE=-
edM_w_001017	com	come1	CONsub	MORPH=empty
edM_w_001018	moi	je	PROper	PERS.=1|NOMB.=s|GENRE=m|CAS=i
edM_w_001019	est	estre1	VERcjg	MODE=ind|TEMPS=pst|PERS.=3|NOMB.=s
edM_w_001020	avis	avis	NOMcom	NOMB.=s|GENRE=m|CAS=r
edM_w_001021	fors	fors1	ADVgen	DEGRE=-
edM_w_001022	seulement	solement	ADVgen	DEGRE=-
edM_w_001023	Roie	Roye	NOMpro	NOMB.=s|GENRE=m|CAS=r
edM_w_001024	q	que3	OUT	MORPH=empty
edM_w_001025	est	estre1	VERcjg	MODE=ind|TEMPS=pst|PERS.=3|NOMB.=s
edM_w_001026	el		OUT	MORPH=empty
edM_w_001027	se	se	CONsub	MORPH=empty
edM_w_001028	vos	vos	PROper	PERS.=2|NOMB.=p|GENRE=m|CAS=n
edM_w_001029	volez	voloir	VERcjg	MODE=ind|TEMPS=pst|PERS.=2|NOMB.=p
edM_w_001030	bien	bien1	ADVgen	DEGRE=p
edM_w_001031	sera	estre1	VERcjg	MODE=ind|TEMPS=fut|PERS.=3|NOMB.=s
edM_w_001032	demein	demain	ADVgen	DEGRE=-
edM_w_001033	pris	prendre	VERppe	NOMB.=s|GENRE=m|CAS=r
edM_w_001034	li	le	DETdef	NOMB.=s|GENRE=m|CAS=n
edM_w_001035	uns	un	PROind	NOMB.=s|GENRE=m|CAS=n
edM_w_001036	de	de	PRE	MORPH=empty
edM_w_001037	vos	vostre	DETpos	PERS.=2|NOMB.=p|GENRE=m|CAS=r
edM_w_001038	franc	franc1	ADJqua	NOMB.=p|GENRE=m|CAS=r|DEGRE=p
edM_w_001039	chevalier	chevalier	NOMcom	NOMB.=p|GENRE=m|CAS=r
edM_w_001040	gentis	gentil	ADJqua	NOMB.=p|GENRE=m|CAS=r|DEGRE=p
edM_w_001041	cele	cel	DETdem	NOMB.=s|GENRE=f|CAS=r
edM_w_001042	part	part1	NOMcom	NOMB.=s|GENRE=f|CAS=r
edM_w_001043	voist	aler	VERcjg	MODE=sub|TEMPS=pst|PERS.=3|NOMB.=s
edM_w_001044	et	et	CONcoo	MORPH=empty
edM_w_001045	des	de+le	PRE.DETdef	NOMB.=p|GENRE=m|CAS=n
edM_w_001046	chevaliers	chevalier	NOMcom	NOMB.=p|GENRE=m|CAS=n
edM_w_001047	mil	mil1	ADJcar	NOMB.=p|GENRE=m|CAS=n
edM_w_001048	vos	vos	PROper	PERS.=2|NOMB.=s|GENRE=m|CAS=i
edM_w_001049	le	il	PROper	PERS.=3|NOMB.=s|GENRE=m|CAS=r
edM_w_001050	prendroiz	prendre	VERcjg	MODE=ind|TEMPS=fut|PERS.=3|NOMB.=s
edM_w_001051	le	il	PROper	PERS.=3|NOMB.=s|GENRE=m|CAS=r
edM_w_001052	les	il	PROper	PERS.=3|NOMB.=s|GENRE=m|CAS=r
edM_w_001053	ai	avoir	VERcjg	MODE=ind|TEMPS=pst|PERS.=1|NOMB.=s
edM_w_001054	tot	tot	PROind	NOMB.=p|GENRE=m|CAS=r
edM_w_001055	defi	desfïer	VERppe	NOMB.=s|GENRE=m|CAS=r
edM_w_001056	ge	je	PROper	PERS.=1|NOMB.=s|GENRE=m|CAS=n
edM_w_001057	remandrai	remanoir	VERcjg	MODE=ind|TEMPS=fut|PERS.=1|NOMB.=s
edM_w_001058	vos	vos	PROper	PERS.=2|NOMB.=p|GENRE=m|CAS=n
edM_w_001059	revendroiz	revenir	VERcjg	MODE=ind|TEMPS=fut|PERS.=2|NOMB.=p
edM_w_001060	jcj	ici	ADVgen	DEGRE=-
edM_w_001061	"ge	je	PROper	PERS.=1|NOMB.=s|GENRE=m|CAS=n
edM_w_001062	irai	aler	VERcjg	MODE=ind|TEMPS=fut|PERS.=1|NOMB.=s
edM_w_001063	sire	seignor	NOMcom	NOMB.=s|GENRE=m|CAS=n
edM_w_001064	l		OUT	MORPH=empty
edM_w_001065	ses		OUT	MORPH=empty
edM_w_001066	Gerins	Gerin	NOMpro	NOMB.=s|GENRE=m|CAS=n
edM_w_001067	dit	dire	VERcjg	MODE=ind|TEMPS=pst|PERS.=3|NOMB.=s
