edGLM2_w_000001	Del	de+le	PRE.DETdef	NOMB.=s|GENRE=m|CAS=r
edGLM2_w_000002	linage	lignage	NOMcom	NOMB.=s|GENRE=m|CAS=r
edGLM2_w_000003	est	estre1	VERcjg	MODE=ind|TEMPS=pst|PERS.=3|NOMB.=s
edGLM2_w_000004	Fromont	Fromund	NOMpro	NOMB.=s|GENRE=m|CAS=n
edGLM2_w_000005	le	le	DETdef	NOMB.=s|GENRE=m|CAS=n
edGLM2_w_000006	poteïs	pöestëif	NOMcom	NOMB.=s|GENRE=m|CAS=n
edGLM2_w_000007	Sor	sor2	PRE	MORPH=empty
edGLM2_w_000008	une	un	DETndf	NOMB.=s|GENRE=f|CAS=r
edGLM2_w_000009	roche	roche3	NOMcom	NOMB.=s|GENRE=f|CAS=r
edGLM2_w_000010	durement	durement2	ADVgen	DEGRE=-
edGLM2_w_000011	l	il	PROper	PERS.=3|NOMB.=s|GENRE=m|CAS=r
edGLM2_w_000012	abati	abatre	VERcjg	MODE=ind|TEMPS=psp|PERS.=3|NOMB.=s
edGLM2_w_000013	Le	le	DETdef	NOMB.=s|GENRE=m|CAS=r
edGLM2_w_000014	cou	col	NOMcom	NOMB.=s|GENRE=m|CAS=r
edGLM2_w_000015	desnoe	desnöer	VERcjg	MODE=ind|TEMPS=pst|PERS.=3|NOMB.=s
edGLM2_w_000016	si	si	ADVgen	DEGRE=-
edGLM2_w_000017	est	estre1	VERcjg	MODE=ind|TEMPS=pst|PERS.=3|NOMB.=s
edGLM2_w_000018	brisiez	brisier	VERppe	NOMB.=s|GENRE=m|CAS=n
edGLM2_w_000019	par	par	PRE	MORPH=empty
edGLM2_w_000020	mi	mi2	NOMcom	NOMB.=s|GENRE=m|CAS=r
edGLM2_w_000021	Li	le	DETdef	NOMB.=s|GENRE=m|CAS=n
edGLM2_w_000022	cors	cors1	NOMcom	NOMB.=s|GENRE=m|CAS=n
edGLM2_w_000023	s	soi1	PROper	PERS.=3|NOMB.=s|GENRE=m|CAS=r
edGLM2_w_000024	estent	estendre	VERcjg	MODE=ind|TEMPS=pst|PERS.=3|NOMB.=s
edGLM2_w_000025	et	et	CONcoo	MORPH=empty
edGLM2_w_000026	l	le	DETdef	NOMB.=s|GENRE=f|CAS=n
edGLM2_w_000027	ame	ame	NOMcom	NOMB.=s|GENRE=f|CAS=n
edGLM2_w_000028	s	soi1	PROper	PERS.=3|NOMB.=s|GENRE=m|CAS=r
edGLM2_w_000029	en	en2	PROadv	MORPH=empty
edGLM2_w_000030	parti	partir	VERcjg	MODE=ind|TEMPS=psp|PERS.=3|NOMB.=s
edGLM2_w_000031	Bernars	Bernart	NOMpro	NOMB.=s|GENRE=m|CAS=n
edGLM2_w_000032	chevauche	chevauchier	VERcjg	MODE=ind|TEMPS=pst|PERS.=3|NOMB.=s
edGLM2_w_000033	qi	qui	PROrel	NOMB.=s|GENRE=m|CAS=n
edGLM2_w_000034	mort	morir	VERppe	NOMB.=s|GENRE=m|CAS=r
edGLM2_w_000035	trova	trover	VERcjg	MODE=ind|TEMPS=psp|PERS.=3|NOMB.=s
edGLM2_w_000036	son	son4	DETpos	PERS.=3|NOMB.=s|GENRE=m|CAS=r
edGLM2_w_000037	fil	fil2	NOMcom	NOMB.=s|GENRE=m|CAS=r
edGLM2_w_000038	Il	il	PROper	PERS.=3|NOMB.=s|GENRE=m|CAS=n
edGLM2_w_000039	le	il	PROper	PERS.=3|NOMB.=s|GENRE=m|CAS=r
edGLM2_w_000040	regrete	regreter	VERcjg	MODE=ind|TEMPS=pst|PERS.=3|NOMB.=s
edGLM2_w_000041	con	come1	CONsub	MORPH=empty
edGLM2_w_000042	ja	ja	ADVgen	DEGRE=-
edGLM2_w_000043	porrez	pöoir	VERcjg	MODE=ind|TEMPS=fut|PERS.=2|NOMB.=p
edGLM2_w_000044	oïr	öir	VERinf	MORPH=empty
edGLM2_w_000045	Tant	tant	ADVgen	DEGRE=-
edGLM2_w_000046	mare	mar	ADVgen	DEGRE=-
edGLM2_w_000047	i	i2	PROadv	MORPH=empty
edGLM2_w_000048	futes	estre1	VERcjg	MODE=ind|TEMPS=psp|PERS.=3|NOMB.=p
edGLM2_w_000049	franc	franc1	ADJqua	NOMB.=s|GENRE=m|CAS=n|DEGRE=p
edGLM2_w_000050	chevalier	chevalier	NOMcom	NOMB.=s|GENRE=m|CAS=n
edGLM2_w_000051	gentil	gentil	ADJqua	NOMB.=s|GENRE=m|CAS=n|DEGRE=p
edGLM2_w_000052	Or	or4	ADVgen	DEGRE=-
edGLM2_w_000053	puis	pöoir	VERcjg	MODE=ind|TEMPS=pst|PERS.=1|NOMB.=s
edGLM2_w_000054	je	je	PROper	PERS.=1|NOMB.=s|GENRE=m|CAS=n
edGLM2_w_000055	dire	dire	VERinf	MORPH=empty
edGLM2_w_000056	malement	malement	ADVgen	DEGRE=-
edGLM2_w_000057	sui	estre1	VERcjg	MODE=ind|TEMPS=pst|PERS.=1|NOMB.=s
edGLM2_w_000058	bailli	baillier	VERppe	NOMB.=s|GENRE=m|CAS=n
edGLM2_w_000059	Abatu	abatre	VERppe	NOMB.=s|GENRE=m|CAS=r
edGLM2_w_000060	m	je	PROper	PERS.=1|NOMB.=s|GENRE=m|CAS=i
edGLM2_w_000061	ont	avoir		MODE=ind|TEMPS=pst|PERS.=3|NOMB.=p
edGLM2_w_000062	mon	mon1	DETpos	PERS.=1|NOMB.=s|GENRE=m|CAS=r
edGLM2_w_000063	chastel	chastel	NOMcom	NOMB.=s|GENRE=m|CAS=r
edGLM2_w_000064	de	de	PRE	MORPH=empty
edGLM2_w_000065	Nesil	Nesil	NOMpro	NOMB.=s|GENRE=x|CAS=r
edGLM2_w_000066	Et	et	CONcoo	MORPH=empty
edGLM2_w_000067	je	je	PROper	PERS.=1|NOMB.=s|GENRE=m|CAS=n
edGLM2_w_000068	vos	vos	PROper	PERS.=2|NOMB.=p|GENRE=m|CAS=r
edGLM2_w_000069	voi	vëoir	VERcjg	MODE=ind|TEMPS=pst|PERS.=1|NOMB.=s
edGLM2_w_000070	a	a3	PRE	MORPH=empty
edGLM2_w_000071	la	le	DETdef	NOMB.=s|GENRE=f|CAS=r
edGLM2_w_000072	terre	terre	NOMcom	NOMB.=s|GENRE=f|CAS=r
edGLM2_w_000073	gesir	jesir	VERinf	MORPH=empty
edGLM2_w_000074	Certes	certes	ADVgen	DEGRE=-
edGLM2_w_000075	ma	mon1	DETpos	PERS.=1|NOMB.=s|GENRE=f|CAS=r
edGLM2_w_000076	vie	vie1	NOMcom	NOMB.=s|GENRE=f|CAS=r
edGLM2_w_000077	pris	prisier	VERcjg	MODE=ind|TEMPS=pst|PERS.=1|NOMB.=s
edGLM2_w_000078	je	je	PROper	PERS.=1|NOMB.=s|GENRE=m|CAS=n
edGLM2_w_000079	ore	or4	ADVgen	DEGRE=-
edGLM2_w_000080	petit	petit	ADVgen	DEGRE=p
edGLM2_w_000081	Ne	ne2	CONcoo	MORPH=empty
edGLM2_w_000082	moi	je	PROper	PERS.=1|NOMB.=s|GENRE=m|CAS=i
edGLM2_w_000083	ne	ne1	ADVneg	MORPH=empty
edGLM2_w_000084	chaut	chaloir	VERcjg	MODE=ind|TEMPS=psp|PERS.=3|NOMB.=s
edGLM2_w_000085	qel	quel1	DETint	NOMB.=s|GENRE=f|CAS=r
edGLM2_w_000086	part	part1	NOMcom	NOMB.=s|GENRE=f|CAS=r
edGLM2_w_000087	doie	devoir	VERcjg	MODE=ind|TEMPS=pst|PERS.=1|NOMB.=s
edGLM2_w_000088	ganchir	guenchir	VERinf	MORPH=empty
edGLM2_w_000089	Enz	enz	ADVgen	DEGRE=-
edGLM2_w_000090	†enz	en1	PRE	MORPH=empty
edGLM2_w_000091	l	le	DETdef	NOMB.=s|GENRE=m|CAS=r
edGLM2_w_000092	estor	estor2	NOMcom	NOMB.=s|GENRE=m|CAS=r
edGLM2_w_000093	par	par	PRE	MORPH=empty
edGLM2_w_000094	mautalent	mautalent	NOMcom	NOMB.=s|GENRE=m|CAS=r
edGLM2_w_000095	se	soi1	PROper	PERS.=3|NOMB.=s|GENRE=m|CAS=r
edGLM2_w_000096	mist	metre2	VERcjg	MODE=ind|TEMPS=psp|PERS.=3|NOMB.=s
edGLM2_w_000097	Et	et	CONcoo	MORPH=empty
edGLM2_w_000098	fiert	ferir	VERcjg	MODE=ind|TEMPS=pst|PERS.=3|NOMB.=s
edGLM2_w_000099	Beraut	Beraut	NOMpro	NOMB.=s|GENRE=m|CAS=r
edGLM2_w_000100	qi	qui	PROrel	NOMB.=s|GENRE=m|CAS=n
edGLM2_w_000101	fu	estre1	VERcjg	MODE=ind|TEMPS=psp|PERS.=3|NOMB.=s
edGLM2_w_000102	nez	naistre	VERppe	NOMB.=s|GENRE=m|CAS=n
edGLM2_w_000103	de	de	PRE	MORPH=empty
edGLM2_w_000104	Poissi	Poissi	NOMpro	NOMB.=s|GENRE=x|CAS=r
edGLM2_w_000105	Senglant	sanglent	ADJqua	NOMB.=s|GENRE=m|CAS=r|DEGRE=p
edGLM2_w_000106	en	en2	PROadv	MORPH=empty
edGLM2_w_000107	ot	avoir	VERcjg	MODE=ind|TEMPS=psp|PERS.=3|NOMB.=s
edGLM2_w_000108	la	le	DETdef	NOMB.=s|GENRE=f|CAS=r
edGLM2_w_000109	poitrine	poitrine	NOMcom	NOMB.=s|GENRE=f|CAS=r
edGLM2_w_000110	et	et	CONcoo	MORPH=empty
edGLM2_w_000111	le	le	DETdef	NOMB.=s|GENRE=m|CAS=r
edGLM2_w_000112	piz	piz	NOMcom	NOMB.=s|GENRE=m|CAS=r
edGLM2_w_000113	De	de	PRE	MORPH=empty
edGLM2_w_000114	Godefroi	Godefroi	NOMpro	NOMB.=s|GENRE=m|CAS=r
edGLM2_w_000115	en	en2	PROadv	MORPH=empty
edGLM2_w_000116	a	avoir	VERcjg	MODE=ind|TEMPS=pst|PERS.=3|NOMB.=s
edGLM2_w_000117	la	le	DETdef	NOMB.=s|GENRE=f|CAS=r
edGLM2_w_000118	teste	teste	NOMcom	NOMB.=s|GENRE=f|CAS=r
edGLM2_w_000119	pris	prendre	VERppe	NOMB.=s|GENRE=m|CAS=r
edGLM2_w_000120	Qi	qui	PROint	NOMB.=s|GENRE=m|CAS=n
edGLM2_w_000121	donc	donc	ADVgen	DEGRE=-
edGLM2_w_000122	veïst	vëoir	VERcjg	MODE=sub|TEMPS=ipf|PERS.=3|NOMB.=s
edGLM2_w_000123	Bernart	Bernart	NOMpro	NOMB.=s|GENRE=m|CAS=r
edGLM2_w_000124	au	a3+le	PRE.DETdef	NOMB.=s|GENRE=m|CAS=r
edGLM2_w_000125	brant	brant1	NOMcom	NOMB.=s|GENRE=m|CAS=r
edGLM2_w_000126	ferir	ferir	VERppe	NOMB.=s|GENRE=m|CAS=r
edGLM2_w_000127	A	a3	PRE	MORPH=empty
edGLM2_w_000128	haute	haut	ADJqua	NOMB.=s|GENRE=f|CAS=r|DEGRE=p
edGLM2_w_000129	voiz	voiz	NOMcom	NOMB.=s|GENRE=f|CAS=r
edGLM2_w_000130	a	avoir	VERcjg	MODE=ind|TEMPS=pst|PERS.=3|NOMB.=s
edGLM2_w_000131	escrié	escrïer	VERppe	NOMB.=s|GENRE=m|CAS=r
edGLM2_w_000132	Nesil	Nesil	NOMpro	NOMB.=s|GENRE=m|CAS=n
edGLM2_w_000133	Dist	dire	VERcjg	MODE=ind|TEMPS=pst|PERS.=3|NOMB.=s
edGLM2_w_000134	l	le	DETdef	NOMB.=s|GENRE=m|CAS=n
edGLM2_w_000135	un	un	PROind	NOMB.=s|GENRE=m|CAS=n
edGLM2_w_000136	a	a3	PRE	MORPH=empty
edGLM2_w_000137	l	le	DETdef	NOMB.=s|GENRE=m|CAS=r
edGLM2_w_000138	autre	autre	PROind	NOMB.=s|GENRE=m|CAS=r
edGLM2_w_000139	Qel	quel1	DETint	NOMB.=s|GENRE=m|CAS=n
edGLM2_w_000140	chevalier	chevalier	NOMcom	NOMB.=s|GENRE=m|CAS=n
edGLM2_w_000141	a	a3	PRE	MORPH=empty
edGLM2_w_000142	ci	ci	ADVgen	DEGRE=-
edGLM2_w_000143	Devant	devant	PRE	MORPH=empty
edGLM2_w_000144	lui	il	PROper	PERS.=3|NOMB.=s|GENRE=m|CAS=i
edGLM2_w_000145	garde	garder	VERcjg	MODE=ind|TEMPS=pst|PERS.=3|NOMB.=s
edGLM2_w_000146	s	si	ADVgen	DEGRE=-
edGLM2_w_000147	a	avoir	VERcjg	MODE=ind|TEMPS=pst|PERS.=3|NOMB.=s
edGLM2_w_000148	.j	un	DETndf	NOMB.=s|GENRE=m|CAS=r
edGLM2_w_000149	espié	espiet	NOMcom	NOMB.=s|GENRE=m|CAS=r
edGLM2_w_000150	choisi	choisir	VERppe	NOMB.=s|GENRE=m|CAS=r
edGLM2_w_000151	De	de	PRE	MORPH=empty
edGLM2_w_000152	son	son4	DETpos	PERS.=3|NOMB.=s|GENRE=m|CAS=r
edGLM2_w_000153	chevau	cheval	NOMcom	NOMB.=s|GENRE=m|CAS=r
edGLM2_w_000154	s	soi1	PROper	PERS.=3|NOMB.=s|GENRE=m|CAS=r
edGLM2_w_000155	abessa	abaissier	VERcjg	MODE=ind|TEMPS=psp|PERS.=3|NOMB.=s
edGLM2_w_000156	si	si	ADVgen	DEGRE=-
edGLM2_w_000157	le	il	PROper	PERS.=3|NOMB.=s|GENRE=m|CAS=r
edGLM2_w_000158	prist	prendre	VERcjg	MODE=ind|TEMPS=psp|PERS.=3|NOMB.=s
edGLM2_w_000159	Et	et	CONcoo	MORPH=empty
edGLM2_w_000160	vet	aler	VERcjg	MODE=ind|TEMPS=pst|PERS.=3|NOMB.=s
edGLM2_w_000161	ferir	ferir	VERinf	MORPH=empty
edGLM2_w_000162	de	de	PRE	MORPH=empty
edGLM2_w_000163	Mont	Mont	NOMpro	NOMB.=s|GENRE=m|CAS=r
edGLM2_w_000164	d	de	PRE	MORPH=empty
edGLM2_w_000165	Ausois	Ausois	NOMpro	NOMB.=s|GENRE=x|CAS=r
edGLM2_w_000166	Terri	Terri	NOMpro	NOMB.=s|GENRE=m|CAS=r
edGLM2_w_000167	Icil	icel	PROdem	NOMB.=s|GENRE=m|CAS=n
edGLM2_w_000168	fu	estre1	VERcjg	MODE=ind|TEMPS=psp|PERS.=3|NOMB.=s
edGLM2_w_000169	oncles	oncle	NOMcom	NOMB.=s|GENRE=m|CAS=n
edGLM2_w_000170	au	a3+le	PRE.DETdef	NOMB.=s|GENRE=m|CAS=r
edGLM2_w_000171	Lohorenc	loherenc	NOMpro	NOMB.=s|GENRE=m|CAS=r
edGLM2_w_000172	Garin	Garin	NOMpro	NOMB.=s|GENRE=m|CAS=r
edGLM2_w_000173	l	le	DETdef	NOMB.=s|GENRE=m|CAS=r
edGLM2_w_000174	auberc	hauberc	NOMcom	NOMB.=s|GENRE=m|CAS=r
edGLM2_w_000175	li	il	PROper	PERS.=3|NOMB.=s|GENRE=m|CAS=i
edGLM2_w_000176	trenche	trenchier1	VERcjg	MODE=ind|TEMPS=pst|PERS.=3|NOMB.=s
edGLM2_w_000177	sor	sor2	PRE	MORPH=empty
edGLM2_w_000178	le	le	DETdef	NOMB.=s|GENRE=m|CAS=r
edGLM2_w_000179	peliçon	peliçon	NOMcom	NOMB.=s|GENRE=m|CAS=r
edGLM2_w_000180	gris	gris	ADJqua	NOMB.=s|GENRE=m|CAS=r|DEGRE=p
edGLM2_w_000181	Si	si	ADVgen	DEGRE=-
edGLM2_w_000182	qe	que4	CONsub	MORPH=empty
edGLM2_w_000183	la	le	DETdef	NOMB.=s|GENRE=f|CAS=r
edGLM2_w_000184	pane	pene	NOMcom	NOMB.=s|GENRE=f|CAS=r
edGLM2_w_000185	del	de+le	PRE.DETdef	NOMB.=s|GENRE=m|CAS=r
edGLM2_w_000186	cuer	cuer2	NOMcom	NOMB.=s|GENRE=m|CAS=r
edGLM2_w_000187	li	il	PROper	PERS.=3|NOMB.=s|GENRE=m|CAS=i
edGLM2_w_000188	ront	rompre	VERcjg	MODE=ind|TEMPS=pst|PERS.=3|NOMB.=s
edGLM2_w_000189	par	par	PRE	MORPH=empty
edGLM2_w_000190	mi	mi2	NOMcom	NOMB.=s|GENRE=m|CAS=r
edGLM2_w_000191	Il	il	PROper	PERS.=3|NOMB.=s|GENRE=m|CAS=n
edGLM2_w_000192	chiet	chëoir	VERcjg	MODE=ind|TEMPS=pst|PERS.=3|NOMB.=s
edGLM2_w_000193	a	a3	PRE	MORPH=empty
edGLM2_w_000194	terre	terre	NOMcom	NOMB.=s|GENRE=f|CAS=r
edGLM2_w_000195	et	et	CONcoo	MORPH=empty
edGLM2_w_000196	crie	crïer2	VERcjg	MODE=ind|TEMPS=pst|PERS.=3|NOMB.=s
edGLM2_w_000197	Diex	dieu	NOMpro	NOMB.=s|GENRE=m|CAS=n
edGLM2_w_000198	merci	merci	NOMcom	NOMB.=s|GENRE=f|CAS=r
edGLM2_w_000199	Garin	Garin	NOMpro	NOMB.=s|GENRE=m|CAS=n
edGLM2_w_000200	le	il	PROper	PERS.=3|NOMB.=s|GENRE=m|CAS=r
edGLM2_w_000201	voit	vëoir	VERcjg	MODE=ind|TEMPS=pst|PERS.=3|NOMB.=s
edGLM2_w_000202	a	a3	PRE	MORPH=empty
edGLM2_w_000203	poi	poi	ADVgen	DEGRE=-
edGLM2_w_000204	n	ne1	ADVneg	MORPH=empty
edGLM2_w_000205	enrage	enragier	VERcjg	MODE=ind|TEMPS=pst|PERS.=3|NOMB.=s
edGLM2_w_000206	vis	vif	ADJqua	NOMB.=s|GENRE=m|CAS=n|DEGRE=p
edGLM2_w_000207	Le	le	DETdef	NOMB.=s|GENRE=m|CAS=r
edGLM2_w_000208	destrier	destrier1	NOMcom	NOMB.=s|GENRE=m|CAS=r
edGLM2_w_000209	broche	brochier	VERcjg	MODE=ind|TEMPS=pst|PERS.=3|NOMB.=s
edGLM2_w_000210	des	de+le	PRE.DETdef	NOMB.=p|GENRE=m|CAS=r
edGLM2_w_000211	esperons	esperon	NOMcom	NOMB.=p|GENRE=m|CAS=r
edGLM2_w_000212	d	de	PRE	MORPH=empty
edGLM2_w_000213	or	or1	NOMcom	NOMB.=s|GENRE=m|CAS=r
edGLM2_w_000214	fin	fin2	ADJqua	NOMB.=s|GENRE=m|CAS=r|DEGRE=p
edGLM2_w_000215	Brandist	brandir1	VERcjg	MODE=ind|TEMPS=pst|PERS.=3|NOMB.=s
edGLM2_w_000216	la	le	DETdef	NOMB.=s|GENRE=f|CAS=r
edGLM2_w_000217	hante	hanste	NOMcom	NOMB.=s|GENRE=f|CAS=r
edGLM2_w_000218	de	de	PRE	MORPH=empty
edGLM2_w_000219	l	le	DETdef	NOMB.=s|GENRE=m|CAS=r
edGLM2_w_000220	espié	espiet	NOMcom	NOMB.=s|GENRE=m|CAS=r
edGLM2_w_000221	poitevin	poitevin	ADJqua	NOMB.=s|GENRE=m|CAS=r|DEGRE=p
edGLM2_w_000222	Dont	dont	PROrel	NOMB.=s|GENRE=m|CAS=i
edGLM2_w_000223	li	il	PROper	PERS.=3|NOMB.=s|GENRE=m|CAS=i
edGLM2_w_000224	remenbre	remembrer	VERcjg	MODE=ind|TEMPS=pst|PERS.=3|NOMB.=s
edGLM2_w_000225	de	de	PRE	MORPH=empty
edGLM2_w_000226	Huon	Hue	NOMpro	NOMB.=s|GENRE=m|CAS=r
edGLM2_w_000227	le	le	DETdef	NOMB.=s|GENRE=m|CAS=r
edGLM2_w_000228	meschin	meschin	ADJqua	NOMB.=s|GENRE=m|CAS=r|DEGRE=p
edGLM2_w_000229	Le	le	DETdef	NOMB.=s|GENRE=m|CAS=n
edGLM2_w_000230	riche	riche	ADJqua	NOMB.=s|GENRE=m|CAS=n|DEGRE=p
edGLM2_w_000231	conte	conte1	NOMcom	NOMB.=s|GENRE=m|CAS=n
edGLM2_w_000232	qi	qui	PROrel	NOMB.=s|GENRE=m|CAS=n
edGLM2_w_000233	tenoit	tenir1	VERcjg	MODE=ind|TEMPS=ipf|PERS.=3|NOMB.=s
edGLM2_w_000234	Cambresin	Cambroisi	NOMpro	NOMB.=s|GENRE=x|CAS=r
edGLM2_w_000235	Qe	que2	PROrel	NOMB.=s|GENRE=m|CAS=r
edGLM2_w_000236	dant	dan2	NOMcom	NOMB.=s|GENRE=m|CAS=n
edGLM2_w_000237	Bernart	Bernart	NOMpro	NOMB.=s|GENRE=m|CAS=r
edGLM2_w_000238	par	par	PRE	MORPH=empty
edGLM2_w_000239	traïson	träison	NOMcom	NOMB.=s|GENRE=f|CAS=r
edGLM2_w_000240	ocist	ocire	VERcjg	MODE=ind|TEMPS=psp|PERS.=3|NOMB.=s
edGLM2_w_000241	Sainte	saint	NOMpro	NOMB.=s|GENRE=f|CAS=n
edGLM2_w_000242	Marie	marie	NOMpro	NOMB.=s|GENRE=f|CAS=n
edGLM2_w_000243	ce	ce1	PROdem	NOMB.=s|GENRE=n|CAS=r
edGLM2_w_000244	dit	dire	VERcjg	MODE=ind|TEMPS=pst|PERS.=3|NOMB.=s
edGLM2_w_000245	li	le	DETdef	NOMB.=s|GENRE=m|CAS=n
edGLM2_w_000246	dus	duc2	NOMcom	NOMB.=s|GENRE=m|CAS=n
edGLM2_w_000247	Garins	Garin	NOMpro	NOMB.=s|GENRE=m|CAS=n
edGLM2_w_000248	Ja	ja	ADVgen	DEGRE=-
edGLM2_w_000249	voi	vëoir	VERcjg	MODE=ind|TEMPS=pst|PERS.=1|NOMB.=s
edGLM2_w_000250	je	je	PROper	PERS.=1|NOMB.=s|GENRE=m|CAS=n
edGLM2_w_000251	ci	ci	ADVgen	DEGRE=-
edGLM2_w_000252	mon	mon1	DETpos	PERS.=1|NOMB.=s|GENRE=m|CAS=r
edGLM2_w_000253	mortel	mortel	ADJqua	NOMB.=s|GENRE=m|CAS=r|DEGRE=p
edGLM2_w_000254	anemi	enemi	NOMcom	NOMB.=s|GENRE=m|CAS=r
edGLM2_w_000255	Le	le	DETdef	NOMB.=s|GENRE=m|CAS=r
edGLM2_w_000256	plus	plus	ADVgen	DEGRE=-
edGLM2_w_000257	felon	felon	ADJqua	NOMB.=s|GENRE=m|CAS=r|DEGRE=s
edGLM2_w_000258	qe	que2	PROrel	NOMB.=s|GENRE=m|CAS=r
edGLM2_w_000259	deables	dïable	NOMcom	NOMB.=s|GENRE=m|CAS=n
edGLM2_w_000260	feïst	faire	VERcjg	MODE=ind|TEMPS=psp|PERS.=3|NOMB.=s
edGLM2_w_000261	Qi	qui	PROrel	NOMB.=s|GENRE=m|CAS=n
edGLM2_w_000262	devant	devant	PRE	MORPH=empty
edGLM2_w_000263	moi	je	PROper	PERS.=1|NOMB.=s|GENRE=m|CAS=i
edGLM2_w_000264	m	je	PROper	PERS.=1|NOMB.s|GENRE=m|CAS=i
edGLM2_w_000265	a	avoir	VERcjg	MODE=ind|TEMPS=pst|PERS.=3|NOMB.=s
edGLM2_w_000266	ci	ci	ADVgen	DEGRE=-
edGLM2_w_000267	mon	mon1	DETpos	PERS.=1|NOMB.=s|GENRE=m|CAS=r
edGLM2_w_000268	oncle	oncle	NOMcom	NOMB.=s|GENRE=m|CAS=r
edGLM2_w_000269	ocis	ocire	VERppe	NOMB.=s|GENRE=m|CAS=r
edGLM2_w_000270	En	en1	PRE	MORPH=empty
edGLM2_w_000271	traïson	träison	NOMcom	NOMB.=s|GENRE=f|CAS=r
edGLM2_w_000272	vers	vers2	PRE	MORPH=empty
edGLM2_w_000273	Huon	Hue	NOMpro	NOMB.=s|GENRE=m|CAS=r
edGLM2_w_000274	entreprist	entreprendre	VERcjg	MODE=ind|TEMPS=psp|PERS.=3|NOMB.=s
edGLM2_w_000275	Se	se	CONsub	MORPH=empty
edGLM2_w_000276	einsi	ainsi	ADVgen	DEGRE=-
edGLM2_w_000277	me	je	PROper	PERS.=1|NOMB.=s|GENRE=m|CAS=i
edGLM2_w_000278	eschape	eschaper	VERcjg	MODE=ind|TEMPS=pst|PERS.=3|NOMB.=s
edGLM2_w_000279	je	je	PROper	PERS.=1|NOMB.=s|GENRE=m|CAS=n
edGLM2_w_000280	me	je	PROper	PERS.=1|NOMB.=s|GENRE=m|CAS=r
edGLM2_w_000281	prise	prisier	VERcjg	MODE=ind|TEMPS=pst|PERS.=1|NOMB.=s
edGLM2_w_000282	petit	petit	ADVgen	NOMB.=s|GENRE=m|CAS=r
edGLM2_w_000283	Ou	o3	CONcoo	MORPH=empty
edGLM2_w_000284	je	je	PROper	PERS.=1|NOMB.=s|GENRE=m|CAS=n
edGLM2_w_000285	morré	morir	VERcjg	MODE=ind|TEMPS=fut|PERS.=1|NOMB.=s
edGLM2_w_000286	ou	o3	CONcoo	MORPH=empty
edGLM2_w_000287	li	il	PROper	PERS.=3|NOMB.=s|GENRE=m|CAS=i
edGLM2_w_000288	covient	covenir	VERcjg	MODE=ind|TEMPS=pst|PERS.=3|NOMB.=s
edGLM2_w_000289	morir	morir	VERinf	MORPH=empty
edGLM2_w_000290	Or	or4	ADVgen	DEGRE=-
edGLM2_w_000291	me	je	PROper	PERS.=1|NOMB.=s|GENRE=m|CAS=r
edGLM2_w_000292	comant	comander	VERcjg	MODE=ind|TEMPS=pst|PERS.=1|NOMB.=s
edGLM2_w_000293	au	a3+le	PRE.DETdef	NOMB.=s|GENRE=m|CAS=r
edGLM2_w_000294	roi	roi2	NOMcom	NOMB.=s|GENRE=m|CAS=r
edGLM2_w_000295	de	de	PRE	MORPH=empty
edGLM2_w_000296	paradis	paradis	NOMcom	NOMB.=s|GENRE=m|CAS=r
edGLM2_w_000297	Ahi	hay!	INJ	MORPH=empty
edGLM2_w_000298	Rigaut	Rigaut	NOMpro	NOMB.=s|GENRE=m|CAS=n
edGLM2_w_000299	biax	bel1	ADJqua	NOMB.=s|GENRE=m|CAS=n|DEGRE=p
edGLM2_w_000300	niés	nevo	NOMcom	NOMB.=s|GENRE=m|CAS=n
edGLM2_w_000301	qe	que3	PROint	NOMB.=s|GENRE=n|CAS=r
edGLM2_w_000302	n	ne1	ADVneg	MORPH=empty
edGLM2_w_000303	es	estre1	VERcjg	MODE=ind|TEMPS=pst|PERS.=2|NOMB.=s
edGLM2_w_000304	or	or4	ADVgen	DEGRE=-
edGLM2_w_000305	ci	ci	ADVgen	DEGRE=-
edGLM2_w_000306	De	de	PRE	MORPH=empty
edGLM2_w_000307	son	son4	DETpos	PERS.=3|NOMB.=s|GENRE=m|CAS=r
edGLM2_w_000308	fin	fin2	ADJqua	NOMB.=s|GENRE=m|CAS=r|DEGRE=p
edGLM2_w_000309	cuer	cuer2	NOMcom	NOMB.=s|GENRE=m|CAS=r
edGLM2_w_000310	ala	aler	VERcjg	MODE=ind|TEMPS=psp|PERS.=3|NOMB.=s
edGLM2_w_000311	Bernart	Bernart	NOMpro	NOMB.=s|GENRE=m|CAS=r
edGLM2_w_000312	ferir	ferir	VERinf	MORPH=empty
edGLM2_w_000313	Toute	tot	DETind	NOMB.=s|GENRE=f|CAS=r
edGLM2_w_000314	sa	son4	DETpos	PERS.=3|NOMB.=s|GENRE=f|CAS=r
edGLM2_w_000315	force	force2	NOMcom	NOMB.=s|GENRE=f|CAS=r
edGLM2_w_000316	par	par	PRE	MORPH=empty
edGLM2_w_000317	bon	bon	ADJqua	NOMB.=s|GENRE=m|CAS=r|DEGRE=p
edGLM2_w_000318	corage	corage	NOMcom	NOMB.=s|GENRE=m|CAS=r
edGLM2_w_000319	i	i2	PROadv	MORPH=empty
edGLM2_w_000320	mist	metre2	VERcjg	MODE=ind|TEMPS=psp|PERS.=3|NOMB.=s
edGLM2_w_000321	l	le	DETdef	NOMB.=s|GENRE=m|CAS=r
edGLM2_w_000322	escu	escu	NOMcom	NOMB.=s|GENRE=m|CAS=r
edGLM2_w_000323	li	il	PROper	PERS.=3|NOMB.=s|GENRE=m|CAS=i
edGLM2_w_000324	trenche	trenchier1	VERcjg	MODE=ind|TEMPS=pst|PERS.=3|NOMB.=s
edGLM2_w_000325	le	le	DETdef	NOMB.=s|GENRE=m|CAS=r
edGLM2_w_000326	haubert	hauberc	NOMcom	NOMB.=s|GENRE=m|CAS=r
edGLM2_w_000327	li	il	PROper	PERS.=3|NOMB.=s|GENRE=m|CAS=i
edGLM2_w_000328	rompi	rompre	VERcjg	MODE=ind|TEMPS=psp|PERS.=3|NOMB.=s
edGLM2_w_000329	Parmi	parmi	PRE	MORPH=empty
edGLM2_w_000330	les	le	DETdef	NOMB.=p|GENRE=m|CAS=r
edGLM2_w_000331	flans	flanc	NOMcom	NOMB.=p|GENRE=m|CAS=r
edGLM2_w_000332	li	il	PROper	PERS.=3|NOMB.=s|GENRE=m|CAS=i
edGLM2_w_000333	a	avoir	VERcjg	MODE=ind|TEMPS=pst|PERS.=3|NOMB.=s
edGLM2_w_000334	son	son4	DETpos	PERS.=3|NOMB.=s|GENRE=m|CAS=r
edGLM2_w_000335	espié	espiet	NOMcom	NOMB.=s|GENRE=m|CAS=r
edGLM2_w_000336	mis	metre2	VERppe	NOMB.=s|GENRE=m|CAS=r
edGLM2_w_000337	Del	de+le	PRE.DETdef	NOMB.=s|GENRE=m|CAS=r
edGLM2_w_000338	bon	bon	NOMcom	NOMB.=s|GENRE=m|CAS=r
edGLM2_w_000339	chevau	cheval	NOMcom	NOMB.=s|GENRE=m|CAS=r
edGLM2_w_000340	a	a3	PRE	MORPH=empty
edGLM2_w_000341	terre	terre	NOMcom	NOMB.=s|GENRE=f|CAS=r
edGLM2_w_000342	l	il	PROper	PERS.=3|NOMB.=s|GENRE=m|CAS=r
edGLM2_w_000343	abati	abatre	VERcjg	MODE=ind|TEMPS=psp|PERS.=3|NOMB.=s
edGLM2_w_000344	Entre	entre2	PRE	MORPH=empty
edGLM2_w_000345	les	le	DETdef	NOMB.=p|GENRE=m|CAS=r
edGLM2_w_000346	piez	pié	NOMcom	NOMB.=p|GENRE=m|CAS=r
edGLM2_w_000347	de	de	PRE	MORPH=empty
edGLM2_w_000348	son	son4	DETpos	PERS.=3|NOMB.=s|GENRE=m|CAS=r
edGLM2_w_000349	chevau	cheval	NOMcom	NOMB.=s|GENRE=m|CAS=r
edGLM2_w_000350	le	il	PROper	PERS.=3|NOMB.=s|GENRE=m|CAS=r
edGLM2_w_000351	mist	metre2	VERcjg	MODE=ind|TEMPS=psp|PERS.=3|NOMB.=s
edGLM2_w_000352	Par	par	PRE	MORPH=empty
edGLM2_w_000353	deseur	desor	PRE	MORPH=empty
edGLM2_w_000354	lui	il	PROper	PERS.=3|NOMB.=s|GENRE=m|CAS=i
edGLM2_w_000355	en	en2	PROadv	MORPH=empty
edGLM2_w_000356	passerent	passer1	VERcjg	MODE=ind|TEMPS=psp|PERS.=3|NOMB.=p
edGLM2_w_000357	bien	bien1	ADVgen	DEGRE=p
edGLM2_w_000358	.M	mil1	PROcar	NOMB.=p|GENRE=m|CAS=n
edGLM2_w_000359	S	se	CONsub	MORPH=empty
edGLM2_w_000360	il	il	PROper	PERS.=3|NOMB.=s|GENRE=m|CAS=n
edGLM2_w_000361	ot	avoir	VERcjg	MODE=ind|TEMPS=psp|PERS.=3|NOMB.=s
edGLM2_w_000362	engoisse	angoisse	NOMcom	NOMB.=s|GENRE=f|CAS=r
edGLM2_w_000363	li	il	PROper	PERS.=3|NOMB.=s|GENRE=m|CAS=i
edGLM2_w_000364	covient	covenir	VERcjg	MODE=ind|TEMPS=pst|PERS.=3|NOMB.=s
edGLM2_w_000365	a	a3	PRE	MORPH=empty
edGLM2_w_000366	sofrir	sofrir	VERinf	MORPH=empty
edGLM2_w_000367	Moines	moine1	NOMcom	NOMB.=p|GENRE=m|CAS=n
edGLM2_w_000368	l	il	PROper	PERS.=3|NOMB.=s|GENRE=m|CAS=r
edGLM2_w_000369	en	en2	PROadv	MORPH=empty
edGLM2_w_000370	portent	porter	VERcjg	MODE=ind|TEMPS=pst|PERS.=3|NOMB.=p
edGLM2_w_000371	sor	sor2	PRE	MORPH=empty
edGLM2_w_000372	.j	un	DETndf	NOMB.=s|GENRE=m|CAS=r
edGLM2_w_000373	escu	escu	NOMcom	NOMB.=s|GENRE=m|CAS=r
edGLM2_w_000374	l	il	PROper	PERS.=3|NOMB.=s|GENRE=m|CAS=r
edGLM2_w_000375	ont	avoir	VERcjg	MODE=ind|TEMPS=pst|PERS.=3|NOMB.=p
edGLM2_w_000376	mis	metre2	VERppe	NOMB.=s|GENRE=m|CAS=r
edGLM2_w_000377	Jusqe	jusque	PRE	MORPH=empty
edGLM2_w_000378	a	a3	PRE	MORPH=empty
edGLM2_w_000379	Saint	saint	NOMpro	NOMB.=s|GENRE=m|CAS=r|DEGRE=p
edGLM2_w_000380	Vane	Vane	NOMpro	NOMB.=s|GENRE=x|CAS=r
edGLM2_w_000381	en	en1	PRE	MORPH=empty
edGLM2_w_000382	l	le	DETdef	NOMB.=s|GENRE=m|CAS=r
edGLM2_w_000383	encloistre	encloistre	NOMcom	NOMB.=s|GENRE=m|CAS=r
edGLM2_w_000384	l	il	PROper	PERS.=3|NOMB.=s|GENRE=m|CAS=r
edGLM2_w_000385	ont	avoir	VERcjg	MODE=ind|TEMPS=pst|PERS.=3|NOMB.=p
edGLM2_w_000386	mis	metre2	VERppe	NOMB.=s|GENRE=m|CAS=r
edGLM2_w_000387	Dont	dont	PROrel	NOMB.=s|GENRE=m|CAS=i
edGLM2_w_000388	il	il	PROper	PERS.=3|NOMB.=s|GENRE=m|CAS=n
edGLM2_w_000389	fu	estre1	VERcjg	MODE=ind|TEMPS=psp|PERS.=3|NOMB.=s
edGLM2_w_000390	moine	moine1	NOMcom	NOMB.=s|GENRE=m|CAS=n
edGLM2_w_000391	mès	mais1	CONcoo	MORPH=empty
edGLM2_w_000392	li	le	DETdef	NOMB.=s|GENRE=m|CAS=n
edGLM2_w_000393	gloz	gloton	NOMcom	NOMB.=s|GENRE=m|CAS=n
edGLM2_w_000394	s	soi1	PROper	PERS.=3|NOMB.=s|GENRE=m|CAS=r
edGLM2_w_000395	en	en2	PROadv	MORPH=empty
edGLM2_w_000396	issi	issir	VERcjg	MODE=ind|TEMPS=psp|PERS.=3|NOMB.=s
edGLM2_w_000397	Li	le	DETdef	NOMB.=p|GENRE=m|CAS=n
edGLM2_w_000398	moine	moine1	NOMcom	NOMB.=p|GENRE=m|CAS=n
edGLM2_w_000399	doutent	doter2	VERcjg	MODE=ind|TEMPS=pst|PERS.=3|NOMB.=p
edGLM2_w_000400	q	que4	CONsub	MORPH=empty
edGLM2_w_000401	il	il	PROper	PERS.=3|NOMB.=s|GENRE=m|CAS=n
edGLM2_w_000402	en	en2	PROadv	MORPH=empty
edGLM2_w_000403	doie	devoir	VERcjg	MODE=sub|TEMPS=pst|PERS.=3|NOMB.=s
edGLM2_w_000404	morir	morir	VERinf	MORPH=empty
edGLM2_w_000405	Moine	moine1	NOMcom	NOMB.=s|GENRE=m|CAS=n
edGLM2_w_000406	l	il	PROper	PERS.=3|NOMB.=s|GENRE=m|CAS=i
edGLM2_w_000407	ont	avoir	VERcjg	MODE=ind|TEMPS=pst|PERS.=3|NOMB.=p
edGLM2_w_000408	fet	faire	VERppe	NOMB.=s|GENRE=m|CAS=r
edGLM2_w_000409	les	le	DETdef	NOMB.=p|GENRE=m|CAS=r
edGLM2_w_000410	dras	drap	NOMcom	NOMB.=p|GENRE=m|CAS=r
edGLM2_w_000411	li	il	PROper	PERS.=3|NOMB.=s|GENRE=m|CAS=i
edGLM2_w_000412	font	faire	VERcjg	MODE=ind|TEMPS=pst|PERS.=3|NOMB.=p
edGLM2_w_000413	vestir	vestir	VERinf	MORPH=empty
edGLM2_w_000414	Après	après	ADVgen	DEGRE=-
edGLM2_w_000415	entendent	entendre	VERcjg	MODE=ind|TEMPS=pst|PERS.=3|NOMB.=p
edGLM2_w_000416	le	le	DETdef	NOMB.=s|GENRE=m|CAS=r
edGLM2_w_000417	vassal	vassal	NOMcom	NOMB.=s|GENRE=m|CAS=r
edGLM2_w_000418	a	a3	PRE	MORPH=empty
edGLM2_w_000419	guerir	garir	VERinf	MORPH=empty
edGLM2_w_000420	Or	or4	ADVgen	DEGRE=-
edGLM2_w_000421	redevons	redevoir1	VERcjg	MODE=ind|TEMPS=pst|PERS.=1|NOMB.=p
edGLM2_w_000422	a	a3	PRE	MORPH=empty
edGLM2_w_000423	l	le	DETdef	NOMB.=s|GENRE=m|CAS=r
edGLM2_w_000424	estor	estor2	NOMcom	NOMB.=s|GENRE=m|CAS=r
edGLM2_w_000425	revenir	revenir	VERinf	MORPH=empty
edGLM2_w_000426	Dex	dieu	NOMpro	NOMB.=s|GENRE=m|CAS=n
edGLM2_w_000427	con	come1	ADVgen	DEGRE=-
edGLM2_w_000428	le	il	PROper	PERS.=3|NOMB.=s|GENRE=m|CAS=r
edGLM2_w_000429	fet	faire	VERcjg	MODE=ind|TEMPS=pst|PERS.=3|NOMB.=s
edGLM2_w_000430	li	le	DETdef	NOMB.=s|GENRE=m|CAS=n
edGLM2_w_000431	alemant	Alemant	NOMpro	NOMB.=s|GENRE=m|CAS=n
edGLM2_w_000432	Orris	Orri	NOMpro	NOMB.=s|GENRE=m|CAS=n
edGLM2_w_000433	Des	de+le	PRE.DETdef	NOMB.=p|GENRE=m|CAS=r
edGLM2_w_000434	genz	gent1	NOMcom	NOMB.=p|GENRE=m|CAS=r
edGLM2_w_000435	Fromont	Fromund	NOMpro	NOMB.=s|GENRE=m|CAS=r
edGLM2_w_000436	nos	nos1	PROper	PERS.=1|NOMB.=p|GENRE=m|CAS=i
edGLM2_w_000437	a	avoir	VERcjg	MODE=ind|TEMPS=pst|PERS.=3|NOMB.=s
edGLM2_w_000438	a	a3	PRE	MORPH=empty
edGLM2_w_000439	terre	terre	NOMcom	NOMB.=s|GENRE=f|CAS=r
edGLM2_w_000440	mis	metre2	VERppe	NOMB.=p|GENRE=m|CAS=r
edGLM2_w_000441	Adonqes	adonc	ADVgen	DEGRE=-
edGLM2_w_000442	point	poindre	VERcjg	MODE=ind|TEMPS=pst|PERS.=3|NOMB.=s
edGLM2_w_000443	li	le	DETdef	NOMB.=s|GENRE=m|CAS=r
edGLM2_w_000444	aguèz	agait	NOMcom	NOMB.=s|GENRE=m|CAS=r
edGLM2_w_000445	Fromondins	Fromondin	NOMpro	NOMB.=s|GENRE=m|CAS=r
edGLM2_w_000446	Tant	tant	ADVgen	DEGRE=-
edGLM2_w_000447	durement	durement2	ADVgen	DEGRE=-
edGLM2_w_000448	qe	que1	CONsub	MORPH=empty
edGLM2_w_000449	rien	rien	PROind	NOMB.=s|GENRE=n|CAS=r
edGLM2_w_000450	ne	ne1	ADVneg	MORPH=empty
edGLM2_w_000451	pot	pöoir	VERcjg	MODE=ind|TEMPS=psp|PERS.=3|NOMB.=s
edGLM2_w_000452	sofrir	sofrir	VERinf	MORPH=empty
edGLM2_w_000453	Dejoste	dejoste	PRE	MORPH=empty
edGLM2_w_000454	lui	il	PROper	PERS.=3|NOMB.=s|GENRE=m|CAS=i
edGLM2_w_000455	Guillaumes	Guilaume	NOMpro	NOMB.=s|GENRE=m|CAS=r
edGLM2_w_000456	de	de	PRE	MORPH=empty
edGLM2_w_000457	Monclin	Monclin	NOMpro	NOMB.=s|GENRE=x|CAS=r
edGLM2_w_000458	La	là	ADVgen	DEGRE=-
edGLM2_w_000459	veïssiez	vëoir	VERcjg	MODE=sub|TEMPS=ipf|PERS.=2|NOMB.=p
edGLM2_w_000460	tant	tant	DETind	NOMB.=s|GENRE=m|CAS=r
edGLM2_w_000461	roit	roit1	ADJqua	NOMB.=s|GENRE=m|CAS=r|DEGRE=p
edGLM2_w_000462	espié	espiet	NOMcom	NOMB.=s|GENRE=m|CAS=r
edGLM2_w_000463	forbi	forbir	VERppe	NOMB.=s|GENRE=m|CAS=r
edGLM2_w_000464	Tant	tant	DETind	NOMB.=s|GENRE=m|CAS=r
edGLM2_w_000465	blanc	blanc	ADJqua	NOMB.=s|GENRE=m|CAS=r|DEGRE=p
edGLM2_w_000466	hauberc	hauberc	NOMcom	NOMB.=s|GENRE=m|CAS=r
edGLM2_w_000467	derompre	derompre	VERinf	MORPH=empty
edGLM2_w_000468	et	et	CONcoo	MORPH=empty
edGLM2_w_000469	departir	departir	VERinf	MORPH=empty
edGLM2_w_000470	Tante	tant	DETind	NOMB.=s|GENRE=f|CAS=r
edGLM2_w_000471	baniere	baniere	NOMcom	NOMB.=s|GENRE=f|CAS=r
edGLM2_w_000472	contre	contre	PRE	MORPH=empty
edGLM2_w_000473	terre	terre	NOMcom	NOMB.=s|GENRE=f|CAS=r
edGLM2_w_000474	flatir	flatir	VERinf	MORPH=empty
edGLM2_w_000475	Et	et	CONcoo	MORPH=empty
edGLM2_w_000476	tant	tant	DETind	NOMB.=s|GENRE=m|CAS=r
edGLM2_w_000477	vassal	vassal	NOMcom	NOMB.=s|GENRE=m|CAS=r
edGLM2_w_000478	a	a3	PRE	MORPH=empty
edGLM2_w_000479	angoisse	angoisse	NOMcom	NOMB.=s|GENRE=f|CAS=r
edGLM2_w_000480	morir	morir	VERinf	MORPH=empty
edGLM2_w_000481	Sor	sor2	PRE	MORPH=empty
edGLM2_w_000482	le	le	DETdef	NOMB.=s|GENRE=m|CAS=r
edGLM2_w_000483	conroi	conroi	NOMcom	NOMB.=s|GENRE=m|CAS=r
edGLM2_w_000484	†li†le	le	DETdef	NOMB.=s|GENRE=m|CAS=r
edGLM2_w_000485	Borgoinz	Borguignon	NOMpro	NOMB.=s|GENRE=m|CAS=r
edGLM2_w_000486	Auberi	Auberi	NOMpro	NOMB.=s|GENRE=m|CAS=r
edGLM2_w_000487	Les	il	PROper	PERS.=3|NOMB.=p|GENRE=m|CAS=r
edGLM2_w_000488	ont	avoir	VERcjg	MODE=ind|TEMPS=pst|PERS.=3|NOMB.=p
edGLM2_w_000489	arriere	ariere	ADVgen	DEGRE=-
edGLM2_w_000490	contre	contre	PRE	MORPH=empty
edGLM2_w_000491	terre	terre	NOMcom	NOMB.=s|GENRE=f|CAS=r
edGLM2_w_000492	flati	flatir	VERppe	NOMB.=p|GENRE=m|CAS=r
edGLM2_w_000493	Lohorenc	loherenc	NOMpro	NOMB.=p|GENRE=m|CAS=n
edGLM2_w_000494	poignent	poindre	VERcjg	MODE=ind|TEMPS=pst|PERS.=3|NOMB.=p
edGLM2_w_000495	qi	qui	PROrel	NOMB.=p|GENRE=m|CAS=n
edGLM2_w_000496	furent	estre1	VERcjg	MODE=ind|TEMPS=psp|PERS.=3|NOMB.=p
edGLM2_w_000497	plus	plus	ADVgen	DEGRE=-
edGLM2_w_000498	de	de	PRE	MORPH=empty
edGLM2_w_000499	.M	mil1	PROcar	NOMB.=p|GENRE=m|CAS=n
edGLM2_w_000500	Et	et	CONcoo	MORPH=empty
edGLM2_w_000501	Borguegnon	Borguignon	NOMpro	NOMB.=p|GENRE=m|CAS=n
edGLM2_w_000502	qi	qui	PROrel	NOMB.=p|GENRE=m|CAS=n
edGLM2_w_000503	sont	estre1	VERcjg	MODE=ind|TEMPS=pst|PERS.=3|NOMB.=p
edGLM2_w_000504	chevalier	chevalier	NOMcom	NOMB.=p|GENRE=m|CAS=n
edGLM2_w_000505	fin	fin2	ADJqua	NOMB.=p|GENRE=m|CAS=n|DEGRE=p
edGLM2_w_000506	Sor	sor2	PRE	MORPH=empty
edGLM2_w_000507	les	le	DETdef	NOMB.=p|GENRE=m|CAS=r
edGLM2_w_000508	conroiz	conroi	NOMcom	NOMB.=p|GENRE=m|CAS=r
edGLM2_w_000509	les	il	PROper	PERS.=3|NOMB.=p|GENRE=m|CAS=r
edGLM2_w_000510	ont	avoir	VERcjg	MODE=ind|TEMPS=pst|PERS.=3|NOMB.=p
edGLM2_w_000511	arriere	ariere	ADVgen	DEGRE=-
edGLM2_w_000512	mis	metre2	VERppe	NOMB.=p|GENRE=m|CAS=r
edGLM2_w_000513	Adonqes	adonc	ADVgen	DEGRE=-
edGLM2_w_000514	point	poindre	VERcjg	MODE=ind|TEMPS=pst|PERS.=3|NOMB.=s
edGLM2_w_000515	l	le	DETdef	NOMB.=s|GENRE=m|CAS=n
edGLM2_w_000516	evesque	evesque	NOMcom	NOMB.=s|GENRE=m|CAS=n
edGLM2_w_000517	Lancelin	Lancelin	NOMpro	NOMB.=s|GENRE=m|CAS=r
edGLM2_w_000518	Bien	bien1	ADVgen	DEGRE=p
edGLM2_w_000519	fu	estre1	VERcjg	MODE=ind|TEMPS=psp|PERS.=3|NOMB.=s
edGLM2_w_000520	armez	armer	VERppe	NOMB.=s|GENRE=m|CAS=n
edGLM2_w_000521	et	et	CONcoo	MORPH=empty
edGLM2_w_000522	sor	sor2	PRE	MORPH=empty
edGLM2_w_000523	.j	un	DETndf	NOMB.=s|GENRE=m|CAS=r
edGLM2_w_000524	chevau	cheval	NOMcom	NOMB.=s|GENRE=m|CAS=r
edGLM2_w_000525	sist	sëoir	VERcjg	MODE=ind|TEMPS=psp|PERS.=3|NOMB.=s
edGLM2_w_000526	Poinçon	Poinçon	NOMpro	NOMB.=s|GENRE=m|CAS=n
edGLM2_w_000527	de	de	PRE	MORPH=empty
edGLM2_w_000528	Mez	Mès	NOMpro	NOMB.=s|GENRE=x|CAS=r
edGLM2_w_000529	nos	nos1	PROper	PERS.=1|NOMB.=p|GENRE=m|CAS=i
edGLM2_w_000530	a	avoir	VERcjg	MODE=ind|TEMPS=pst|PERS.=3|NOMB.=s
edGLM2_w_000531	par	par	PRE	MORPH=empty
edGLM2_w_000532	terre	terre	NOMcom	NOMB.=s|GENRE=f|CAS=r
edGLM2_w_000533	mis	metre2	VERppe	NOMB.=p|GENRE=m|CAS=r
edGLM2_w_000534	De	de	PRE	MORPH=empty
edGLM2_w_000535	la	le	DETdef	NOMB.=s|GENRE=f|CAS=r
edGLM2_w_000536	mesniée	maisniee	NOMcom	NOMB.=s|GENRE=f|CAS=r
edGLM2_w_000537	Girbert	Girbert	NOMpro	NOMB.=s|GENRE=m|CAS=r
edGLM2_w_000538	le	le	DETdef	NOMB.=s|GENRE=m|CAS=r
edGLM2_w_000539	fiuz	fil2	NOMcom	NOMB.=s|GENRE=m|CAS=r
edGLM2_w_000540	Garin	Garin	NOMpro	NOMB.=s|GENRE=m|CAS=r
edGLM2_w_000541	Girbert	Girbert	NOMpro	NOMB.=s|GENRE=m|CAS=n
edGLM2_w_000542	le	il	PROper	PERS.=3|NOMB.=s|GENRE=m|CAS=r
edGLM2_w_000543	voit	vëoir	VERcjg	MODE=ind|TEMPS=pst|PERS.=3|NOMB.=s
edGLM2_w_000544	a	a3	PRE	MORPH=empty
edGLM2_w_000545	poi	poi	ADVgen	DEGRE=-
edGLM2_w_000546	n	ne1	ADVneg	MORPH=empty
edGLM2_w_000547	enrage	enragier	VERcjg	MODE=ind|TEMPS=pst|PERS.=3|NOMB.=s
edGLM2_w_000548	vis	vif	ADJqua	NOMB.=s|GENRE=m|CAS=n|DEGRE=p
edGLM2_w_000549	Par	par	PRE	MORPH=empty
edGLM2_w_000550	Dieu	dieu	NOMpro	NOMB.=s|GENRE=m|CAS=r
edGLM2_w_000551	fox	fol3	ADJqua	NOMB.=s|GENRE=m|CAS=n|DEGRE=p
edGLM2_w_000552	clers	clerc	NOMcom	NOMB.=s|GENRE=m|CAS=n
edGLM2_w_000553	ne	ne1	ADVneg	MORPH=empty
edGLM2_w_000554	la	là	ADVgen	DEGRE=-
edGLM2_w_000555	porrez	pöoir	VERcjg	MODE=ind|TEMPS=fut|PERS.=2|NOMB.=p
edGLM2_w_000556	guerir	garir	VERinf	MORPH=empty
edGLM2_w_000557	Grant	grant	ADJqua	NOMB.=s|GENRE=m|CAS=r|DEGRE=p
edGLM2_w_000558	cop	coup1	NOMcom	NOMB.=s|GENRE=m|CAS=r
edGLM2_w_000559	li	il	PROper	PERS.=3|NOMB.=s|GENRE=m|CAS=i
edGLM2_w_000560	done	doner	VERcjg	MODE=ind|TEMPS=pst|PERS.=3|NOMB.=s
edGLM2_w_000561	sor	sor2	PRE	MORPH=empty
edGLM2_w_000562	l	le	DETdef	NOMB.=s|GENRE=m|CAS=r
edGLM2_w_000563	escu	escu	NOMcom	NOMB.=s|GENRE=m|CAS=r
edGLM2_w_000564	qe	que2	PROrel	NOMB.=s|GENRE=m|CAS=r
edGLM2_w_000565	il	il	PROper	PERS.=3|NOMB.=s|GENRE=m|CAS=n
edGLM2_w_000566	tint	tenir1	VERcjg	MODE=ind|TEMPS=psp|PERS.=3|NOMB.=s
edGLM2_w_000567	Desoz	desoz	PRE	MORPH=empty
edGLM2_w_000568	la	le	DETdef	NOMB.=s|GENRE=f|CAS=r
edGLM2_w_000569	boucle	bocle	NOMcom	NOMB.=s|GENRE=f|CAS=r
edGLM2_w_000570	li	il	PROper	PERS.=3|NOMB.=s|GENRE=m|CAS=i
edGLM2_w_000571	fet	faire	VERcjg	MODE=ind|TEMPS=pst|PERS.=3|NOMB.=s
edGLM2_w_000572	fendre	fendre	VERinf	MORPH=empty
edGLM2_w_000573	et	et	CONcoo	MORPH=empty
edGLM2_w_000574	croissir	croissir	VERinf	MORPH=empty
edGLM2_w_000575	Fort	fort	ADJqua	NOMB.=s|GENRE=m|CAS=n|DEGRE=p
edGLM2_w_000576	fu	estre1	VERcjg	MODE=ind|TEMPS=psp|PERS.=3|NOMB.=s
edGLM2_w_000577	l	le	DETdef	NOMB.=s|GENRE=m|CAS=n
edGLM2_w_000578	auberc	hauberc	NOMcom	NOMB.=s|GENRE=m|CAS=n
edGLM2_w_000579	qe	que4	CONsub	MORPH=empty
edGLM2_w_000580	maille	maille	NOMcom	NOMB.=s|GENRE=f|CAS=n
edGLM2_w_000581	n	ne1	ADVneg	MORPH=empty
edGLM2_w_000582	en	en2	PROadv	MORPH=empty
edGLM2_w_000583	ronpi	rompre	VERcjg	MODE=ind|TEMPS=psp|PERS.=3|NOMB.=s
edGLM2_w_000584	Li	le	DETdef	NOMB.=p|GENRE=m|CAS=n
edGLM2_w_000585	estrier	estrieu	NOMcom	NOMB.=p|GENRE=m|CAS=n
edGLM2_w_000586	rompent	rompre	VERcjg	MODE=ind|TEMPS=pst|PERS.=3|NOMB.=p
edGLM2_w_000587	ne	ne1	ADVneg	MORPH=empty
edGLM2_w_000588	se	soi1	PROper	PERS.=3|NOMB.=p|GENRE=m|CAS=r
edGLM2_w_000589	porent	pöoir	VERcjg	MODE=ind|TEMPS=psp|PERS.=3|NOMB.=p
edGLM2_w_000590	tenir	tenir1	VERinf	MORPH=empty
edGLM2_w_000591	Si	si	ADVgen	DEGRE=-
edGLM2_w_000592	qe	que4	CONsub	MORPH=empty
edGLM2_w_000593	l	le	DETdef	NOMB.=s|GENRE=m|CAS=r
edGLM2_w_000594	escu	escu	NOMcom	NOMB.=s|GENRE=m|CAS=r
edGLM2_w_000595	li	il	PROper	PERS.=3|NOMB.=s|GENRE=m|CAS=i
edGLM2_w_000596	fet	faire	VERcjg	MODE=ind|TEMPS=pst|PERS.=3|NOMB.=s
edGLM2_w_000597	el	en1+le	PRE.DETdef	NOMB.=s|GENRE=m|CAS=r
edGLM2_w_000598	cors	cors1	NOMcom	NOMB.=s|GENRE=m|CAS=r
edGLM2_w_000599	flatir	flatir	VERinf	MORPH=empty
edGLM2_w_000600	Del	de+le	PRE.DETdef	NOMB.=s|GENRE=m|CAS=r
edGLM2_w_000601	bon	bon	ADJqua	NOMB.=s|GENRE=m|CAS=r|DEGRE=p
edGLM2_w_000602	destrier	destrier1	NOMcom	NOMB.=s|GENRE=m|CAS=r
edGLM2_w_000603	a	a3	PRE	MORPH=empty
edGLM2_w_000604	terre	terre	NOMcom	NOMB.=s|GENRE=f|CAS=r
edGLM2_w_000605	l	il	PROper	PERS.=3|NOMB.=s|GENRE=m|CAS=r
edGLM2_w_000606	abati	abatre	VERcjg	MODE=ind|TEMPS=psp|PERS.=3|NOMB.=s
edGLM2_w_000607	Gerin	Gerin	NOMpro	NOMB.=s|GENRE=m|CAS=n
edGLM2_w_000608	li	le	DETdef	NOMB.=s|GENRE=m|CAS=n
edGLM2_w_000609	preuz	pro	ADJqua	NOMB.=s|GENRE=m|CAS=n|DEGRE=p
edGLM2_w_000610	nos	nos1	PROper	PERS.=1|NOMB.=p|GENRE=m|CAS=i
edGLM2_w_000611	abat	abatre	VERcjg	MODE=ind|TEMPS=pst|PERS.=3|NOMB.=s
edGLM2_w_000612	Fromondin	Fromondin	NOMpro	NOMB.=s|GENRE=m|CAS=r
edGLM2_w_000613	Et	et	CONcoo	MORPH=empty
edGLM2_w_000614	Hernaudin	Hernaudin	NOMpro	NOMB.=s|GENRE=m|CAS=n
edGLM2_w_000615	vet	aler	VERcjg	MODE=ind|TEMPS=pst|PERS.=3|NOMB.=s
edGLM2_w_000616	ferir	ferir	VERinf	MORPH=empty
edGLM2_w_000617	Baudoïn	Baudoïn	NOMpro	NOMB.=s|GENRE=m|CAS=r
edGLM2_w_000618	Nez	naistre	VERppe	NOMB.=s|GENRE=m|CAS=n
edGLM2_w_000619	fu	estre1	VERcjg	MODE=ind|TEMPS=psp|PERS.=3|NOMB.=s
edGLM2_w_000620	d	de	PRE	MORPH=empty
edGLM2_w_000621	Amiens	Amiens	NOMpro	NOMB.=s|GENRE=x|CAS=r
edGLM2_w_000622	si	si	ADVgen	DEGRE=-
edGLM2_w_000623	com	come1	CONsub	MORPH=empty
edGLM2_w_000624	la	le	DETdef	NOMB.=s|GENRE=f|CAS=n
edGLM2_w_000625	chançon	chançon	NOMcom	NOMB.=s|GENRE=f|CAS=n
edGLM2_w_000626	dit	dire	VERcjg	MODE=ind|TEMPS=pst|PERS.=3|NOMB.=s
edGLM2_w_000627	Mort	morir	VERppe	NOMB.=s|GENRE=m|CAS=r
edGLM2_w_000628	le	il	PROper	PERS.=3|NOMB.=s|GENRE=m|CAS=r
edGLM2_w_000629	trebuche	trebuchier	VERcjg	MODE=ind|TEMPS=pst|PERS.=3|NOMB.=s
edGLM2_w_000630	del	de+le	PRE.DETdef	NOMB.=s|GENRE=m|CAS=r
edGLM2_w_000631	cheval	cheval	NOMcom	NOMB.=s|GENRE=m|CAS=r
edGLM2_w_000632	o	où	PROrel	NOMB.=s|GENRE=m|CAS=i
edGLM2_w_000633	il	il	PROper	PERS.=3|NOMB.=s|GENRE=m|CAS=n
edGLM2_w_000634	sist	sëoir	VERcjg	MODE=ind|TEMPS=psp|PERS.=3|NOMB.=s
edGLM2_w_000635	A	a3	PRE	MORPH=empty
edGLM2_w_000636	la	le	DETdef	NOMB.=s|GENRE=f|CAS=r
edGLM2_w_000637	rescousse	rescosse	NOMcom	NOMB.=s|GENRE=f|CAS=r
edGLM2_w_000638	l	le	DETdef	NOMB.=s|GENRE=m|CAS=r
edGLM2_w_000639	evesqe	evesque	NOMcom	NOMB.=s|GENRE=m|CAS=r
edGLM2_w_000640	Lancelin	Lancelin	NOMpro	NOMB.=s|GENRE=m|CAS=r
edGLM2_w_000641	Et	et	CONcoo	MORPH=empty
edGLM2_w_000642	a	a3	PRE	MORPH=empty
edGLM2_w_000643	son	son4	DETpos	PERS.=3|NOMB.=s|GENRE=m|CAS=r
edGLM2_w_000644	fuiz	fil2	NOMcom	NOMB.=s|GENRE=m|CAS=r
edGLM2_w_000645	l	le	DETdef	NOMB.=s|GENRE=m|CAS=r
edGLM2_w_000646	orgueiliox	orgoillos	ADJqua	NOMB.=s|GENRE=m|CAS=r|DEGRE=p
edGLM2_w_000647	Fromondin	Fromondin	NOMpro	NOMB.=s|GENRE=m|CAS=r
edGLM2_w_000648	†Il†I	il	PROper	PERS.=3|NOMB.=s|GENRE=m|CAS=n
edGLM2_w_000649	est	estre1	VERcjg	MODE=ind|TEMPS=pst|PERS.=3|NOMB.=s
edGLM2_w_000650	venuz	venir	VERppe	NOMB.=s|GENRE=m|CAS=n
edGLM2_w_000651	Fromonz	Fromund	NOMpro	NOMB.=s|GENRE=m|CAS=n
edGLM2_w_000652	le	le	DETdef	NOMB.=s|GENRE=m|CAS=n
edGLM2_w_000653	viel	vieil	ADJqua	NOMB.=s|GENRE=m|CAS=n|DEGRE=p
edGLM2_w_000654	antis	antif	NOMcom	NOMB.=s|GENRE=m|CAS=n
edGLM2_w_000655	La	là	ADVgen	DEGRE=-
edGLM2_w_000656	veïssiez	vëoir	VERcjg	MODE=sub|TEMPS=ipf|PERS.=2|NOMB.=p
edGLM2_w_000657	cez	cel	DETdem	NOMB.=p|GENRE=m|CAS=r
edGLM2_w_000658	chevaliers	chevalier	NOMcom	NOMB.=p|GENRE=m|CAS=r
edGLM2_w_000659	venir	venir	VERinf	MORPH=empty
edGLM2_w_000660	Et	et	CONcoo	MORPH=empty
edGLM2_w_000661	Fromonz	Fromund	NOMpro	NOMB.=s|GENRE=m|CAS=r
edGLM2_w_000662	point	poindre	VERcjg	MODE=ind|TEMPS=pst|PERS.=2|NOMB.=s
edGLM2_w_000663	qi	qui	PROrel	NOMB.=s|GENRE=m|CAS=n
edGLM2_w_000664	malement	malement	ADVgen	DEGRE=-
edGLM2_w_000665	le	il	PROper	PERS.=3|NOMB.=s|GENRE=m|CAS=r
edGLM2_w_000666	fist	faire	VERcjg	MODE=ind|TEMPS=psp|PERS.=3|NOMB.=s
edGLM2_w_000667	Girart	Girard	NOMpro	NOMB.=s|GENRE=m|CAS=n
edGLM2_w_000668	del	de+le	PRE.DETdef	NOMB.=s|GENRE=m|CAS=r
edGLM2_w_000669	Liege	Liege	NOMpro	NOMB.=s|GENRE=m|CAS=r
edGLM2_w_000670	nos	nos1	PROper	PERS.=1|NOMB.=p|GENRE=m|CAS=i
edGLM2_w_000671	a	avoir	VERcjg	MODE=ind|TEMPS=pst|PERS.=3|NOMB.=s
edGLM2_w_000672	le	le	DETdef	NOMB.=s|GENRE=m|CAS=r
edGLM2_w_000673	jor	jor	NOMcom	NOMB.=s|GENRE=m|CAS=r
edGLM2_w_000674	ocis	ocire	VERppe	NOMB.=s|GENRE=m|CAS=r
edGLM2_w_000675	Li	le	DETdef	NOMB.=s|GENRE=m|CAS=n
edGLM2_w_000676	quens	conte1	NOMcom	NOMB.=s|GENRE=m|CAS=n
edGLM2_w_000677	Guillaumes	Guilaume	NOMpro	NOMB.=s|GENRE=m|CAS=n
edGLM2_w_000678	l	le	DETdef	NOMB.=s|GENRE=m|CAS=n
edGLM2_w_000679	orgueillox	orgoillos	ADJqua	NOMB.=s|GENRE=m|CAS=n|DEGRE=p
edGLM2_w_000680	de	de	PRE	MORPH=empty
edGLM2_w_000681	Monclin	Monclin	NOMpro	NOMB.=s|GENRE=x|CAS=r
edGLM2_w_000682	Rala	raler	VERcjg	MODE=ind|TEMPS=psp|PERS.=3|NOMB.=s
edGLM2_w_000683	joster	joster	VERinf	MORPH=empty
edGLM2_w_000684	a	a3	PRE	MORPH=empty
edGLM2_w_000685	l	le	DETdef	NOMB.=s|GENRE=m|CAS=r
edGLM2_w_000686	alemant	Alemant	NOMpro	NOMB.=s|GENRE=m|CAS=r
edGLM2_w_000687	Orri	Orri	NOMpro	NOMB.=s|GENRE=m|CAS=r
edGLM2_w_000688	N	ne1	ADVneg	MORPH=empty
edGLM2_w_000689	ot	avoir	VERcjg	MODE=ind|TEMPS=psp|PERS.=3|NOMB.=s
edGLM2_w_000690	point	point	ADVneg	MORPH=empty
edGLM2_w_000691	d	de	PRE	MORPH=empty
edGLM2_w_000692	escu	escu	NOMcom	NOMB.=s|GENRE=m|CAS=r
edGLM2_w_000693	a	a3	PRE	MORPH=empty
edGLM2_w_000694	descovert	descovrir	VERppe	NOMB.=s|GENRE=m|CAS=r
edGLM2_w_000695	l	il	PROper	PERS.=3|NOMB.=s|GENRE=m|CAS=r
edGLM2_w_000696	a	avoir	VERcjg	MODE=ind|TEMPS=pst|PERS.=3|NOMB.=s
edGLM2_w_000697	pris	prendre	VERppe	NOMB.=s|GENRE=m|CAS=r
edGLM2_w_000698	Chaut	chaut	ADJqua	NOMB.=s|GENRE=m|CAS=n|DEGRE=p
edGLM2_w_000699	fu	estre1	VERcjg	MODE=ind|TEMPS=psp|PERS.=3|NOMB.=s
edGLM2_w_000700	le	le	DETdef	NOMB.=s|GENRE=m|CAS=n
edGLM2_w_000701	fer	fer	NOMcom	NOMB.=s|GENRE=m|CAS=n
edGLM2_w_000702	ne	ne1	ADVneg	MORPH=empty
edGLM2_w_000703	pot	pöoir	VERcjg	MODE=ind|TEMPS=psp|PERS.=3|NOMB.=s
edGLM2_w_000704	l	le	DETdef	NOMB.=s|GENRE=m|CAS=r
edGLM2_w_000705	acier	acier	NOMcom	NOMB.=s|GENRE=m|CAS=r
edGLM2_w_000706	soufrir	sofrir	VERinf	MORPH=empty
edGLM2_w_000707	Tout	tot	ADVgen	DEGRE=-
edGLM2_w_000708	li	il	PROrel	PERS.=3|NOMB.=s|GENRE=m|CAS=r
edGLM2_w_000709	detrenche	detrenchier	VERcjg	MODE=ind|TEMPS=pst|PERS.=3|NOMB.=s
edGLM2_w_000710	et	et	CONcoo	MORPH=empty
edGLM2_w_000711	l	le	DETdef	NOMB.=s|GENRE=f|CAS=r
edGLM2_w_000712	eschine	eschine	NOMcom	NOMB.=s|GENRE=f|CAS=r
edGLM2_w_000713	et	et	CONcoo	MORPH=empty
edGLM2_w_000714	le	le	DETdef	NOMB.=s|GENRE=m|CAS=r
edGLM2_w_000715	piz	piz	NOMcom	NOMB.=s|GENRE=m|CAS=r
edGLM2_w_000716	Dex	dieu	NOMpro	NOMB.=s|GENRE=m|CAS=n
edGLM2_w_000717	qel	quel1	DETint	NOMB.=s|GENRE=f|CAS=r
edGLM2_w_000718	douleur	dolor	NOMcom	NOMB.=s|GENRE=f|CAS=r
edGLM2_w_000719	de	de	PRE	MORPH=empty
edGLM2_w_000720	chevalier	chevalier	NOMcom	NOMB.=s|GENRE=m|CAS=r
edGLM2_w_000721	de	de	PRE	MORPH=empty
edGLM2_w_000722	pris	pris1	NOMcom	NOMB.=s|GENRE=m|CAS=r
edGLM2_w_000723	Et	et	CONcoo	MORPH=empty
edGLM2_w_000724	qel	quel1	DETint	NOMB.=s|GENRE=m|CAS=r
edGLM2_w_000725	damage	damage	NOMcom	NOMB.=s|GENRE=m|CAS=r
edGLM2_w_000726	au	a3+le	PRE.DETdef	NOMB.=s|GENRE=m|CAS=r
edGLM2_w_000727	Lohorenc	loherenc	NOMpro	NOMB.=s|GENRE=m|CAS=r
edGLM2_w_000728	Garin	Garin	NOMpro	NOMB.=s|GENRE=m|CAS=r
edGLM2_w_000729	Ci	ci	ADVgen	DEGRE=-
edGLM2_w_000730	a	avoir	VERcjg	MODE=ind|TEMPS=pst|PERS.=3|NOMB.=s
edGLM2_w_000731	perdu	perdre	VERppe	NOMB.=s|GENRE=m|CAS=r
edGLM2_w_000732	.ij	deus	PROcar	NOMB.=p|GENRE=m|CAS=r
edGLM2_w_000733	de	de	PRE	MORPH=empty
edGLM2_w_000734	ses	son4	DETpos	PERS.=3|NOMB.=p|GENRE=m|CAS=r
edGLM2_w_000735	bons	bon	ADJqua	NOMB.=p|GENRE=m|CAS=r|DEGRE=p
edGLM2_w_000736	amis	ami	NOMcom	NOMB.=p|GENRE=m|CAS=r
edGLM2_w_000737	Qi	qui	PROrel	NOMB.=p|GENRE=m|CAS=n
edGLM2_w_000738	li	il	PROper	PERS.=3|NOMB.=s|GENRE=m|CAS=r
edGLM2_w_000739	aiderent	aidier	VERcjg	MODE=ind|TEMPS=psp|PERS.=3|NOMB.=p
edGLM2_w_000740	sa	son4	DETpos	PERS.=3|NOMB.=s|GENRE=f|CAS=r
edGLM2_w_000741	guerre	guerre	NOMcom	NOMB.=s|GENRE=f|CAS=r
edGLM2_w_000742	a	a3	PRE	MORPH=empty
edGLM2_w_000743	meintenir	maintenir	VERinf	MORPH=empty
edGLM2_w_000744	Qant	cant1	CONsub	MORPH=empty
edGLM2_w_000745	la	le	DETdef	NOMB.=s|GENRE=f|CAS=n
edGLM2_w_000746	novele	novele	NOMcom	NOMB.=s|GENRE=f|CAS=n
edGLM2_w_000747	est	estre1	VERcjg	MODE=ind|TEMPS=pst|PERS.=3|NOMB.=s
edGLM2_w_000748	venue	venir	VERppe	NOMB.=s|GENRE=f|CAS=n
edGLM2_w_000749	a	a3	PRE	MORPH=empty
edGLM2_w_000750	Garin	Garin	NOMpro	NOMB.=s|GENRE=m|CAS=r
edGLM2_w_000751	Engoisse	angoisse	NOMcom	NOMB.=s|GENRE=f|CAS=r
edGLM2_w_000752	ot	avoir	VERcjg	MODE=ind|TEMPS=psp|PERS.=3|NOMB.=s
edGLM2_w_000753	grant	grant	ADJqua	NOMB.=s|GENRE=f|CAS=r|DEGRE=p
edGLM2_w_000754	il	il	PROper	PERS.=3|NOMB.=s|GENRE=m|CAS=n
edGLM2_w_000755	ne	ne1	ADVneg	MORPH=empty
edGLM2_w_000756	se	soi1	PROper	PERS.=3|NOMB.=s|GENRE=m|CAS=r
edGLM2_w_000757	pot	pöoir	VERcjg	MODE=ind|TEMPS=pst|PERS.=3|NOMB.=s
edGLM2_w_000758	tenir	tenir1	VERinf	MORPH=empty
edGLM2_w_000759	.iij	trois	DETcar	NOMB.=p|GENRE=f|CAS=r
edGLM2_w_000760	foiz	foiz	NOMcom	NOMB.=p|GENRE=f|CAS=r
edGLM2_w_000761	se	soi1	PROper	PERS.=3|NOMB.=s|GENRE=m|CAS=r
edGLM2_w_000762	pasme	pasmer	VERcjg	MODE=ind|TEMPS=pst|PERS.=3|NOMB.=s
edGLM2_w_000763	sor	sor2	PRE	MORPH=empty
edGLM2_w_000764	le	le	DETdef	NOMB.=s|GENRE=m|CAS=r
edGLM2_w_000765	destrier	destrier1	NOMcom	NOMB.=s|GENRE=m|CAS=r
edGLM2_w_000766	de	de	PRE	MORPH=empty
edGLM2_w_000767	pris	pris1	NOMcom	NOMB.=s|GENRE=m|CAS=r
edGLM2_w_000768	Qant	cant1	CONsub	MORPH=empty
edGLM2_w_000769	l	il	PROper	PERS.=3|NOMB.=s|GENRE=m|CAS=r
edGLM2_w_000770	en	en2	PROadv	MORPH=empty
edGLM2_w_000771	redresce	redrecier	VERcjg	MODE=ind|TEMPS=pst|PERS.=3|NOMB.=s
edGLM2_w_000772	Hernauz	Hernaut	NOMpro	NOMB.=s|GENRE=m|CAS=n
edGLM2_w_000773	qi	qui	PROrel	NOMB.=s|GENRE=m|CAS=n
edGLM2_w_000774	Moçon	Moçon	NOMpro	NOMB.=s|GENRE=x|CAS=r
edGLM2_w_000775	tint	tenir1	VERcjg	MODE=ind|TEMPS=psp|PERS.=3|NOMB.=s
edGLM2_w_000776	Il	il	PROper	PERS.=3|NOMB.=s|GENRE=m|CAS=n
edGLM2_w_000777	li	il	PROper	PERS.=3|NOMB.=s|GENRE=m|CAS=i
edGLM2_w_000778	escrie	escrïer	VERcjg	MODE=ind|TEMPS=pst|PERS.=3|NOMB.=s
edGLM2_w_000779	Franc	franc1	ADJqua	NOMB.=s|GENRE=m|CAS=n|DEGRE=p
edGLM2_w_000780	duc	duc2	NOMcom	NOMB.=s|GENRE=m|CAS=n
edGLM2_w_000781	qe	que3	PROint	NOMB.=s|GENRE=n|CAS=r
edGLM2_w_000782	fes	faire	VERcjg	MODE=ind|TEMPS=pst|PERS.=2|NOMB.=s
edGLM2_w_000783	tu	tu	PROper	PERS.=2|NOMB.=s|GENRE=m|CAS=n
edGLM2_w_000784	ci	ci	ADVgen	DEGRE=-
edGLM2_w_000785	A	a3	PRE	MORPH=empty
edGLM2_w_000786	l	le	DETdef	NOMB.=s|GENRE=m|CAS=r
edGLM2_w_000787	estor	estor2	NOMcom	NOMB.=s|GENRE=m|CAS=r
edGLM2_w_000788	est	estre1	VERcjg	MODE=ind|TEMPS=pst|PERS.=3|NOMB.=s
edGLM2_w_000789	l	le	DETdef	NOMB.=s|GENRE=m|CAS=n
edGLM2_w_000790	enfant	enfant	NOMcom	NOMB.=s|GENRE=m|CAS=n
edGLM2_w_000791	Girbert	Girbert	NOMpro	NOMB.=s|GENRE=m|CAS=r
edGLM2_w_000792	ton	ton4	DETpos	PERS.=2|NOMB.=s|GENRE=m|CAS=n
edGLM2_w_000793	fiz	fil2	NOMcom	NOMB.=s|GENRE=m|CAS=n
edGLM2_w_000794	Et	et	CONcoo	MORPH=empty
edGLM2_w_000795	ti	ton4	DETpos	PERS.=2|NOMB.=p|GENRE=m|CAS=n
edGLM2_w_000796	neveu	nevo	NOMcom	NOMB.=p|GENRE=m|CAS=n
edGLM2_w_000797	Hernaudet	Hernaudet	NOMpro	NOMB.=s|GENRE=m|CAS=r
edGLM2_w_000798	et	et	CONcoo	MORPH=empty
edGLM2_w_000799	Gerin	Gerin	NOMpro	NOMB.=s|GENRE=m|CAS=n
edGLM2_w_000800	Mout	mout	ADVgen	DEGRE=-
edGLM2_w_000801	se	soi1	PROper	PERS.=3|NOMB.=s|GENRE=m|CAS=r
edGLM2_w_000802	desroie	desrëer	VERcjg	MODE=ind|TEMPS=pst|PERS.=3|NOMB.=s
edGLM2_w_000803	Guillaumes	Guilaume	NOMpro	NOMB.=s|GENRE=m|CAS=n
edGLM2_w_000804	de	de	PRE	MORPH=empty
edGLM2_w_000805	Monclin	Monclin	NOMpro	NOMB.=s|GENRE=x|CAS=r
edGLM2_w_000806	Il	il	PROper	PERS.=3|NOMB.=s|GENRE=m|CAS=n
edGLM2_w_000807	a	avoir	VERcjg	MODE=ind|TEMPS=pst|PERS.=3|NOMB.=s
edGLM2_w_000808	monté	monter	VERppe	NOMB.=s|GENRE=m|CAS=r
edGLM2_w_000809	l	le	DETdef	NOMB.=s|GENRE=m|CAS=r
edGLM2_w_000810	evesqe	evesque	NOMcom	NOMB.=s|GENRE=m|CAS=r
edGLM2_w_000811	Lancelin	Lancelin	NOMpro	NOMB.=s|GENRE=m|CAS=n
edGLM2_w_000812	Et	et	CONcoo	MORPH=empty
edGLM2_w_000813	son	son4	DETpos	PERS.=3|NOMB.=s|GENRE=m|CAS=r
edGLM2_w_000814	neveu	nevo	NOMcom	NOMB.=s|GENRE=m|CAS=r
edGLM2_w_000815	l	le	DETdef	NOMB.=s|GENRE=m|CAS=r
edGLM2_w_000816	orgueillox	orgoillos	ADJqua	NOMB.=s|GENRE=m|CAS=r|DEGRE=p
edGLM2_w_000817	Fromondin	Fromondin	NOMpro	NOMB.=s|GENRE=m|CAS=r
edGLM2_w_000818	Auberi	Auberi	NOMpro	NOMB.=s|GENRE=m|CAS=r
edGLM2_w_000819	broche	brochier	VERcjg	MODE=ind|TEMPS=pst|PERS.=3|NOMB.=s
edGLM2_w_000820	vet	aler	VERcjg	MODE=ind|TEMPS=pst|PERS.=3|NOMB.=s
edGLM2_w_000821	ferir	ferir	VERinf	MORPH=empty
edGLM2_w_000822	Rocelin	macedor	NOMpro	NOMB.=s|GENRE=m|CAS=r
edGLM2_w_000823	Parmi	parmi	PRE	MORPH=empty
edGLM2_w_000824	le	le	DETdef	NOMB.=s|GENRE=m|CAS=r
edGLM2_w_000825	cors	cors1	NOMcom	NOMB.=s|GENRE=m|CAS=r
edGLM2_w_000826	li	il	PROper	PERS.=3|NOMB.=s|GENRE=m|CAS=i
edGLM2_w_000827	met	metre2	VERcjg	MODE=ind|TEMPS=pst|PERS.=3|NOMB.=s
edGLM2_w_000828	l	le	DETdef	NOMB.=s|GENRE=m|CAS=r
edGLM2_w_000829	espié	espiet	NOMcom	NOMB.=s|GENRE=m|CAS=r
edGLM2_w_000830	bruni	brunir	VERppe	NOMB.=s|GENRE=m|CAS=r
edGLM2_w_000831	De	de	PRE	MORPH=empty
edGLM2_w_000832	la	le	DETdef	NOMB.=s|GENRE=f|CAS=r
edGLM2_w_000833	seror	seror	NOMcom	NOMB.=s|GENRE=f|CAS=r
edGLM2_w_000834	Fromont	Fromund	NOMpro	NOMB.=s|GENRE=m|CAS=r
edGLM2_w_000835	estoit	estre1	VERcjg	MODE=ind|TEMPS=ipf|PERS.=3|NOMB.=s
edGLM2_w_000836	icil	icel	PROdem	NOMB.=s|GENRE=m|CAS=n
edGLM2_w_000837	Mort	morir	VERppe	NOMB.=s|GENRE=m|CAS=r
edGLM2_w_000838	le	il	PROper	PERS.=3|NOMB.=s|GENRE=m|CAS=r
edGLM2_w_000839	trebuche	trebuchier	VERcjg	MODE=ind|TEMPS=pst|PERS.=3|NOMB.=s
edGLM2_w_000840	del	de+le	PRE.DETdef	NOMB.=s|GENRE=m|CAS=r
edGLM2_w_000841	bon	bon	ADJqua	NOMB.=s|GENRE=m|CAS=r|DEGRE=p
edGLM2_w_000842	destrier	destrier1	NOMcom	NOMB.=s|GENRE=m|CAS=r
edGLM2_w_000843	de	de	PRE	MORPH=empty
edGLM2_w_000844	pris	pris1	NOMcom	NOMB.=s|GENRE=m|CAS=r
edGLM2_w_000845	Thomas	Thomas	NOMpro	NOMB.=s|GENRE=m|CAS=n
edGLM2_w_000846	de	de	PRE	MORPH=empty
edGLM2_w_000847	Fere	Fere	NOMpro	NOMB.=s|GENRE=x|CAS=r
edGLM2_w_000848	lor	lors	ADVgen	DEGRE=-
edGLM2_w_000849	a	avoir	VERcjg	MODE=ind|TEMPS=pst|PERS.=3|NOMB.=s
edGLM2_w_000850	ocis	ocire	VERppe	NOMB.=s|GENRE=m|CAS=r
edGLM2_w_000851	Garin	Garin	NOMpro	NOMB.=s|GENRE=m|CAS=r
edGLM2_w_000852	Granz	grant	ADJqua	NOMB.=s|GENRE=f|CAS=n|DEGRE=p
edGLM2_w_000853	fu	estre1	VERcjg	MODE=ind|TEMPS=psp|PERS.=3|NOMB.=s
edGLM2_w_000854	la	le	DETdef	NOMB.=s|GENRE=f|CAS=n
edGLM2_w_000855	noise	noise	NOMcom	NOMB.=s|GENRE=f|CAS=n
edGLM2_w_000856	et	et	CONcoo	MORPH=empty
edGLM2_w_000857	li	le	DETdef	NOMB.=s|GENRE=m|CAS=n
edGLM2_w_000858	criz	cri	NOMcom	NOMB.=s|GENRE=m|CAS=n
edGLM2_w_000859	est	estre1	VERcjg	MODE=ind|TEMPS=pst|PERS.=3|NOMB.=s
edGLM2_w_000860	levé	lever	VERppe	NOMB.=s|GENRE=m|CAS=n
edGLM2_w_000861	Tomas	Thomas	NOMpro	NOMB.=s|GENRE=m|CAS=n
edGLM2_w_000862	de	de	PRE	MORPH=empty
edGLM2_w_000863	Fere	Fere	NOMpro	NOMB.=s|GENRE=x|CAS=r
edGLM2_w_000864	a	avoir	VERcjg	MODE=ind|TEMPS=pst|PERS.=3|NOMB.=s
edGLM2_w_000865	Garin	Garin	NOMpro	NOMB.=s|GENRE=m|CAS=r
edGLM2_w_000866	mort	morir	VERppe	NOMB.=s|GENRE=m|CAS=r
edGLM2_w_000867	gité	jeter	VERppe	NOMB.=s|GENRE=m|CAS=r
edGLM2_w_000868	Girart	Girard	NOMpro	NOMB.=s|GENRE=m|CAS=n
edGLM2_w_000869	li	le	DETdef	NOMB.=s|GENRE=m|CAS=n
edGLM2_w_000870	preuz	pro	ADJqua	NOMB.=s|GENRE=m|CAS=n|DEGRE=p
edGLM2_w_000871	au	a3+le	PRE.DETdef	NOMB.=s|GENRE=m|CAS=r
edGLM2_w_000872	corage	corage	NOMcom	NOMB.=s|GENRE=m|CAS=r
edGLM2_w_000873	aduré	aduré	ADJqua	NOMB.=s|GENRE=m|CAS=r|DEGRE=p
edGLM2_w_000874	A	avoir	VERcjg	MODE=ind|TEMPS=pst|PERS.=3|NOMB.=s
edGLM2_w_000875	Clarenbaut	Clarenbaut	NOMpro	NOMB.=s|GENRE=m|CAS=r
edGLM2_w_000876	de	de	PRE	MORPH=empty
edGLM2_w_000877	Vanduel	Vanduel	NOMpro	NOMB.=s|GENRE=x|CAS=r
edGLM2_w_000878	encontré	encontrer	VERppe	NOMB.=s|GENRE=m|CAS=r
edGLM2_w_000879	Grant	grant	ADJqua	NOMB.=s|GENRE=m|CAS=r|DEGRE=p
edGLM2_w_000880	coup	coup1	NOMcom	NOMB.=s|GENRE=m|CAS=r
edGLM2_w_000881	li	il	PROper	PERS.=3|NOMB.=s|GENRE=m|CAS=i
edGLM2_w_000882	done	doner	VERcjg	MODE=ind|TEMPS=pst|PERS.=3|NOMB.=s
edGLM2_w_000883	del	de+le	PRE.DETdef	NOMB.=s|GENRE=m|CAS=r
edGLM2_w_000884	brant	brant1	NOMcom	NOMB.=s|GENRE=m|CAS=r
edGLM2_w_000885	d	de	PRE	MORPH=empty
edGLM2_w_000886	acier	acier	NOMcom	NOMB.=s|GENRE=m|CAS=r
edGLM2_w_000887	letré	letré	ADJqua	NOMB.=s|GENRE=m|CAS=r|DEGRE=p
edGLM2_w_000888	Qe	que4	CONsub	MORPH=empty
edGLM2_w_000889	le	le	DETdef	NOMB.=s|GENRE=m|CAS=r
edGLM2_w_000890	braz	braz	NOMcom	NOMB.=s|GENRE=m|CAS=r
edGLM2_w_000891	destre	destre	ADJqua	NOMB.=s|GENRE=m|CAS=r|DEGRE=p
edGLM2_w_000892	li	il	PROper	PERS.=3|NOMB.=s|GENRE=m|CAS=i
edGLM2_w_000893	a	avoir	VERcjg	MODE=ind|TEMPS=pst|PERS.=3|NOMB.=s
edGLM2_w_000894	par	par	PRE	MORPH=empty
edGLM2_w_000895	mi	mi2	NOMcom	NOMB.=s|GENRE=m|CAS=r
edGLM2_w_000896	coupé	coper	VERppe	NOMB.=s|GENRE=m|CAS=r
edGLM2_w_000897	Fuiant	fuir	VERppa	NOMB.=s|GENRE=m|CAS=n
edGLM2_w_000898	s	soi1	PROper	PERS.=3|NOMB.=s|GENRE=m|CAS=r
edGLM2_w_000899	en	en2	PROadv	MORPH=empty
edGLM2_w_000900	torne	torner	VERcjg	MODE=ind|TEMPS=pst|PERS.=3|NOMB.=s
edGLM2_w_000901	qant	cant1	CONsub	MORPH=empty
edGLM2_w_000902	il	il	PROper	PERS.=3|NOMB.=s|GENRE=m|CAS=n
edGLM2_w_000903	fu	estre1	VERcjg	MODE=ind|TEMPS=psp|PERS.=3|NOMB.=s
edGLM2_w_000904	eschapé	eschaper	VERppe	NOMB.=s|GENRE=m|CAS=n
edGLM2_w_000905	Parmi	parmi	PRE	MORPH=empty
edGLM2_w_000906	les	le	DETdef	NOMB.=p|GENRE=f|CAS=r
edGLM2_w_000907	portes	porte1	NOMcom	NOMB.=p|GENRE=f|CAS=r
edGLM2_w_000908	entrerent	entrer	VERcjg	MODE=ind|TEMPS=psp|PERS.=3|NOMB.=p
edGLM2_w_000909	li	le	DETdef	NOMB.=p|GENRE=m|CAS=n
edGLM2_w_000910	navré	navrer	VERppe	NOMB.=p|GENRE=m|CAS=n
edGLM2_w_000911	Dont	dont	PROrel	NOMB.=p|GENRE=m|CAS=i
edGLM2_w_000912	meint	maint	DETind	NOMB.=s|GENRE=m|CAS=n
edGLM2_w_000913	boël	böel	NOMcom	NOMB.=s|GENRE=m|CAS=r
edGLM2_w_000914	ot	avoir	VERcjg	MODE=ind|TEMPS=pst|PERS.=3|NOMB.=s
edGLM2_w_000915	hors	hors	ADVgen	DEGRE=-
edGLM2_w_000916	de	de	PRE	MORPH=empty
edGLM2_w_000917	cors	cors1	NOMcom	NOMB.=s|GENRE=m|CAS=r
edGLM2_w_000918	gité	jeter	VERppe	NOMB.=s|GENRE=m|CAS=r
edGLM2_w_000919	Bien	bien1	ADVgen	DEGRE=p
edGLM2_w_000920	i	i2	PROadv	MORPH=empty
edGLM2_w_000921	parut	paroir	VERcjg	MODE=ind|TEMPS=psp|PERS.=3|NOMB.=s
edGLM2_w_000922	qe	que4	CONsub	MORPH=empty
edGLM2_w_000923	Garin	Garin	NOMpro	NOMB.=s|GENRE=m|CAS=n
edGLM2_w_000924	fu	estre1	VERcjg	MODE=ind|TEMPS=psp|PERS.=3|NOMB.=s
edGLM2_w_000925	iré	irier	VERppe	NOMB.=s|GENRE=m|CAS=n
edGLM2_w_000926	Si	son4	DETpos	PERS.=3|NOMB.=p|GENRE=m|CAS=n
edGLM2_w_000927	anemi	enemi	NOMcom	NOMB.=p|GENRE=m|CAS=n
edGLM2_w_000928	nel	ne1+il	ADVneg.PROper	PERS.=3|NOMB.=s|GENRE=m|CAS=r
edGLM2_w_000929	truevent	trover	VERcjg	MODE=ind|TEMPS=pst|PERS.=3|NOMB.=p
edGLM2_w_000930	pas	pas	ADVneg	MORPH=empty
edGLM2_w_000931	privé	privé1	ADJqua	NOMB.=s|GENRE=m|CAS=r|DEGRE=p
edGLM2_w_000932	Meint	maint	PROind	NOMB.=p|GENRE=m|CAS=r
edGLM2_w_000933	en	en2	PROadv	MORPH=empty
edGLM2_w_000934	ocist	ocire	VERcjg	MODE=ind|TEMPS=psp|PERS.=3|NOMB.=s
edGLM2_w_000935	et	et	CONcoo	MORPH=empty
edGLM2_w_000936	meint	maint	PROind	NOMB.=p|GENRE=m|CAS=r
edGLM2_w_000937	en	en2	PROadv	MORPH=empty
edGLM2_w_000938	a	avoir	VERcjg	MODE=ind|TEMPS=pst|PERS.=3|NOMB.=s
edGLM2_w_000939	navré	navrer	VERppe	NOMB.=s|GENRE=m|CAS=r
edGLM2_w_000940	l	le	DETdef	NOMB.=s|GENRE=m|CAS=n
edGLM2_w_000941	enfant	enfant	NOMcom	NOMB.=s|GENRE=m|CAS=n
edGLM2_w_000942	Girbert	Girbert	NOMpro	NOMB.=s|GENRE=m|CAS=n
edGLM2_w_000943	ne	ne1	ADVneg	MORPH=empty
edGLM2_w_000944	fu	estre1	VERcjg	MODE=ind|TEMPS=psp|PERS.=3|NOMB.=s
edGLM2_w_000945	mie	mie	ADVneg	MORPH=empty
edGLM2_w_000946	emprunté	emprunter	VERppe	NOMB.=s|GENRE=m|CAS=n
edGLM2_w_000947	Il	il	PROper	PERS.=3|NOMB.=s|GENRE=m|CAS=n
edGLM2_w_000948	ne	ne2	CONcoo	MORPH=empty
edGLM2_w_000949	Gerin	Gerin	NOMpro	NOMB.=s|GENRE=m|CAS=n
edGLM2_w_000950	ne	ne2	CONcoo	MORPH=empty
edGLM2_w_000951	Hernaut	Hernaut	NOMpro	NOMB.=s|GENRE=m|CAS=n
edGLM2_w_000952	le	le	DETdef	NOMB.=s|GENRE=m|CAS=n
edGLM2_w_000953	sené	sené2	ADJqua	NOMB.=s|GENRE=m|CAS=n|DEGRE=p
edGLM2_w_000954	Meint	maint	DETind	NOMB.=s|GENRE=m|CAS=r
edGLM2_w_000955	blanc	blanc	ADJqua	NOMB.=s|GENRE=m|CAS=r|DEGRE=p
edGLM2_w_000956	hauberc	hauberc	NOMcom	NOMB.=s|GENRE=m|CAS=r
edGLM2_w_000957	i	i2	PROadv	MORPH=empty
edGLM2_w_000958	ot	avoir	VERcjg	MODE=ind|TEMPS=pst|PERS.=3|NOMB.=s
edGLM2_w_000959	le	le	DETdef	NOMB.=s|GENRE=m|CAS=r
edGLM2_w_000960	jor	jor	NOMcom	NOMB.=s|GENRE=m|CAS=r
edGLM2_w_000961	fausé	fausser	VERppe	NOMB.=s|GENRE=m|CAS=r
edGLM2_w_000962	Et	et	CONcoo	MORPH=empty
edGLM2_w_000963	meint	maint	DETind	NOMB.=s|GENRE=m|CAS=r
edGLM2_w_000964	vert	vert	ADJqua	NOMB.=s|GENRE=m|CAS=r|DEGRE=p
edGLM2_w_000965	hiaume	heaume	NOMcom	NOMB.=s|GENRE=m|CAS=r
edGLM2_w_000966	fret	fraindre	VERppe	NOMB.=s|GENRE=m|CAS=r
edGLM2_w_000967	et	et	CONcoo	MORPH=empty
edGLM2_w_000968	esqartelé	escarteler	VERppe	NOMB.=s|GENRE=m|CAS=r
edGLM2_w_000969	Li	le	DETdef	NOMB.=s|GENRE=m|CAS=n
edGLM2_w_000970	un	un	PROind	NOMB.=s|GENRE=m|CAS=n
edGLM2_w_000971	fiert	ferir	VERcjg	MODE=ind|TEMPS=pst|PERS.=3|NOMB.=s
edGLM2_w_000972	l	le	DETdef	NOMB.=s|GENRE=m|CAS=r
edGLM2_w_000973	autre	autre	PROind	NOMB.=s|GENRE=m|CAS=r
edGLM2_w_000974	par	par	PRE	MORPH=empty
edGLM2_w_000975	bone	bon	ADJqua	NOMB.=s|GENRE=f|CAS=r|DEGRE=p
edGLM2_w_000976	volenté	volenté	NOMcom	NOMB.=s|GENRE=f|CAS=r
edGLM2_w_000977	De	de	PRE	MORPH=empty
edGLM2_w_000978	meint	maint	DETind	NOMB.=s|GENRE=m|CAS=r
edGLM2_w_000979	prodome	prodome	NOMcom	NOMB.=s|GENRE=m|CAS=r
edGLM2_w_000980	fu	estre1	VERcjg	MODE=ind|TEMPS=psp|PERS.=3|NOMB.=s
edGLM2_w_000981	le	le	DETdef	NOMB.=s|GENRE=m|CAS=n
edGLM2_w_000982	jor	jor	NOMcom	NOMB.=s|GENRE=m|CAS=n
edGLM2_w_000983	esgardé	esgarder	VERppe	NOMB.=s|GENRE=m|CAS=n
edGLM2_w_000984	Cil	cel	PROdem	NOMB.=s|GENRE=m|CAS=n
edGLM2_w_000985	qes	qui+il	PROrel.PROper	PERS.=3|NOMB.=p|GENRE=m|CAS=r
edGLM2_w_000986	conoist	conoistre	VERcjg	MODE=ind|TEMPS=pst|PERS.=3|NOMB.=s
edGLM2_w_000987	les	il	PROper	PERS.=3|NOMB.=p|GENRE=m|CAS=r
edGLM2_w_000988	a	avoir	VERcjg	MODE=ind|TEMPS=pst|PERS.=3|NOMB.=s
edGLM2_w_000989	l	le	DETdef	NOMB.=s|GENRE=m|CAS=r
edGLM2_w_000990	autre	autre	PROind	NOMB.=s|GENRE=m|CAS=r
edGLM2_w_000991	mostré	mostrer	VERppe	NOMB.=s|GENRE=m|CAS=r
edGLM2_w_000992	Cilz	cel	PROdem	NOMB.=p|GENRE=m|CAS=n
edGLM2_w_000993	furent	estre1	VERcjg	MODE=ind|TEMPS=psp|PERS.=3|NOMB.=p
edGLM2_w_000994	fuiz	fuir	VERppe	NOMB.=p|GENRE=m|CAS=n
edGLM2_w_000995	au	a3+le	PRE.DETdef	NOMB.=s|GENRE=m|CAS=r
edGLM2_w_000996	prodome	prodome	NOMcom	NOMB.=s|GENRE=m|CAS=r
edGLM2_w_000997	honoré	onorer	VERppe	NOMB.=s|GENRE=m|CAS=r
edGLM2_w_000998	Au	a3+le	PRE.DETdef	NOMB.=s|GENRE=m|CAS=r
edGLM2_w_000999	quens	conte1	NOMcom	NOMB.=s|GENRE=m|CAS=r
edGLM2_w_001000	Begon	Begues	NOMpro	NOMB.=s|GENRE=m|CAS=r
edGLM2_w_001001	q	qui	PROrel	NOMB.=s|GENRE=m|CAS=n
edGLM2_w_001002	el	en1+le	PRE.DETdef	NOMB.=s|GENRE=m|CAS=r
edGLM2_w_001003	bois	bois	NOMcom	NOMB.=s|GENRE=m|CAS=r
edGLM2_w_001004	fu	estre1	VERcjg	MODE=ind|TEMPS=psp|PERS.=3|NOMB.=s
edGLM2_w_001005	mort	morir	VERppe	NOMB.=s|GENRE=m|CAS=n
edGLM2_w_001006	gité	jeter	VERppe	NOMB.=s|GENRE=m|CAS=n
edGLM2_w_001007	Dont	dont	PROrel	NOMB.=s|GENRE=m|CAS=i
edGLM2_w_001008	tex	tel	DETind	NOMB.=s|GENRE=m|CAS=n
edGLM2_w_001009	damages	damage	NOMcom	NOMB.=s|GENRE=m|CAS=n
edGLM2_w_001010	et	et	CONcoo	MORPH=empty
edGLM2_w_001011	tex	tel	DETind	NOMB.=s|GENRE=m|CAS=n
edGLM2_w_001012	criz	cri	NOMcom	NOMB.=s|GENRE=m|CAS=n
edGLM2_w_001013	est	estre1	VERcjg	MODE=ind|TEMPS=pst|PERS.=3|NOMB.=s
edGLM2_w_001014	levez	lever	VERppe	NOMB.=s|GENRE=m|CAS=n
edGLM2_w_001015	Jamès	ja+mais1	ADVgen	DEGRE=-
edGLM2_w_001016	nul	nul	DETind	NOMB.=s|GENRE=m|CAS=n
edGLM2_w_001017	jor	jor	NOMcom	NOMB.=s|GENRE=m|CAS=n
edGLM2_w_001018	ne	ne1	ADVneg	MORPH=empty
edGLM2_w_001019	sera	estre1	VERcjg	MODE=ind|TEMPS=fut|PERS.=3|NOMB.=s
edGLM2_w_001020	recouvrez	recovrer	VERppe	NOMB.=s|GENRE=m|CAS=n
edGLM2_w_001021	Granz	grant	ADJqua	NOMB.=s|GENRE=m|CAS=n|DEGRE=p
edGLM2_w_001022	fu	estre1	VERcjg	MODE=ind|TEMPS=psp|PERS.=3|NOMB.=s
edGLM2_w_001023	li	le	DETdef	NOMB.=s|GENRE=m|CAS=n
edGLM2_w_001024	chaples	chaple	NOMcom	NOMB.=s|GENRE=m|CAS=n
edGLM2_w_001025	et	et	CONcoo	MORPH=empty
edGLM2_w_001026	la	le	DETdef	NOMB.=s|GENRE=f|CAS=n
edGLM2_w_001027	mortalitez	mortalité	NOMcom	NOMB.=s|GENRE=f|CAS=n
edGLM2_w_001028	Li	le	DETdef	NOMB.=p|GENRE=m|CAS=n
edGLM2_w_001029	Alemant	Alemant	NOMpro	NOMB.=p|GENRE=m|CAS=n
edGLM2_w_001030	sont	estre1	VERcjg	MODE=ind|TEMPS=pst|PERS.=3|NOMB.=p
edGLM2_w_001031	dolent	dolent	ADJqua	NOMB.=p|GENRE=m|CAS=n|DEGRE=p
edGLM2_w_001032	et	et	CONcoo	MORPH=empty
edGLM2_w_001033	iré	irier	VERppe	NOMB.=p|GENRE=m|CAS=n
edGLM2_w_001034	De	de	PRE	MORPH=empty
edGLM2_w_001035	lor	lor2	DETpos	PERS.=3|NOMB.=s|GENRE=m|CAS=r
edGLM2_w_001036	seignor	seignor	NOMcom	NOMB.=s|GENRE=m|CAS=r
edGLM2_w_001037	qe	que2	PROrel	NOMB.=s|GENRE=m|CAS=r
edGLM2_w_001038	il	il	PROper	PERS.=3|NOMB.=p|GENRE=m|CAS=n
edGLM2_w_001039	ont	avoir	VERcjg	MODE=ind|TEMPS=pst|PERS.=3|NOMB.=p
edGLM2_w_001040	mort	morir	VERppe	NOMB.=s|GENRE=m|CAS=r
edGLM2_w_001041	trové	trover	VERppe	NOMB.=s|GENRE=m|CAS=r
edGLM2_w_001042	Mort	morir	VERppe	NOMB.=s|GENRE=m|CAS=r
edGLM2_w_001043	et	et	CONcoo	MORPH=empty
edGLM2_w_001044	senglant	sanglent	ADJqua	NOMB.=s|GENRE=m|CAS=r|DEGRE=p
edGLM2_w_001045	gisant	jesir	VERppa	NOMB.=s|GENRE=m|CAS=r
edGLM2_w_001046	en	en1	PRE	MORPH=empty
edGLM2_w_001047	mi	mi2	NOMcom	NOMB.=s|GENRE=m|CAS=r
edGLM2_w_001048	le	le	DETdef	NOMB.=s|GENRE=m|CAS=r
edGLM2_w_001049	prè	pré	NOMcom	NOMB.=s|GENRE=m|CAS=r
edGLM2_w_001050	Girart	Girard	NOMpro	NOMB.=s|GENRE=m|CAS=n
edGLM2_w_001051	del	de+le	PRE.DETdef	NOMB.=s|GENRE=m|CAS=r
edGLM2_w_001052	Liege	Liege	NOMpro	NOMB.=s|GENRE=m|CAS=r
edGLM2_w_001053	a	avoir	VERcjg	MODE=ind|TEMPS=pst|PERS.=3|NOMB.=s
edGLM2_w_001054	le	le	DETdef	NOMB.=s|GENRE=m|CAS=r
edGLM2_w_001055	Borgoinz	Borguignon	NOMpro	NOMB.=s|GENRE=m|CAS=r
edGLM2_w_001056	trové	trover	VERppe	NOMB.=s|GENRE=m|CAS=r
edGLM2_w_001057	Sor	sor2	PRE	MORPH=empty
edGLM2_w_001058	son	son4	DETpos	PERS.=3|NOMB.=s|GENRE=m|CAS=r
edGLM2_w_001059	cousin	cosin	NOMcom	NOMB.=s|GENRE=m|CAS=r
edGLM2_w_001060	est	estre1	VERcjg	MODE=ind|TEMPS=pst|PERS.=3|NOMB.=s
edGLM2_w_001061	Auberi	Auberi	NOMpro	NOMB.=s|GENRE=m|CAS=n
edGLM2_w_001062	pasmé	pasmer	VERppe	NOMB.=s|GENRE=m|CAS=n
edGLM2_w_001063	Las	las	ADJqua	NOMB.=s|GENRE=m|CAS=n|DEGRE=p
edGLM2_w_001064	dist	dire	VERcjg	MODE=ind|TEMPS=pst|PERS.=3|NOMB.=s
edGLM2_w_001065	li	le	DETdef	NOMB.=s|GENRE=m|CAS=n
edGLM2_w_001066	dus	duc2	NOMcom	NOMB.=s|GENRE=m|CAS=n
edGLM2_w_001067	come	come1	CONsub	MORPH=empty
edGLM2_w_001068	avons	avoir	VERcjg	MODE=ind|TEMPS=pst|PERS.=1|NOMB.=p
edGLM2_w_001069	mal	mal1	ADVgen	DEGRE=-
edGLM2_w_001070	erré	errer2	VERppe	NOMB.=s|GENRE=m|CAS=r
edGLM2_w_001071	Ce	ce1	PROdem	NOMB.=s|GENRE=n|CAS=n
edGLM2_w_001072	comença	comencier	VERcjg	MODE=ind|TEMPS=psp|PERS.=3|NOMB.=s
edGLM2_w_001073	par	par	PRE	MORPH=empty
edGLM2_w_001074	grant	grant	ADJqua	NOMB.=s|GENRE=f|CAS=r|DEGRE=p
edGLM2_w_001075	maleürté	malëurté	NOMcom	NOMB.=s|GENRE=f|CAS=r
edGLM2_w_001076	Dont	dont	PROrel	NOMB.=s|GENRE=f|CAS=i
edGLM2_w_001077	meint	maint	DETind	NOMB.=p|GENRE=m|CAS=n
edGLM2_w_001078	prodome	prodome	NOMcom	NOMB.=p|GENRE=m|CAS=n
edGLM2_w_001079	sont	estre1	VERcjg	MODE=ind|TEMPS=pst|PERS.=3|NOMB.=p
edGLM2_w_001080	mort	morir	VERppe	NOMB.=p|GENRE=m|CAS=n
edGLM2_w_001081	et	et	CONcoo	MORPH=empty
edGLM2_w_001082	afolé	afoler1	VERppe	NOMB.=s|GENRE=m|CAS=r
edGLM2_w_001083	Et	et	CONcoo	MORPH=empty
edGLM2_w_001084	meint	maint	DETind	NOMB.=p|GENRE=m|CAS=n
edGLM2_w_001085	chastel	chastel	NOMcom	NOMB.=p|GENRE=m|CAS=n
edGLM2_w_001086	abatu	abatre	VERppe	NOMB.=p|GENRE=m|CAS=n
edGLM2_w_001087	et	et	CONcoo	MORPH=empty
edGLM2_w_001088	robé	rober	VERppe	NOMB.=p|GENRE=m|CAS=n
edGLM2_w_001089	Dus	duc2	NOMcom	NOMB.=s|GENRE=m|CAS=n
edGLM2_w_001090	Auberis	Auberi	NOMpro	NOMB.=s|GENRE=m|CAS=n
edGLM2_w_001091	regrete	regreter	VERcjg	MODE=ind|TEMPS=pst|PERS.=3|NOMB.=s
edGLM2_w_001092	son	son4	DETpos	PERS.=3|NOMB.=s|GENRE=m|CAS=r
edGLM2_w_001093	cousin	cosin	NOMcom	NOMB.=s|GENRE=m|CAS=r
edGLM2_w_001094	Tant	tant	ADVgen	DEGRE=-
edGLM2_w_001095	mar	mar	ADVgen	DEGRE=-
edGLM2_w_001096	i	i2	PROadv	MORPH=empty
edGLM2_w_001097	futes	estre1	VERcjg	MODE=ind|TEMPS=psp|PERS.=2|NOMB.=p
edGLM2_w_001098	franc	franc1	ADJqua	NOMB.=s|GENRE=m|CAS=n|DEGRE=p
edGLM2_w_001099	chevalier	chevalier	NOMcom	NOMB.=s|GENRE=m|CAS=n
edGLM2_w_001100	gentil	gentil	ADJqua	NOMB.=s|GENRE=m|CAS=n|DEGRE=p
edGLM2_w_001101	Qi	qui	PROrel	NOMB.=s|GENRE=m|CAS=n
edGLM2_w_001102	vos	vos	PROper	PERS.=2|NOMB.=p|GENRE=m|CAS=r
edGLM2_w_001103	a	avoir	VERcjg	MODE=ind|TEMPS=pst|PERS.=3|NOMB.=s
edGLM2_w_001104	mort	morir	VERppe	NOMB.=s|GENRE=m|CAS=r
edGLM2_w_001105	il	il	PROper	PERS.=3|NOMB.=s|GENRE=m|CAS=n
edGLM2_w_001106	n	ne1	ADVneg	MORPH=empty
edGLM2_w_001107	est	estre1	VERcjg	MODE=ind|TEMPS=pst|PERS.=3|NOMB.=s
edGLM2_w_001108	pas	pas	ADVneg	MORPH=empty
edGLM2_w_001109	mes	mon1	DETpos	PERS.=1|NOMB.=s|GENRE=m|CAS=n
edGLM2_w_001110	amis	ami	NOMcom	NOMB.=s|GENRE=m|CAS=n
edGLM2_w_001111	Senglant	sanglent	ADJqua	NOMB.=s|GENRE=m|CAS=n|DEGRE=p
edGLM2_w_001112	li	il	PROper	PERS.=3|NOMB.=s|GENRE=m|CAS=i
edGLM2_w_001113	bese	baisier	VERcjg	MODE=ind|TEMPS=pst|PERS.=3|NOMB.=s
edGLM2_w_001114	et	et	CONcoo	MORPH=empty
edGLM2_w_001115	la	le	DETdef	NOMB.=s|GENRE=f|CAS=r
edGLM2_w_001116	bouche	boche	NOMcom	NOMB.=s|GENRE=f|CAS=r
edGLM2_w_001117	et	et	CONcoo	MORPH=empty
edGLM2_w_001118	le	le	DETdef	NOMB.=s|GENRE=m|CAS=r
edGLM2_w_001119	vis	vis1	NOMcom	NOMB.=s|GENRE=m|CAS=r
edGLM2_w_001120	Uns	un	DETndf	NOMB.=s|GENRE=m|CAS=r
edGLM2_w_001121	†escuiers	escuier2	NOMcom	NOMB.=s|GENRE=m|CAS=r
edGLM2_w_001122	apele	apeler	VERcjg	MODE=ind|TEMPS=pst|PERS.=3|NOMB.=s
edGLM2_w_001123	si	si	ADVgen	DEGRE=-
edGLM2_w_001124	li	il	PROper	PERS.=3|NOMB.=s|GENRE=m|CAS=i
edGLM2_w_001125	dist	dire	VERcjg	MODE=ind|TEMPS=pst|PERS.=3|NOMB.=s
edGLM2_w_001126	Prenz	prendre	VERcjg	MODE=imp|PERS.=2|NOMB.=s
edGLM2_w_001127	tost	tost1	DETind	NOMB.=p|GENRE=m|CAS=r
edGLM2_w_001128	cez	ce2	DETdem	NOMB.=p|GENRE=m|CAS=r
edGLM2_w_001129	morz	morir	VERppe	NOMB.=p|GENRE=m|CAS=r
edGLM2_w_001130	que	que2	PROrel	NOMB.=p|GENRE=m|CAS=r
edGLM2_w_001131	tu	tu	PROper	PERS.=2|NOMB.=s|GENRE=m|CAS=n
edGLM2_w_001132	voiz	vëoir	VERcjg	MODE=ind|TEMPS=pst|PERS.=2|NOMB.=s
edGLM2_w_001133	ci	ci	ADVgen	DEGRE=-
edGLM2_w_001134	gesir	jesir	VERinf	MORPH=empty
edGLM2_w_001135	A	a3	PRE	MORPH=empty
edGLM2_w_001136	une	un	DETndf	NOMB.=s|GENRE=f|CAS=r
edGLM2_w_001137	part	part1	NOMcom	NOMB.=s|GENRE=f|CAS=r
edGLM2_w_001138	les	il	PROper	PERS.=3|NOMB.=p|GENRE=m|CAS=r
edGLM2_w_001139	porte	porter	VERcjg	MODE=imp|PERS.=2|NOMB.=s
edGLM2_w_001140	biax	bel1	ADJqua	NOMB.=s|GENRE=m|CAS=n|DEGRE=p
edGLM2_w_001141	amis	ami	NOMcom	NOMB.=s|GENRE=m|CAS=n
edGLM2_w_001142	Et	et	CONcoo	MORPH=empty
edGLM2_w_001143	vet	aler	VERcjg	MODE=imp|PERS.=2|NOMB.=s
edGLM2_w_001144	a	a3	PRE	MORPH=empty
edGLM2_w_001145	l	le	DETdef	NOMB.=s|GENRE=m|CAS=r
edGLM2_w_001146	autre	autre	PROind	NOMB.=s|GENRE=m|CAS=r
edGLM2_w_001147	qi	qui	PROrel	NOMB.=s|GENRE=m|CAS=n
edGLM2_w_001148	a	avoir	VERcjg	MODE=ind|TEMPS=pst|PERS.=3|NOMB.=s
edGLM2_w_001149	a	a3	PRE	MORPH=empty
edGLM2_w_001150	non	nom	NOMcom	NOMB.=s|GENRE=m|CAS=r
edGLM2_w_001151	Orris	Orri	NOMpro	NOMB.=s|GENRE=m|CAS=r
edGLM2_w_001152	Tout	tot	ADVgen	DEGRE=-
edGLM2_w_001153	coste	coste2	NOMcom	NOMB.=s|GENRE=f|CAS=r
edGLM2_w_001154	a	a3	PRE	MORPH=empty
edGLM2_w_001155	coste	coste2	NOMcom	NOMB.=s|GENRE=f|CAS=r
edGLM2_w_001156	les	il	PROper	PERS.=3|NOMB.=p|GENRE=m|CAS=r
edGLM2_w_001157	me	je	PROper	PERS.=1|NOMB.=s|GENRE=m|CAS=i
edGLM2_w_001158	metez	metre2	VERcjg	MODE=imp|PERS.=2|NOMB.=p
edGLM2_w_001159	gesir	jesir	VERinf	MORPH=empty
edGLM2_w_001160	Tant	tant	ADVgen	DEGRE=-
edGLM2_w_001161	qe	que4	CONsub	MORPH=empty
edGLM2_w_001162	l	le	DETdef	NOMB.=s|GENRE=m|CAS=n
edGLM2_w_001163	estor	estor2	NOMcom	NOMB.=s|GENRE=m|CAS=n
edGLM2_w_001164	soit	estre1	VERcjg	MODE=sub|TEMPS=pst|PERS.=3|NOMB.=s
edGLM2_w_001165	senpres	sempre	ADVgen	DEGRE=-
edGLM2_w_001166	departiz	departir	VERppe	NOMB.=s|GENRE=m|CAS=n
edGLM2_w_001167	Il	il	PROper	PERS.=3|NOMB.=s|GENRE=m|CAS=n
edGLM2_w_001168	est	estre1	VERcjg	MODE=ind|TEMPS=pst|PERS.=3|NOMB.=s
edGLM2_w_001169	montez	monter	VERppe	NOMB.=s|GENRE=m|CAS=n
edGLM2_w_001170	sor	sor2	PRE	MORPH=empty
edGLM2_w_001171	.j	un	DETndf	NOMB.=s|GENRE=m|CAS=r
edGLM2_w_001172	chevau	cheval	NOMcom	NOMB.=s|GENRE=m|CAS=r
edGLM2_w_001173	de	de	PRE	MORPH=empty
edGLM2_w_001174	pris	pris1	NOMcom	NOMB.=s|GENRE=m|CAS=r
