Meyer_1_w_000001	G	je	PROper	PERS.=1|NOMB.=s|GENRE=m|CAS=n
Meyer_1_w_000002	irai	aler	VERcjg	MODE=ind|TEMPS=fut|PERS.=1|NOMB.=s
Meyer_1_w_000003	sor	sor2	PRE	MORPH=empty
Meyer_1_w_000004	eus	il	PROper	PERS.=3|NOMB.=p|GENRE=m|CAS=i
Meyer_1_w_000005	por	por2	PRE	MORPH=empty
Meyer_1_w_000006	lor	lor2	DETpos	PERS.=3|NOMB.=p|GENRE=f|CAS=r
Meyer_1_w_000007	terres	terre	NOMcom	NOMB.=p|GENRE=f|CAS=r
Meyer_1_w_000008	saisir	saisir	VERinf	MORPH=empty
Meyer_1_w_000009	[Ne]	ne1	ADVneg	MORPH=empty
Meyer_1_w_000010	les	il	PROper	PERS.=3|NOMB.=p|GENRE=f|CAS=r
Meyer_1_w_000011	garra	garir	VERcjg	MODE=ind|TEMPS=fut|PERS.=3|NOMB.=s
Meyer_1_w_000012	trestot	trestot	DETind	NOMB.=s|GENRE=m|CAS=n
Meyer_1_w_000013	ors	or1	NOMcom	NOMB.=s|GENRE=m|CAS=n
Meyer_1_w_000014	que	que2	PROrel	NOMB.=s|GENRE=m|CAS=r
Meyer_1_w_000015	Dex	dieu	NOMpro	NOMB.=s|GENRE=m|CAS=n
Meyer_1_w_000016	fist	faire	VERcjg	MODE=ind|TEMPS=psp|PERS.=3|NOMB.=s
Meyer_1_w_000017	Que	que4	CONsub	MORPH=empty
Meyer_1_w_000018	je	je	PROper	PERS.=1|NOMB.=s|GENRE=m|CAS=n
Meyer_1_w_000019	nes	ne1+il	ADVneg.PROper	PERS.=3|NOMB.=p|GENRE=m|CAS=r
Meyer_1_w_000020	face	faire	VERcjg	MODE=sub|TEMPS=pst|PERS.=1|NOMB.=s
Meyer_1_w_000021	de	de	PRE	MORPH=empty
Meyer_1_w_000022	male	mal1	ADJqua	NOMB.=s|GENRE=f|CAS=r|DEGRE=p
Meyer_1_w_000023	mort	mort	NOMcom	NOMB.=s|GENRE=f|CAS=r
Meyer_1_w_000024	morir	morir	VERinf	MORPH=empty
Meyer_1_w_000025	Dist	dire	VERcjg	MODE=ind|TEMPS=pst|PERS.=3|NOMB.=s
Meyer_1_w_000026	Girars	Girard	NOMpro	NOMB.=s|GENRE=m|CAS=n
Meyer_1_w_000027	Sire	seignor	NOMcom	NOMB.=s|GENRE=m|CAS=n
Meyer_1_w_000028	il	il	PROimp	PERS.=0|NOMB.=s|GENRE=n|CAS=n
Meyer_1_w_000029	lor	il	PROper	PERS.=3|NOMB.=p|GENRE=m|CAS=i
Meyer_1_w_000030	sera	estre1	VERcjg	MODE=ind|TEMPS=fut|PERS.=3|NOMB.=s
Meyer_1_w_000031	ben	bien1	ADVgen	DEGRE=p
Meyer_1_w_000032	dit	dire	VERppe	NOMB.=s|GENRE=m|CAS=n
Meyer_1_w_000033	Nel	ne1+il	ADVneg.PROper	PERS.=3|NOMB.=p|GENRE=m|CAS=r
Meyer_1_w_000034	laisseroie	laissier	VERcjg	MODE=ind|TEMPS=fut|PERS.=1|NOMB.=s
Meyer_1_w_000035	por	por2	PRE	MORPH=empty
Meyer_1_w_000036	tot	tot	DETind	NOMB.=s|GENRE=m|CAS=r
Meyer_1_w_000037	l	le	DETdef	NOMB.=s|GENRE=m|CAS=r
Meyer_1_w_000038	or	or1	NOMcom	NOMB.=s|GENRE=m|CAS=r
Meyer_1_w_000039	que	que2	PROrel	NOMB.=s|GENRE=m|CAS=r
Meyer_1_w_000040	Dex	dieu	NOMpro	NOMB.=s|GENRE=m|CAS=n
Meyer_1_w_000041	fist	faire	VERcjg	MODE=ind|TEMPS=psp|PERS.=3|NOMB.=s
Meyer_1_w_000042	Par	par	PRE	MORPH=empty
Meyer_1_w_000043	la	le	DETdef	NOMB.=s|GENRE=f|CAS=r
Meyer_1_w_000044	main	main2	NOMcom	NOMB.=s|GENRE=f|CAS=r
Meyer_1_w_000045	dextre	destre	ADJqua	NOMB.=s|GENRE=f|CAS=r|DEGRE=p
Meyer_1_w_000046	le	le	DETdef	NOMB.=s|GENRE=m|CAS=n
Meyer_1_w_000047	dit	dire	VERppe	NOMB.=s|GENRE=m|CAS=n
Meyer_1_w_000048	Girart	Girard	NOMpro	NOMB.=s|GENRE=m|CAS=n
Meyer_1_w_000049	la	il	PROper	PERS.=3|NOMB.=s|GENRE=f|CAS=r
Meyer_1_w_000050	tint	tenir1	VERcjg	MODE=ind|TEMPS=psp|PERS.=3|NOMB.=s
Meyer_1_w_000051	Ainsi	ainsi	ADVgen	DEGRE=-
Meyer_1_w_000052	†dois†doit	devoir	VERcjg	MODE=ind|TEMPS=pst|PERS.=3|NOMB.=s
Meyer_1_w_000053	rois	roi2	NOMcom	NOMB.=s|GENRE=m|CAS=n
Meyer_1_w_000054	son	son4	DETpos	PERS.=3|NOMB.=s|GENRE=m|CAS=r
Meyer_1_w_000055	royaume	roiaume	NOMcom	NOMB.=s|GENRE=m|CAS=r
Meyer_1_w_000056	tenir	tenir1	VERinf	MORPH=empty
Meyer_1_w_000057	Ne	ne2	CONcoo	MORPH=empty
Meyer_1_w_000058	doutïe[n]s	doter2	VERcjg	MODE=sub|TEMPS=pst|PERS.=3|NOMB.=s
Meyer_1_w_000059	nul	nul	DETind	NOMB.=s|GENRE=m|CAS=n
Meyer_1_w_000060	home	ome	NOMcom	NOMB.=s|GENRE=m|CAS=n
Meyer_1_w_000061	qui	qui	PROrel	NOMB.=s|GENRE=m|CAS=n
Meyer_1_w_000062	fust	estre1	VERcjg	MODE=ind|TEMPS=psp|PERS.=3|NOMB.=s
Meyer_1_w_000063	vis	vif	ADJqua	NOMB.=s|GENRE=m|CAS=n|DEGRE=p
Meyer_1_w_000064	[L]as	las	ADJqua	NOMB.=s|GENRE=m|CAS=n|DEGRE=p
Meyer_1_w_000065	moi	je	PROper	PERS.=1|NOMB.=s|GENRE=m|CAS=r
Meyer_1_w_000066	dolant	dolent	ADJqua	NOMB.=s|GENRE=m|CAS=r|DEGRE=p
Meyer_1_w_000067	or	or4	ADVgen	DEGRE=-
Meyer_1_w_000068	somes	estre1	VERcjg	MODE=ind|TEMPS=pst|PERS.=1|NOMB.=p
Meyer_1_w_000069	departi	departir	VERppe	NOMB.=p|GENRE=m|CAS=n
Meyer_1_w_000070	[T]ot	tot	ADVgen	DEGRE=-
Meyer_1_w_000071	maintenant	maintenant	ADVgen	DEGRE=-
Meyer_1_w_000072	l	il	PROper	PERS.=3|NOMB.=s|GENRE=m|CAS=r
Meyer_1_w_000073	ont	avoir	VERcjg	MODE=ind|TEMPS=pst|PERS.=3|NOMB.=p
Meyer_1_w_000074	fet	faire	VERppe	NOMB.=s|GENRE=m|CAS=r
Meyer_1_w_000075	ensevelir	ensevelir	VERinf	MORPH=empty
Meyer_1_w_000076	[E]n	en1	PRE	MORPH=empty
Meyer_1_w_000077	j	un	DETcar	NOMB.=s|GENRE=f|CAS=r
Meyer_1_w_000078	biere	biere	NOMcom	NOMB.=s|GENRE=f|CAS=r
Meyer_1_w_000079	ens	enz	ADVgen	DEGRE=-
Meyer_1_w_000080	el	en1+le	PRE.DETdef	NOMB.=s|GENRE=m|CAS=r
Meyer_1_w_000081	mostier	mostier	NOMcom	NOMB.=s|GENRE=m|CAS=r
Meyer_1_w_000082	gesir	jesir	VERinf	MORPH=empty
Meyer_1_w_000083	[C]lers	cler	NOMcom	NOMB.=p|GENRE=m|CAS=r
Meyer_1_w_000084	et	et	CONcoo	MORPH=empty
Meyer_1_w_000085	prevoires	provoire	NOMcom	NOMB.=p|GENRE=m|CAS=r
Meyer_1_w_000086	i	i2	PROadv	MORPH=empty
Meyer_1_w_000087	ot	avoir	VERcjg	MODE=ind|TEMPS=psp|PERS.=3|NOMB.=s
Meyer_1_w_000088	[N]	ne1	ADVneg	MORPH=empty
Meyer_1_w_000089	i	i2	PROadv	MORPH=empty
Meyer_1_w_000090	ot	avoir	VERcjg	MODE=ind|TEMPS=psp|PERS.=3|NOMB.=s
Meyer_1_w_000091	celui	cel	PROdem	NOMB.=s|GENRE=m|CAS=n
Meyer_1_w_000092	son	son4	DETpos	PERS.=3|NOMB.=s|GENRE=m|CAS=r
Meyer_1_w_000093	sautier	sautier2	NOMcom	NOMB.=s|GENRE=m|CAS=r
Meyer_1_w_000094	ne	ne1	ADVneg	MORPH=empty
Meyer_1_w_000095	tenist	tenir1	VERcjg	MODE=ind|TEMPS=psp|PERS.=3|NOMB.=s
Meyer_1_w_000096	[Et]	et	CONcoo	MORPH=empty
Meyer_1_w_000097	prient	priier	VERcjg	MODE=ind|TEMPS=pst|PERS.=3|NOMB.=p
Meyer_1_w_000098	Deu	dieu	NOMpro	NOMB.=s|GENRE=m|CAS=r
Meyer_1_w_000099	qui	qui	PROrel	NOMB.=s|GENRE=m|CAS=n
Meyer_1_w_000100	de	de	PRE	MORPH=empty
Meyer_1_w_000101	lui	il	PROper	PERS.=3|NOMB.=s|GENRE=m|CAS=i
Meyer_1_w_000102	ait	avoir	VERcjg	MODE=sub|TEMPS=pst|PERS.=3|NOMB.=s
Meyer_1_w_000103	merci	merci	NOMcom	NOMB.=s|GENRE=f|CAS=r
Meyer_1_w_000104	[A]	a3	PRE	MORPH=empty
Meyer_1_w_000105	[l]	le	DETdef	NOMB.=s|GENRE=m|CAS=r
Meyer_1_w_000106	[ende]main	endemain	NOMcom	NOMB.=s|GENRE=m|CAS=r
Meyer_1_w_000107	ains	ainz	ADVgen	DEGRE=-
Meyer_1_w_000108	que	que4	CONsub	MORPH=empty
Meyer_1_w_000109	passast	passer1	VERcjg	MODE=ind|TEMPS=psp|PERS.=3|NOMB.=s
Meyer_1_w_000110	midi	midi	NOMcom	NOMB.=s|GENRE=m|CAS=n
Meyer_1_w_000111	[L]	il	PROper	PERS.=3|NOMB.=s|GENRE=m|CAS=r
Meyer_1_w_000112	ont	avoir	VERcjg	MODE=ind|TEMPS=pst|PERS.=3|NOMB.=p
Meyer_1_w_000113	enterré	enterrer	VERppe	NOMB.=s|GENRE=m|CAS=r
Meyer_1_w_000114	au	a3+le	PRE.DETdef	NOMB.=s|GENRE=m|CAS=r
Meyer_1_w_000115	mostier	mostier	NOMcom	NOMB.=s|GENRE=m|CAS=r
Meyer_1_w_000116	Saint	saint	NOMpro	NOMB.=s|GENRE=m|CAS=r
Meyer_1_w_000117	Sevrin	Sevrin	NOMpro	NOMB.=s|GENRE=m|CAS=r
Meyer_1_w_000118	[A]inz	ainz	ADVgen	DEGRE=-
Meyer_1_w_000119	qu	que4	CONsub	MORPH=empty
Meyer_1_w_000120	il	il	PROper	PERS.=3|NOMB.=p|GENRE=m|CAS=n
Meyer_1_w_000121	venissent	venir	VERcjg	MODE=sub|TEMPS=ipf|PERS.=3|NOMB.=p
Meyer_1_w_000122	ariere	ariere	ADVgen	DEGRE=-
Meyer_1_w_000123	au	a3+le	PRE.DETdef	NOMB.=s|GENRE=m|CAS=r
Meyer_1_w_000124	Plaiseïs	Plaiseïs	NOMpro	NOMB.=s|GENRE=m|CAS=r
Meyer_1_w_000125	[L]or	il	PROper	PERS.=3|NOMB.=p|GENRE=m|CAS=i
Meyer_1_w_000126	a	avoir	VERcjg	MODE=ind|TEMPS=pst|PERS.=3|NOMB.=s
Meyer_1_w_000127	Rigau	Rigaut	NOMpro	NOMB.=s|GENRE=m|CAS=n
Meyer_1_w_000128	iij	trois	DETcar	NOMB.=p|GENRE=m|CAS=r
Meyer_1_w_000129	chevaliers	chevalier	NOMcom	NOMB.=p|GENRE=m|CAS=r
Meyer_1_w_000130	ocis	ocire	VERppe	NOMB.=s|GENRE=m|CAS=r
Meyer_1_w_000131	Cosins	cosin	NOMcom	NOMB.=p|GENRE=m|CAS=r
Meyer_1_w_000132	germai[n]s	germain	ADJqua	NOMB.=p|GENRE=m|CAS=r|DEGRE=p
Meyer_1_w_000133	Fromond	Fromund	NOMpro	NOMB.=s|GENRE=m|CAS=r
Meyer_1_w_000134	le	le	DETdef	NOMB.=s|GENRE=m|CAS=r
Meyer_1_w_000135	posteïs	pöestëif	NOMcom	NOMB.=s|GENRE=m|CAS=r
Meyer_1_w_000136	L	le	DETdef	NOMB.=s|GENRE=m|CAS=n
Meyer_1_w_000137	uns	un	PROind	NOMB.=s|GENRE=m|CAS=n
Meyer_1_w_000138	fu	estre1	VERcjg	MODE=ind|TEMPS=psp|PERS.=3|NOMB.=s
Meyer_1_w_000139	de	de	PRE	MORPH=empty
Meyer_1_w_000140	Troies	Troie	NOMpro	NOMB.=s|GENRE=f|CAS=r
Meyer_1_w_000141	et	et	CONcoo	MORPH=empty
Meyer_1_w_000142	l	le	DETdef	NOMB.=s|GENRE=m|CAS=n
Meyer_1_w_000143	autres	autre	PROind	NOMB.=s|GENRE=m|CAS=n
Meyer_1_w_000144	de	de	PRE	MORPH=empty
Meyer_1_w_000145	Paris	Paris	NOMpro	NOMB.=s|GENRE=f|CAS=r
Meyer_1_w_000146	Et	et	CONcoo	MORPH=empty
Meyer_1_w_000147	l	le	DETdef	NOMB.=s|GENRE=m|CAS=n
Meyer_1_w_000148	autres	autre	PROind	NOMB.=s|GENRE=m|CAS=n
Meyer_1_w_000149	fu	estre1	VERcjg	MODE=ind|TEMPS=psp|PERS.=3|NOMB.=s
Meyer_1_w_000150	dou	de+le	PRE.DETdef	NOMB.=s|GENRE=m|CAS=r
Meyer_1_w_000151	chastel	chastel	NOMcom	NOMB.=s|GENRE=m|CAS=r
Meyer_1_w_000152	de	de	PRE	MORPH=empty
Meyer_1_w_000153	Crespi	Crespi	NOMpro	NOMB.=s|GENRE=x|CAS=r
Meyer_1_w_000154	Molt	mout	ADVgen	DEGRE=-
Meyer_1_w_000155	fu	estre1	VERcjg	MODE=ind|TEMPS=psp|PERS.=3|NOMB.=s
Meyer_1_w_000156	dolans	dolent	ADJqua	NOMB.=s|GENRE=m|CAS=n|DEGRE=p
Meyer_1_w_000157	Rigaus	Rigaut	NOMpro	NOMB.=s|GENRE=m|CAS=n
Meyer_1_w_000158	et	et	CONcoo	MORPH=empty
Meyer_1_w_000159	esmarris	esmarrir	VERppe	NOMB.=s|GENRE=m|CAS=n
Meyer_1_w_000160	[Morant]	Moran	NOMpro	NOMB.=s|GENRE=m|CAS=n
Meyer_1_w_000161	regrete	regreter	VERcjg	MODE=ind|TEMPS=pst|PERS.=3|NOMB.=s
Meyer_1_w_000162	com	come1	CONsub	MORPH=empty
Meyer_1_w_000163	ja	ja	ADVgen	DEGRE=-
Meyer_1_w_000164	porrez	pöoir	VERcjg	MODE=ind|TEMPS=fut|PERS.=2|NOMB.=p
Meyer_1_w_000165	oïr	öir	VERinf	MORPH=empty
Meyer_1_w_000166	De	de	PRE	MORPH=empty
Meyer_1_w_000167	toutez	tot	DETind	NOMB.=p|GENRE=f|CAS=r
Meyer_1_w_000168	pars	part1	NOMcom	NOMB.=p|GENRE=f|CAS=r
Meyer_1_w_000169	descroissent	descroistre	VERcjg	MODE=ind|TEMPS=pst|PERS.=3|NOMB.=p
Meyer_1_w_000170	nostre	nostre	DETpos	PERS.=1|NOMB.=p|GENRE=m|CAS=n
Meyer_1_w_000171	ami	ami	NOMcom	NOMB.=p|GENRE=m|CAS=n
Meyer_1_w_000172	Las	las	ADJqua	NOMB.=s|GENRE=m|CAS=n|DEGRE=p
Meyer_1_w_000173	dist	dire	VERcjg	MODE=ind|TEMPS=pst|PERS.=3|NOMB.=s
Meyer_1_w_000174	Gibers	gaber	NOMpro	NOMB.=s|GENRE=m|CAS=n
Meyer_1_w_000175	que	que3	PROint	NOMB.=s|GENRE=m|CAS=r
Meyer_1_w_000176	porrai	pöoir	VERcjg	MODE=ind|TEMPS=fut|PERS.=1|NOMB.=s
Meyer_1_w_000177	devenir	devenir	VERinf	MORPH=empty
Meyer_1_w_000178	Quant	cant1	CONsub	MORPH=empty
Meyer_1_w_000179	n	ne1	ADVneg	MORPH=empty
Meyer_1_w_000180	ai	avoir	VERcjg	MODE=ind|TEMPS=pst|PERS.=1|NOMB.=s
Meyer_1_w_000181	chastel	chastel	NOMcom	NOMB.=s|GENRE=m|CAS=r
Meyer_1_w_000182	en	en1	PRE	MORPH=empty
Meyer_1_w_000183	icelui	icel	DETdem	NOMB.=s|GENRE=m|CAS=r
Meyer_1_w_000184	païs	päis	NOMcom	NOMB.=s|GENRE=m|CAS=r
Meyer_1_w_000185	Par	par	PRE	MORPH=empty
Meyer_1_w_000186	cui	cui	PROrel	NOMB.=s|GENRE=m|CAS=i
Meyer_1_w_000187	je	je	PROper	PERS.=1|NOMB.=s|GENRE=m|CAS=n
Meyer_1_w_000188	puisse	pöoir	VERcjg	MODE=sub|TEMPS=pst|PERS.=1|NOMB.=s
Meyer_1_w_000189	grever	grever	VERinf	MORPH=empty
Meyer_1_w_000190	mez	mon1	DETpos	PERS.=1|NOMB.=p|GENRE=m|CAS=r
Meyer_1_w_000191	anemis	enemi	NOMcom	NOMB.=p|GENRE=m|CAS=r
Meyer_1_w_000192	Si	si	ADVgen	DEGRE=-
Meyer_1_w_000193	avez	avoir	VERcjg	MODE=ind|TEMPS=pst|PERS.=2|NOMB.=p
Meyer_1_w_000194	sire	seignor	NOMcom	NOMB.=s|GENRE=m|CAS=n
Meyer_1_w_000195	li	le	DETdef	NOMB.=s|GENRE=m|CAS=n
Meyer_1_w_000196	mèz	mes3	NOMcom	NOMB.=s|GENRE=m|CAS=n
Meyer_1_w_000197	li	il	PROper	PERS.=3|NOMB.=s|GENRE=m|CAS=i
Meyer_1_w_000198	respondi	respondre1	VERcjg	MODE=ind|TEMPS=psp|PERS.=3|NOMB.=s
Meyer_1_w_000199	Rigaus	Rigaut	NOMpro	NOMB.=s|GENRE=m|CAS=n
Meyer_1_w_000200	vos	vos	PROper	PERS.=2|NOMB.=p|GENRE=m|CAS=r
Meyer_1_w_000201	mande	mander	VERcjg	MODE=ind|TEMPS=pst|PERS.=3|NOMB.=s
Meyer_1_w_000202	et	et	CONcoo	MORPH=empty
Meyer_1_w_000203	ces	son4	DETpos	PERS.=3|NOMB.=s|GENRE=m|CAS=n
Meyer_1_w_000204	peres	pere	NOMcom	NOMB.=p|GENRE=m|CAS=r
Meyer_1_w_000205	Hervix	Hervis	NOMpro	NOMB.=s|GENRE=m|CAS=r
Meyer_1_w_000206	Qu	que4	CONsub	MORPH=empty
Meyer_1_w_000207	il	il	PROper	PERS.=3|NOMB.=p|GENRE=m|CAS=n
Meyer_1_w_000208	vos	vos	PROper	PERS.=2|NOMB.=p|GENRE=m|CAS=i
Meyer_1_w_000209	rendront	rendre	VERcjg	MODE=ind|TEMPS=fut|PERS.=3|NOMB.=p
Meyer_1_w_000210	cuite	quite	ADJqua	NOMB.=s|GENRE=m|CAS=r|DEGRE=p
Meyer_1_w_000211	le	le	DETdef	NOMB.=s|GENRE=m|CAS=r
Meyer_1_w_000212	Plaiseïs	Plaiseïs	NOMpro	NOMB.=s|GENRE=m|CAS=r
Meyer_1_w_000213	Bien	bien1	ADVgen	DEGRE=p
Meyer_1_w_000214	est	estre1	VERcjg	MODE=ind|TEMPS=pst|PERS.=3|NOMB.=s
Meyer_1_w_000215	garnis	garnir	VERppe	NOMB.=s|GENRE=m|CAS=n
Meyer_1_w_000216	et	et	CONcoo	MORPH=empty
Meyer_1_w_000217	de	de	PRE	MORPH=empty
Meyer_1_w_000218	pain	pain	NOMcom	NOMB.=s|GENRE=m|CAS=r
Meyer_1_w_000219	et	et	CONcoo	MORPH=empty
Meyer_1_w_000220	de	de	PRE	MORPH=empty
Meyer_1_w_000221	vin	vin	NOMcom	NOMB.=s|GENRE=m|CAS=r
Meyer_1_w_000222	De	de	PRE	MORPH=empty
Meyer_1_w_000223	char	char2	NOMcom	NOMB.=s|GENRE=f|CAS=r
Meyer_1_w_000224	salée	saler	VERppe	NOMB.=s|GENRE=f|CAS=r
Meyer_1_w_000225	por	por2	PRE	MORPH=empty
Meyer_1_w_000226	chevaliers	chevalier	NOMcom	NOMB.=p|GENRE=m|CAS=r
Meyer_1_w_000227	servir	servir	VERinf	MORPH=empty
Meyer_1_w_000228	Des	des2	PRE	MORPH=empty
Meyer_1_w_000229	qu	que4	CONsub	MORPH=empty
Meyer_1_w_000230	a	avoir	VERcjg	MODE=ind|TEMPS=pst|PERS.=3|NOMB.=s
Meyer_1_w_000231	vij	set	DETcar	NOMB.=p|GENRE=m|CAS=r
Meyer_1_w_000232	ans	an	NOMcom	NOMB.=p|GENRE=m|CAS=r
Meyer_1_w_000233	ne	ne1	ADVneg	MORPH=empty
Meyer_1_w_000234	vos	vos	PROper	PERS.=2|NOMB.=p|GENRE=m|CAS=i
Meyer_1_w_000235	en	en2	PROadv	MORPH=empty
Meyer_1_w_000236	quier	querre	VERcjg	MODE=ind|TEMPS=pst|PERS.=1|NOMB.=s
Meyer_1_w_000237	mentir	mentir	VERinf	MORPH=empty
Meyer_1_w_000238	Avrez	avoir	VERcjg	MODE=ind|TEMPS=fut|PERS.=2|NOMB.=p
Meyer_1_w_000239	viande	vïande	NOMcom	NOMB.=s|GENRE=f|CAS=r
Meyer_1_w_000240	mal	mal1	ADJqua	NOMB.=s|GENRE=m|CAS=r|DEGRE=p
Meyer_1_w_000241	grez	gré2	NOMcom	NOMB.=s|GENRE=m|CAS=r
Meyer_1_w_000242	en	en2	PROadv	MORPH=empty
Meyer_1_w_000243	aient	avoir	VERcjg	MODE=sub|TEMPS=pst|PERS.=3|NOMB.=p
Meyer_1_w_000244	il	il	PROper	PERS.=3|NOMB.=p|GENRE=m|CAS=n
Meyer_1_w_000245	[D]ist	dire	VERcjg	MODE=ind|TEMPS=pst|PERS.=3|NOMB.=s
Meyer_1_w_000246	la	le	DETdef	NOMB.=s|GENRE=f|CAS=n
Meyer_1_w_000247	roïne	röine1	NOMcom	NOMB.=s|GENRE=f|CAS=n
Meyer_1_w_000248	C	ce1	PROdem	NOMB.=s|GENRE=n|CAS=n
Meyer_1_w_000249	est	estre1	VERcjg	MODE=ind|TEMPS=pst|PERS.=3|NOMB.=s
Meyer_1_w_000250	chastiax	chastel	NOMcom	NOMB.=s|GENRE=m|CAS=n
Meyer_1_w_000251	bien	bien1	ADVgen	DEGRE=p
Meyer_1_w_000252	garniz	garnir	VERppe	NOMB.=s|GENRE=m|CAS=n
Meyer_1_w_000253	En	en1	PRE	MORPH=empty
Meyer_1_w_000254	non	nom	NOMcom	NOMB.=s|GENRE=m|CAS=r
Meyer_1_w_000255	Deu	dieu	NOMpro	NOMB.=s|GENRE=m|CAS=r
Meyer_1_w_000256	dame	dame	NOMcom	NOMB.=s|GENRE=f|CAS=n
Meyer_1_w_000257	li	le	DETdef	NOMB.=s|GENRE=m|CAS=n
Meyer_1_w_000258	dus	duc2	NOMcom	NOMB.=s|GENRE=m|CAS=n
Meyer_1_w_000259	Gibers	girard	NOMpro	NOMB.=s|GENRE=m|CAS=n
Meyer_1_w_000260	a	avoir	VERcjg	MODE=ind|TEMPS=pst|PERS.=3|NOMB.=s
Meyer_1_w_000261	dit	dire	VERppe	NOMB.=s|GENRE=m|CAS=r
Meyer_1_w_000262	Grant	grant	ADJqua	NOMB.=s|GENRE=m|CAS=r|DEGRE=p
Meyer_1_w_000263	pechié	pechié	NOMcom	NOMB.=s|GENRE=m|CAS=r
Meyer_1_w_000264	fait	faire	VERcjg	MODE=ind|TEMPS=pst|PERS.=3|NOMB.=s
Meyer_1_w_000265	l	le	DETdef	NOMB.=s|GENRE=m|CAS=n
Meyer_1_w_000266	empererez	emperëor	NOMcom	NOMB.=s|GENRE=m|CAS=n
Meyer_1_w_000267	Pepins	Pepin	NOMpro	NOMB.=s|GENRE=m|CAS=n
Meyer_1_w_000268	[Q]ue	que2	PROrel	NOMB.=s|GENRE=m|CAS=r
Meyer_1_w_000269	ne	ne1	ADVneg	MORPH=empty
Meyer_1_w_000270	me	je	PROper	PERS.=1|NOMB.=s|GENRE=m|CAS=i
Meyer_1_w_000271	rant	rendre	VERcjg	MODE=ind|TEMPS=pst|PERS.=3|NOMB.=s
Meyer_1_w_000272	Gironville	Gironville	NOMpro	NOMB.=s|GENRE=x|CAS=r
Meyer_1_w_000273	a	a3	PRE	MORPH=empty
Meyer_1_w_000274	tenir	tenir1	VERinf	MORPH=empty
Meyer_1_w_000275	[Le]	le	DETdef	NOMB.=s|GENRE=m|CAS=r
Meyer_1_w_000276	[bon]	bon	ADJqua	NOMB.=s|GENRE=m|CAS=r|DEGRE=p
Meyer_1_w_000277	chastel	chastel	NOMcom	NOMB.=s|GENRE=m|CAS=r
Meyer_1_w_000278	que	que2	PROrel	NOMB.=s|GENRE=m|CAS=r
Meyer_1_w_000279	mez	mon1	DETpos	PERS.=1|NOMB.=s|GENRE=m|CAS=n
Meyer_1_w_000280	ancestres	ancessor	NOMcom	NOMB.=s|GENRE=m|CAS=n
Meyer_1_w_000281	tint	tenir1	VERcjg	MODE=ind|TEMPS=psp|PERS.=3|NOMB.=s
Meyer_1_w_000282	N	ne2	CONcoo	MORPH=empty
Meyer_1_w_000283	en	en1	PRE	MORPH=empty
Meyer_1_w_000284	nule	nul	DETind	NOMB.=s|GENRE=f|CAS=r
Meyer_1_w_000285	terre	terre	NOMcom	NOMB.=s|GENRE=f|CAS=r
Meyer_1_w_000286	si	si	ADVgen	DEGRE=-
Meyer_1_w_000287	com	come1	CONsub	MORPH=empty
Meyer_1_w_000288	je	je	PROper	PERS.=1|NOMB.=s|GENRE=m|CAS=n
Meyer_1_w_000289	l	il	PROper	PERS.=3|NOMB.=s|GENRE=m|CAS=r
Meyer_1_w_000290	ai	avoir	VERcjg	MODE=ind|TEMPS=pst|PERS.=1|NOMB.=s
Meyer_1_w_000291	apris	aprendre	VERppe	NOMB.=s|GENRE=m|CAS=r
Meyer_1_w_000292	Par	par	PRE	MORPH=empty
Meyer_1_w_000293	la	le	DETdef	NOMB.=s|GENRE=f|CAS=r
Meyer_1_w_000294	main	main2	NOMcom	NOMB.=s|GENRE=f|CAS=r
Meyer_1_w_000295	destre	destre	ADJqua	NOMB.=s|GENRE=f|CAS=r|DEGRE=p
Meyer_1_w_000296	li	le	DETdef	NOMB.=s|GENRE=m|CAS=n
Meyer_1_w_000297	dus	duc2	NOMcom	NOMB.=s|GENRE=m|CAS=n
Meyer_1_w_000298	Gerins	Gerin	NOMpro	NOMB.=s|GENRE=m|CAS=n
Meyer_1_w_000299	la	il	PROper	PERS.=3|NOMB.=s|GENRE=f|CAS=r
Meyer_1_w_000300	tint	tenir1	VERcjg	MODE=ind|TEMPS=psp|PERS.=3|NOMB.=s
Meyer_1_w_000301	Atant	atant	ADVgen	DEGRE=-
Meyer_1_w_000302	ez	ez	ADVgen	DEGRE=-
Meyer_1_w_000303	vos	vos	PROper	PERS.=2|NOMB.=p|GENRE=m|CAS=r
Meyer_1_w_000304	l	le	DETdef	NOMB.=s|GENRE=m|CAS=n
Meyer_1_w_000305	enfant	enfant	NOMcom	NOMB.=s|GENRE=m|CAS=n
Meyer_1_w_000306	Rigau	Rigaut	NOMpro	NOMB.=s|GENRE=m|CAS=r
Meyer_1_w_000307	ou	où	PROrel	NOMB.=s|GENRE=n|CAS=r
Meyer_1_w_000308	vint	venir	VERcjg	MODE=ind|TEMPS=psp|PERS.=3|NOMB.=s
Meyer_1_w_000309	I	un	DETndf	NOMB.=s|GENRE=m|CAS=r
Meyer_1_w_000310	esprevier	esprevier	NOMcom	NOMB.=s|GENRE=m|CAS=r
Meyer_1_w_000311	la	le	DETdef	NOMB.=s|GENRE=f|CAS=r
Meyer_1_w_000312	roïne	röine1	NOMcom	NOMB.=s|GENRE=f|CAS=r
Meyer_1_w_000313	tendi	tendre1	VERcjg	MODE=ind|TEMPS=psp|PERS.=3|NOMB.=s
Meyer_1_w_000314	Il	il	PROper	PERS.=3|NOMB.=s|GENRE=m|CAS=n
Meyer_1_w_000315	fu	estre1	VERcjg	MODE=ind|TEMPS=psp|PERS.=3|NOMB.=s
Meyer_1_w_000316	molt	mout	ADVgen	DEGRE=-
Meyer_1_w_000317	biaus	bel1	ADJqua	NOMB.=s|GENRE=m|CAS=n|DEGRE=p
Meyer_1_w_000318	et	et	CONcoo	MORPH=empty
Meyer_1_w_000319	la	le	DETdef	NOMB.=s|GENRE=f|CAS=n
Meyer_1_w_000320	dame	dame	NOMcom	NOMB.=s|GENRE=f|CAS=n
Meyer_1_w_000321	l	il	PROper	PERS.=3|NOMB.=s|GENRE=m|CAS=r
Meyer_1_w_000322	a	avoir	VERcjg	MODE=ind|TEMPS=pst|PERS.=3|NOMB.=s
Meyer_1_w_000323	pris	prendre	VERppe	NOMB.=s|GENRE=m|CAS=r
Meyer_1_w_000324	Par	par	PRE	MORPH=empty
Meyer_1_w_000325	grant	grant	ADJqua	NOMB.=s|GENRE=f|CAS=r|DEGRE=p
Meyer_1_w_000326	chierté	chierté	NOMcom	NOMB.=s|GENRE=f|CAS=r
Meyer_1_w_000327	desor	desor	PRE	MORPH=empty
Meyer_1_w_000328	son	son4	DETpos	PERS.=3|NOMB.=s|GENRE=m|CAS=r
Meyer_1_w_000329	poig	poing	NOMcom	NOMB.=s|GENRE=m|CAS=r
Meyer_1_w_000330	l	il	PROper	PERS.=3|NOMB.=s|GENRE=m|CAS=r
Meyer_1_w_000331	a	avoir	VERcjg	MODE=ind|TEMPS=pst|PERS.=3|NOMB.=s
Meyer_1_w_000332	mis	metre2	VERppe	NOMB.=s|GENRE=m|CAS=r
Meyer_1_w_000333	Devant	devant	PRE	MORPH=empty
Meyer_1_w_000334	le	le	DETdef	NOMB.=s|GENRE=m|CAS=r
Meyer_1_w_000335	roi	roi2	NOMcom	NOMB.=s|GENRE=m|CAS=r
Meyer_1_w_000336	la	le	DETdef	NOMB.=s|GENRE=f|CAS=n
Meyer_1_w_000337	franche	franc1	ADJqua	NOMB.=s|GENRE=f|CAS=n|DEGRE=p
Meyer_1_w_000338	dame	dame	NOMcom	NOMB.=s|GENRE=f|CAS=n
Meyer_1_w_000339	vint	venir	VERcjg	MODE=ind|TEMPS=psp|PERS.=3|NOMB.=s
Meyer_1_w_000340	Li	le	DETdef	NOMB.=s|GENRE=m|CAS=n
Meyer_1_w_000341	rois	roi2	NOMcom	NOMB.=s|GENRE=m|CAS=n
Meyer_1_w_000342	la	il	PROper	PERS.=3|NOMB.=s|GENRE=f|CAS=r
Meyer_1_w_000343	voit	vëoir	VERcjg	MODE=ind|TEMPS=pst|PERS.=3|NOMB.=s
Meyer_1_w_000344	a	a3	PRE	MORPH=empty
Meyer_1_w_000345	raisson	raison	NOMcom	NOMB.=s|GENRE=f|CAS=r
Meyer_1_w_000346	l	il	PROper	PERS.=3|NOMB.=s|GENRE=f|CAS=r
Meyer_1_w_000347	en	en2	PROadv	MORPH=empty
Meyer_1_w_000348	a	avoir	VERcjg	MODE=ind|TEMPS=pst|PERS.=3|NOMB.=s
Meyer_1_w_000349	mis	metre2	VERppe	NOMB.=s|GENRE=m|CAS=r
Meyer_1_w_000350	Cis	cest	DETdem	NOMB.=s|GENRE=m|CAS=n
Meyer_1_w_000351	espreviers	esprevier	NOMcom	NOMB.=s|GENRE=m|CAS=n
Meyer_1_w_000352	ma	mon1	DETpos	PERS.=1|NOMB.=s|GENRE=f|CAS=n
Meyer_1_w_000353	dame	dame	NOMcom	NOMB.=s|GENRE=f|CAS=n
Meyer_1_w_000354	ou	où	ADVint	MORPH=empty
Meyer_1_w_000355	fu	estre1	VERcjg	MODE=ind|TEMPS=psp|PERS.=3|NOMB.=s
Meyer_1_w_000356	il	il	PROper	PERS.=3|NOMB.=s|GENRE=m|CAS=n
Meyer_1_w_000357	pris	prendre	VERppe	NOMB.=s|GENRE=m|CAS=n
Meyer_1_w_000358	Sire	seignor	NOMcom	NOMB.=s|GENRE=m|CAS=n
Meyer_1_w_000359	fait	faire	VERcjg	MODE=ind|TEMPS=pst|PERS.=3|NOMB.=s
Meyer_1_w_000360	ele	il	PROper	PERS.=3|NOMB.=s|GENRE=f|CAS=n
Meyer_1_w_000361	ne	ne1	ADVneg	MORPH=empty
Meyer_1_w_000362	vos	vos	PROper	PERS.=2|NOMB.=p|GENRE=m|CAS=i
Meyer_1_w_000363	en	en2	PROadv	MORPH=empty
Meyer_1_w_000364	quier	querre	VERcjg	MODE=ind|TEMPS=pst|PERS.=1|NOMB.=s
Meyer_1_w_000365	mentir	mentir	VERinf	MORPH=empty
Meyer_1_w_000366	Hernaut	Hernaut	NOMpro	NOMB.=s|GENRE=m|CAS=n
Meyer_1_w_000367	mes	mon1	DETpos	PERS.=1|NOMB.=s|GENRE=m|CAS=n
Meyer_1_w_000368	niés	nevo	NOMcom	NOMB.=s|GENRE=m|CAS=n
Meyer_1_w_000369	mes	mon1	DETpos	PERS.=1|NOMB.=s|GENRE=m|CAS=n
Meyer_1_w_000370	drus	dru1	NOMcom	NOMB.=s|GENRE=m|CAS=n
Meyer_1_w_000371	et	et	CONcoo	MORPH=empty
Meyer_1_w_000372	mes	mon1	DETpos	PERS.=1|NOMB.=s|GENRE=m|CAS=n
Meyer_1_w_000373	amis	ami	NOMcom	NOMB.=s|GENRE=m|CAS=n
Meyer_1_w_000374	Le	il	PROper	PERS.=3|NOMB.=s|GENRE=m|CAS=r
Meyer_1_w_000375	m	je	PROper	PERS.=1|NOMB.=s|GENRE=m|CAS=i
Meyer_1_w_000376	aporta	aporter	VERcjg	MODE=ind|TEMPS=psp|PERS.=3|NOMB.=s
Meyer_1_w_000377	la	le	DETdef	NOMB.=s|GENRE=f|CAS=r
Meyer_1_w_000378	soie	suen	ADJpos	PERS.=3|NOMB.=s|GENRE=f|CAS=r
Meyer_1_w_000379	grans	grant	ADJqua	NOMB.=s|GENRE=f|CAS=r|DEGRE=p
Meyer_1_w_000380	mercis	merci	NOMcom	NOMB.=s|GENRE=f|CAS=r
Meyer_1_w_000381	Or	or4	ADVgen	DEGRE=-
Meyer_1_w_000382	le	il	PROper	PERS.=3|NOMB.=s|GENRE=m|CAS=r
Meyer_1_w_000383	prenés	prendre	VERcjg	MODE=imp|PERS.=2|NOMB.=p
Meyer_1_w_000384	enpererez	emperëor	NOMcom	NOMB.=s|GENRE=m|CAS=n
Meyer_1_w_000385	gentis	gentil	ADJqua	NOMB.=s|GENRE=m|CAS=n|DEGRE=p
Meyer_1_w_000386	Par	par	PRE	MORPH=empty
Meyer_1_w_000387	grant	grant	ADJqua	NOMB.=s|GENRE=f|CAS=r|DEGRE=p
Meyer_1_w_000388	amor	amor	NOMcom	NOMB.=s|GENRE=f|CAS=r
Meyer_1_w_000389	le	il	PROper	PERS.=3|NOMB.=s|GENRE=m|CAS=r
Meyer_1_w_000390	faites	faire	VERcjg	MODE=imp|PERS.=2|NOMB.=p
Meyer_1_w_000391	recoillir	recoillir	VERinf	MORPH=empty
Meyer_1_w_000392	Mout	mout	ADVgen	DEGRE=-
Meyer_1_w_000393	ditez	dire	VERcjg	MODE=ind|TEMPS=pst|PERS.=2|NOMB.=p
Meyer_1_w_000394	bien	bien1	ADVgen	DEGRE=p
Meyer_1_w_000395	dame	dame	NOMcom	NOMB.=s|GENRE=f|CAS=n
Meyer_1_w_000396	se	ce1	PROdem	NOMB.=s|GENRE=n|CAS=r
Meyer_1_w_000397	dist	dire	VERcjg	MODE=ind|TEMPS=pst|PERS.=3|NOMB.=s
Meyer_1_w_000398	Pepins	Pepin	NOMpro	NOMB.=s|GENRE=m|CAS=n
Meyer_1_w_000399	Mout	mout	ADVgen	DEGRE=-
Meyer_1_w_000400	volentiers	volentiers	ADVgen	DEGRE=-
Meyer_1_w_000401	dame	dame	NOMcom	NOMB.=s|GENRE=f|CAS=n
Meyer_1_w_000402	se	ce1	PROdem	NOMB.=s|GENRE=n|CAS=r
Meyer_1_w_000403	dist	dire	VERcjg	MODE=ind|TEMPS=pst|PERS.=3|NOMB.=s
Meyer_1_w_000404	Pepins	Pepin	NOMpro	NOMB.=s|GENRE=m|CAS=n
Meyer_1_w_000405	Devant	devant	PRE	MORPH=empty
Meyer_1_w_000406	lui	il	PROper	PERS.=3|NOMB.=s|GENRE=m|CAS=i
Meyer_1_w_000407	garde	garder	VERcjg	MODE=ind|TEMPS=pst|PERS.=3|NOMB.=s
Meyer_1_w_000408	si	si	ADVgen	DEGRE=-
Meyer_1_w_000409	vit	vëoir	VERcjg	MODE=ind|TEMPS=psp|PERS.=3|NOMB.=s
Meyer_1_w_000410	Gerart	Girard	NOMpro	NOMB.=s|GENRE=m|CAS=r
Meyer_1_w_000411	venir	venir	VERinf	MORPH=empty
Meyer_1_w_000412	I	un	DETndf	NOMB.=s|GENRE=m|CAS=r
Meyer_1_w_000413	chevalier	chevalier	NOMcom	NOMB.=s|GENRE=m|CAS=r
Meyer_1_w_000414	qui	qui	PROrel	NOMB.=s|GENRE=m|CAS=n
Meyer_1_w_000415	fu	estre1	VERcjg	MODE=ind|TEMPS=psp|PERS.=3|NOMB.=s
Meyer_1_w_000416	nez	naistre	VERppe	NOMB.=s|GENRE=m|CAS=n
Meyer_1_w_000417	de	de	PRE	MORPH=empty
Meyer_1_w_000418	Senlis	Senlis	NOMpro	NOMB.=s|GENRE=x|CAS=r
Meyer_1_w_000419	Et	et	CONcoo	MORPH=empty
Meyer_1_w_000420	dist	dire	VERcjg	MODE=ind|TEMPS=pst|PERS.=3|NOMB.=s
Meyer_1_w_000421	li	le	DETdef	NOMB.=s|GENRE=m|CAS=n
Meyer_1_w_000422	rois	roi2	NOMcom	NOMB.=s|GENRE=m|CAS=n
Meyer_1_w_000423	Venez	venir	VERcjg	MODE=imp|PERS.=2|NOMB.=p
Meyer_1_w_000424	avant	avant	ADVgen	DEGRE=-
Meyer_1_w_000425	amis	ami	NOMcom	NOMB.=s|GENRE=m|CAS=n
Meyer_1_w_000426	Vos	vos	PROper	PERS.=2|NOMB.=p|GENRE=m|CAS=i
Meyer_1_w_000427	en	en2	PROadv	MORPH=empty
Meyer_1_w_000428	irez	aler	VERcjg	MODE=ind|TEMPS=fut|PERS.=2|NOMB.=p
Meyer_1_w_000429	a	a3	PRE	MORPH=empty
Meyer_1_w_000430	Bordeles	Bordeaux	NOMpro	NOMB.=s|GENRE=f|CAS=r
Meyer_1_w_000431	la	le	DETdef	NOMB.=s|GENRE=f|CAS=r
Meyer_1_w_000432	cit	cité	NOMcom	NOMB.=s|GENRE=f|CAS=r
Meyer_1_w_000433	Dites	dire	VERcjg	MODE=imp|PERS.=2|NOMB.=p
Meyer_1_w_000434	Fromont	Fromund	NOMpro	NOMB.=s|GENRE=m|CAS=n
Meyer_1_w_000435	de	de	PRE	MORPH=empty
Meyer_1_w_000436	Lens	Lens	NOMpro	NOMB.=s|GENRE=x|CAS=r
Meyer_1_w_000437	le	le	DETdef	NOMB.=s|GENRE=m|CAS=r
Meyer_1_w_000438	posteïs	pöestëif	ADJqua	NOMB.=s|GENRE=m|CAS=r|DEGRE=p
Meyer_1_w_000439	Que	que4	CONsub	MORPH=empty
Meyer_1_w_000440	jel	je+il	PROper.PROper	PERS.=3|NOMB.=s|GENRE=m|CAS=r
Meyer_1_w_000441	semon	semondre	VERcjg	MODE=ind|TEMPS=pst|PERS.=1|NOMB.=s
Meyer_1_w_000442	de	de	PRE	MORPH=empty
Meyer_1_w_000443	droit	droit	NOMcom	NOMB.=s|GENRE=m|CAS=r
Meyer_1_w_000444	en	en1	PRE	MORPH=empty
Meyer_1_w_000445	mon	mon1	DETpos	PERS.=1|NOMB.=s|GENRE=m|CAS=r
Meyer_1_w_000446	païs	päis	NOMcom	NOMB.=s|GENRE=m|CAS=r
Meyer_1_w_000447	Viegne	venir	VERcjg	MODE=sub|TEMPS=pst|PERS.=3|NOMB.=s
Meyer_1_w_000448	a	a3	PRE	MORPH=empty
Meyer_1_w_000449	Paris	Paris	NOMpro	NOMB.=s|GENRE=f|CAS=r
Meyer_1_w_000450	ou	o3	CONcoo	MORPH=empty
Meyer_1_w_000451	a	a3	PRE	MORPH=empty
Meyer_1_w_000452	Loon	Loon	NOMpro	NOMB.=s|GENRE=f|CAS=r
Meyer_1_w_000453	la	le	DETdef	NOMB.=s|GENRE=f|CAS=r
Meyer_1_w_000454	cit	cité	NOMcom	NOMB.=s|GENRE=f|CAS=r
Meyer_1_w_000455	C	se	CONsub	MORPH=empty
Meyer_1_w_000456	il	il	PROper	PERS.=3|NOMB.=s|GENRE=m|CAS=n
Meyer_1_w_000457	le	il	PROper	PERS.=3|NOMB.=s|GENRE=m|CAS=r
Meyer_1_w_000458	refuse	refuser	VERcjg	MODE=ind|TEMPS=pst|PERS.=3|NOMB.=s
Meyer_1_w_000459	et	et	CONcoo	MORPH=empty
Meyer_1_w_000460	il	il	PROper	PERS.=3|NOMB.=s|GENRE=m|CAS=n
Meyer_1_w_000461	n	ne1	ADVneg	MORPH=empty
Meyer_1_w_000462	i	i2	PROadv	MORPH=empty
Meyer_1_w_000463	voelt	voloir	VERcjg	MODE=ind|TEMPS=pst|PERS.=3|NOMB.=s
Meyer_1_w_000464	venir	venir	VERinf	MORPH=empty
Meyer_1_w_000465	Desfiez	desfïer	VERcjg	MODE=imp|PERS.=2|NOMB.=p
Meyer_1_w_000466	le	il	PROper	PERS.=3|NOMB.=s|GENRE=m|CAS=r
Meyer_1_w_000467	maintenant	maintenant	ADVgen	DEGRE=-
Meyer_1_w_000468	de	de	PRE	MORPH=empty
Meyer_1_w_000469	par	par	PRE	MORPH=empty
Meyer_1_w_000470	mi	mi2	NOMcom	NOMB.=s|GENRE=m|CAS=r
Meyer_1_w_000471	Et	et	CONcoo	MORPH=empty
Meyer_1_w_000472	si	si	ADVgen	DEGRE=-
Meyer_1_w_000473	li	il	PROper	PERS.=3|NOMB.=s|GENRE=m|CAS=i
Meyer_1_w_000474	ditez	dire	VERcjg	MODE=imp|PERS.=2|NOMB.=p
Meyer_1_w_000475	tot	tot	ADVgen	DEGRE=-
Meyer_1_w_000476	voiant	vëoir	VERppa	NOMB.=s|GENRE=m|CAS=r
Meyer_1_w_000477	cez	son4	DETpos	PERS.=3|NOMB.=p|GENRE=m|CAS=r
Meyer_1_w_000478	amis	ami	NOMcom	NOMB.=p|GENRE=m|CAS=r
Meyer_1_w_000479	G	je	PROper	PERS.=1|NOMB.=s|GENRE=m|CAS=n
Meyer_1_w_000480	irai	aler	VERcjg	MODE=ind|TEMPS=fut|PERS.=1|NOMB.=s
Meyer_1_w_000481	sor	sor2	PRE	MORPH=empty
Meyer_1_w_000482	eus	il	PROper	PERS.=3|NOMB.=p|GENRE=m|CAS=i
Meyer_1_w_000483	por	por2	PRE	MORPH=empty
Meyer_1_w_000484	lor	lor2	DETpos	PERS.=3|NOMB.=p|GENRE=f|CAS=r
Meyer_1_w_000485	terres	terre	NOMcom	NOMB.=p|GENRE=f|CAS=r
Meyer_1_w_000486	saissir	saisir	VERinf	MORPH=empty
Meyer_1_w_000487	[N]e	ne1	ADVneg	MORPH=empty
Meyer_1_w_000488	lez	il	PROper	PERS.=3|NOMB.=p|GENRE=m|CAS=r
Meyer_1_w_000489	garra	garir	VERcjg	MODE=ind|TEMPS=fut|PERS.=3|NOMB.=s
Meyer_1_w_000490	trestot	trestot	DETind	NOMB.=s|GENRE=m|CAS=n
Meyer_1_w_000491	l	le	DETdef	NOMB.=s|GENRE=m|CAS=n
Meyer_1_w_000492	ors	or1	NOMcom	NOMB.=s|GENRE=m|CAS=n
Meyer_1_w_000493	que	que2	PROrel	NOMB.=s|GENRE=m|CAS=r
Meyer_1_w_000494	Dex	dieu	NOMpro	NOMB.=s|GENRE=m|CAS=n
Meyer_1_w_000495	fist	faire	VERcjg	MODE=ind|TEMPS=psp|PERS.=3|NOMB.=s
Meyer_1_w_000496	Que	que4	CONsub	MORPH=empty
Meyer_1_w_000497	je	je	PROper	PERS.=1|NOMB.=s|GENRE=m|CAS=n
Meyer_1_w_000498	nes	ne1+il	ADVneg.PROper	PERS.=3|NOMB.=p|GENRE=m|CAS=r
Meyer_1_w_000499	face	faire	VERcjg	MODE=sub|TEMPS=pst|PERS.=1|NOMB.=s
Meyer_1_w_000500	de	de	PRE	MORPH=empty
Meyer_1_w_000501	male	mal1	ADJqua	NOMB.=s|GENRE=f|CAS=r|DEGRE=p
Meyer_1_w_000502	mort	mort	NOMcom	NOMB.=s|GENRE=f|CAS=r
Meyer_1_w_000503	morir	morir	VERinf	MORPH=empty
Meyer_1_w_000504	Dist	dire	VERcjg	MODE=ind|TEMPS=pst|PERS.=3|NOMB.=s
Meyer_1_w_000505	Girars	Girard	NOMpro	NOMB.=s|GENRE=m|CAS=n
Meyer_1_w_000506	Sire	seignor	NOMcom	NOMB.=s|GENRE=m|CAS=n
Meyer_1_w_000507	il	il	PROimp	PERS.=0|NOMB.=s|GENRE=n|CAS=n
Meyer_1_w_000508	lor	il	PROper	PERS.=3|NOMB.=p|GENRE=m|CAS=i
Meyer_1_w_000509	sera	estre1	VERcjg	MODE=ind|TEMPS=fut|PERS.=3|NOMB.=s
Meyer_1_w_000510	bien	bien1	ADVgen	DEGRE=p
Meyer_1_w_000511	dit	dire	VERppe	NOMB.=s|GENRE=m|CAS=r
Meyer_1_w_000512	Nel	ne1+il	ADVneg.PROper	PERS.=3|NOMB.=s|GENRE=m|CAS=r
Meyer_1_w_000513	laisseroie	laissier	VERcjg	MODE=con|PERS.=1|NOMB.=s
Meyer_1_w_000514	por	por2	PRE	MORPH=empty
Meyer_1_w_000515	tot	tot	DETind	NOMB.=s|GENRE=m|CAS=r
Meyer_1_w_000516	l	le	DETdef	NOMB.=s|GENRE=m|CAS=r
Meyer_1_w_000517	or	or1	NOMcom	NOMB.=s|GENRE=m|CAS=r
Meyer_1_w_000518	que	que2	PROrel	NOMB.=s|GENRE=m|CAS=r
Meyer_1_w_000519	Dex	dieu	NOMpro	NOMB.=s|GENRE=m|CAS=n
Meyer_1_w_000520	fist	faire	VERcjg	MODE=ind|TEMPS=psp|PERS.=3|NOMB.=s
