Me1_w_000001	Nostre	nostre	DETpos	PERS.=1|NOMB.=s|GENRE=m|CAS=n
Me1_w_000002	empereres	emperëor	NOMcom	NOMB.=s|GENRE=m|CAS=n
Me1_w_000003	fist	faire	VERcjg	MODE=ind|TEMPS=psp|PERS.=3|NOMB.=s
Me1_w_000004	ses	son4	DETpos	PERS.=3|NOMB.=s|GENRE=m|CAS=r
Me1_w_000005	briés	brief	NOMcom	NOMB.=p|GENRE=m|CAS=r
Me1_w_000006	saieler	sëeler	VERinf	MORPH=empty
Me1_w_000007	Il	il	PROper	PERS.=3|NOMB.=s|GENRE=m|CAS=n
Me1_w_000008	fait	faire	VERcjg	MODE=ind|TEMPS=pst|PERS.=3|NOMB.=s
Me1_w_000009	mander	mander	VERinf	MORPH=empty
Me1_w_000010	quan	cant2	PROind	NOMB.=s|GENRE=n|CAS=r
Me1_w_000011	k	que4	CONsub	MORPH=empty
Me1_w_000012	il	il	PROper	PERS.=3|NOMB.=s|GENRE=m|CAS=n
Me1_w_000013	peut	pöoir	VERcjg	MODE=ind|TEMPS=pst|PERS.=3|NOMB.=s
Me1_w_000014	aüner	äuner	VERinf	MORPH=empty
Me1_w_000015	lx	soissante	PROcar	NOMB.=p|GENRE=m|CAS=r
Me1_w_000016	mil	mil1	PROcar	NOMB.=p|GENRE=m|CAS=r
Me1_w_000017	en	en2	PROadv	MORPH=empty
Me1_w_000018	a	avoir	VERcjg	MODE=ind|TEMPS=pst|PERS.=3|NOMB.=s
Me1_w_000019	bien	bien1	ADVgen	DEGRE=p
Me1_w_000020	amassés	amasser	VERppe	NOMB.=p|GENRE=m|CAS=r
Me1_w_000021	Les	le	DETdef	NOMB.=p|GENRE=m|CAS=n
Me1_w_000022	os	ost	NOMcom	NOMB.=p|GENRE=m|CAS=n
Me1_w_000023	s	soi1	PROper	PERS.=3|NOMB.=p|GENRE=m|CAS=r
Me1_w_000024	esmeuvent	esmovoir	VERcjg	MODE=ind|TEMPS=pst|PERS.=3|NOMB.=p
Me1_w_000025	or	or4	ADVgen	DEGRE=-
Me1_w_000026	penst	penser	VERcjg	MODE=ind|TEMPS=pst|PERS.=3|NOMB.=s
Me1_w_000027	Dieus	dieu	NOMpro	NOMB.=s|GENRE=m|CAS=n
Me1_w_000028	del	de+le	PRE.DETdef	NOMB.=s|GENRE=m|CAS=r
Me1_w_000029	guier	guiier	NOMcom	NOMB.=s|GENRE=m|CAS=r
Me1_w_000030	De	de	PRE	MORPH=empty
Me1_w_000031	Saint	saint	NOMpro	NOMB.=s|GENRE=m|CAS=r
Me1_w_000032	Denis	Denis	NOMpro	NOMB.=s|GENRE=m|CAS=r
Me1_w_000033	fait	faire	VERcjg	MODE=ind|TEMPS=pst|PERS.=3|NOMB.=s
Me1_w_000034	l	le	DETdef	NOMB.=s|GENRE=f|CAS=r
Me1_w_000035	ensaigne	enseigne	NOMcom	NOMB.=s|GENRE=f|CAS=r
Me1_w_000036	porter	porter	VERinf	MORPH=empty
Me1_w_000037	Li	le	DETdef	NOMB.=s|GENRE=m|CAS=n
Me1_w_000038	dus	duc2	NOMcom	NOMB.=s|GENRE=m|CAS=n
Me1_w_000039	Garins	Garin	NOMpro	NOMB.=s|GENRE=m|CAS=n
Me1_w_000040	ki	qui	PROrel	NOMB.=s|GENRE=m|CAS=n
Me1_w_000041	tant	tant	ADVgen	DEGRE=-
Me1_w_000042	fait	faire	VERcjg	MODE=ind|TEMPS=pst|PERS.=3|NOMB.=s
Me1_w_000043	a	a3	PRE	MORPH=empty
Me1_w_000044	loer	löer1	VERinf	MORPH=empty
Me1_w_000045	N	ne1	ADVneg	MORPH=empty
Me1_w_000046	ot	avoir	VERcjg	MODE=ind|TEMPS=psp|PERS.=3|NOMB.=s
Me1_w_000047	tel	tel	ADJind	NOMB.=s|GENRE=m|CAS=r
Me1_w_000048	baron	baron	NOMcom	NOMB.=s|GENRE=m|CAS=r
Me1_w_000049	dusc	jusque	ADVgen	DEGRE=-
Me1_w_000050	a	a3	PRE	MORPH=empty
Me1_w_000051	la	le	DETdef	NOMB.=s|GENRE=f|CAS=r
Me1_w_000052	Rouge	Roge	NOMpro	NOMB.=s|GENRE=f|CAS=r
Me1_w_000053	Mer	Mer	NOMpro	NOMB.=s|GENRE=f|CAS=r
Me1_w_000054	Et	et	CONcoo	MORPH=empty
Me1_w_000055	Begue	Begues	NOMpro	NOMB.=s|GENRE=m|CAS=n
Me1_w_000056	fait	faire	VERcjg	MODE=ind|TEMPS=pst|PERS.=3|NOMB.=s
Me1_w_000057	l	le	DETdef	NOMB.=s|GENRE=f|CAS=r
Me1_w_000058	ost	ost	NOMcom	NOMB.=s|GENRE=f|CAS=r
Me1_w_000059	rengier	rengier1	VERinf	MORPH=empty
Me1_w_000060	et	et	CONcoo	MORPH=empty
Me1_w_000061	sierer	serrer	VERinf	MORPH=empty
Me1_w_000062	Il	il	PROper	PERS.=3|NOMB.=s|GENRE=m|CAS=n
Me1_w_000063	n	ne1	ADVneg	MORPH=empty
Me1_w_000064	a	avoir	VERcjg	MODE=ind|TEMPS=pst|PERS.=3|NOMB.=s
Me1_w_000065	baron	baron	NOMcom	NOMB.=s|GENRE=m|CAS=r
Me1_w_000066	en	en1	PRE	MORPH=empty
Me1_w_000067	l	le	DETdef	NOMB.=s|GENRE=f|CAS=r
Me1_w_000068	ost	ost	NOMcom	NOMB.=s|GENRE=f|CAS=r
Me1_w_000069	nel	ne1+il	ADVneg.PROper	PERS.=3|NOMB.=s|GENRE=m|CAS=r
Me1_w_000070	doie	devoir	VERcjg	MODE=sub|TEMPS=pst|PERS.=3|NOMB.=s
Me1_w_000071	amer	amer1	VERinf	MORPH=empty
Me1_w_000072	A	a3	PRE	MORPH=empty
Me1_w_000073	Soissons	Soissons	NOMpro	NOMB.=s|GENRE=f|CAS=r
Me1_w_000074	vinrent	venir	VERcjg	MODE=ind|TEMPS=psp|PERS.=3|NOMB.=p
Me1_w_000075	si	si	ADVgen	DEGRE=-
Me1_w_000076	com	come1	CONsub	MORPH=empty
Me1_w_000077	j	je	PROper	PERS.=1|NOMB.=s|GENRE=m|CAS=n
Me1_w_000078	oï	öir	VERcjg	MODE=ind|TEMPS=psp|PERS.=1|NOMB.=s
Me1_w_000079	conter	conter	VERinf	MORPH=empty
Me1_w_000080	Aval	aval	PRE	MORPH=empty
Me1_w_000081	le	le	DETdef	NOMB.=s|GENRE=m|CAS=r
Me1_w_000082	pré	pré	NOMcom	NOMB.=s|GENRE=m|CAS=r
Me1_w_000083	se	soi1	PROper	PERS.=3|NOMB.=p|GENRE=m|CAS=r
Me1_w_000084	keurent	corir	VERcjg	MODE=ind|TEMPS=pst|PERS.=3|NOMB.=p
Me1_w_000085	adouber	adober	VERinf	MORPH=empty
Me1_w_000086	La	là	ADVgen	DEGRE=-
Me1_w_000087	veïssiés	vëoir	VERcjg	MODE=sub|TEMPS=ipf|PERS.=2|NOMB.=p
Me1_w_000088	le	le	DETdef	NOMB.=s|GENRE=f|CAS=r
Me1_w_000089	vitaile	vitaille	NOMcom	NOMB.=s|GENRE=f|CAS=r
Me1_w_000090	amener	amener	VERinf	MORPH=empty
Me1_w_000091	De	de	PRE	MORPH=empty
Me1_w_000092	maintes	maint	DETind	NOMB.=p|GENRE=f|CAS=r
Me1_w_000093	pars	part1	NOMcom	NOMB.=p|GENRE=f|CAS=r
Me1_w_000094	chevaliers	chevalier	NOMcom	NOMB.=p|GENRE=m|CAS=r
Me1_w_000095	aüner	äuner	VERinf	MORPH=empty
Me1_w_000096	De	de	PRE	MORPH=empty
Me1_w_000097	Soissons	Soissons	NOMpro	NOMB.=s|GENRE=f|CAS=r
Me1_w_000098	partent	partir	VERcjg	MODE=ind|TEMPS=pst|PERS.=3|NOMB.=p
Me1_w_000099	quant	cant1	CONsub	MORPH=empty
Me1_w_000100	il	il	PROimp	PERS.=0|NOMB.=s|GENRE=n|CAS=n
Me1_w_000101	dut	devoir	VERcjg	MODE=ind|TEMPS=psp|PERS.=3|NOMB.=s
Me1_w_000102	ajourner	ajorner	VERinf	MORPH=empty
Me1_w_000103	Dusc	jusque	ADVgen	DEGRE=-
Me1_w_000104	a	a3	PRE	MORPH=empty
Me1_w_000105	Bruiieres	Bruiieres	NOMpro	NOMB.=s|GENRE=x|CAS=r
Me1_w_000106	ne	ne1	ADVneg	MORPH=empty
Me1_w_000107	vorent	voloir	VERcjg	MODE=ind|TEMPS=psp|PERS.=3|NOMB.=p
Me1_w_000108	arester	arester	VERinf	MORPH=empty
Me1_w_000109	Illeuk	iluec	ADVgen	DEGRE=-
Me1_w_000110	a	avoir	VERcjg	MODE=ind|TEMPS=pst|PERS.=3|NOMB.=s
Me1_w_000111	fait	faire	VERppe	NOMB.=s|GENRE=m|CAS=r
Me1_w_000112	li	le	DETdef	NOMB.=s|GENRE=m|CAS=n
Me1_w_000113	roys	roi2	NOMcom	NOMB.=s|GENRE=m|CAS=n
Me1_w_000114	sa	son4	DETpos	PERS.=3|NOMB.=s|GENRE=f|CAS=r
Me1_w_000115	gent	gent1	NOMcom	NOMB.=s|GENRE=f|CAS=r
Me1_w_000116	armer	armer	VERinf	MORPH=empty
Me1_w_000117	Begue	Begues	NOMpro	NOMB.=s|GENRE=m|CAS=r
Me1_w_000118	et	et	CONcoo	MORPH=empty
Me1_w_000119	Garins	Garin	NOMpro	NOMB.=s|GENRE=m|CAS=n
Me1_w_000120	en	en2	PROadv	MORPH=empty
Me1_w_000121	font	faire	VERcjg	MODE=ind|TEMPS=pst|PERS.=3|NOMB.=p
Me1_w_000122	avant	avant	ADVgen	DEGRE=-
Me1_w_000123	aler	aler	VERinf	MORPH=empty
Me1_w_000124	Guille	Guilaume	NOMpro	NOMB.=s|GENRE=m|CAS=r
Me1_w_000125	aveuk	avuec	ADVgen	DEGRE=-
Me1_w_000126	et	et	CONcoo	MORPH=empty
Me1_w_000127	Fromont	Fromund	NOMpro	NOMB.=s|GENRE=m|CAS=n
Me1_w_000128	le	le	DETdef	NOMB.=s|GENRE=m|CAS=n
Me1_w_000129	sené	sené2	ADJqua	NOMB.=s|GENRE=m|CAS=n|DEGRE=p
Me1_w_000130	Atout	atot	PRE	MORPH=empty
Me1_w_000131	xx	vint	DETcar	NOMB.=p|GENRE=m|CAS=r
Me1_w_000132	m	mil1	DETcar	NOMB.=p|GENRE=m|CAS=r
Me1_w_000133	chevaliers	chevalier	NOMcom	NOMB.=p|GENRE=m|CAS=r
Me1_w_000134	adoubé[s]	adober	VERppe	NOMB.=p|GENRE=m|CAS=r
Me1_w_000135	Desci	deci	ADVgen	DEGRE=-
Me1_w_000136	en	en1	PRE	MORPH=empty
Me1_w_000137	l	le	DETdef	NOMB.=s|GENRE=f|CAS=r
Me1_w_000138	ost	ost	NOMcom	NOMB.=s|GENRE=f|CAS=r
Me1_w_000139	ne	ne1	ADVneg	MORPH=empty
Me1_w_000140	se	soi1	PROper	PERS.=3|NOMB.=p|GENRE=m|CAS=r
Me1_w_000141	sont	estre1	VERcjg	MODE=ind|TEMPS=pst|PERS.=3|NOMB.=p
Me1_w_000142	aresté	arester	VERppe	NOMB.=p|GENRE=m|CAS=n
Me1_w_000143	La	là		DEGRE=-
Me1_w_000144	veïssiés	vëoir	VERcjg	MODE=sub|TEMPS=ipf|PERS.=2|NOMB.=p
Me1_w_000145	maint	maint	DETind	NOMB.=s|GENRE=m|CAS=r
Me1_w_000146	chevalier	chevalier	NOMcom	NOMB.=s|GENRE=m|CAS=r
Me1_w_000147	verser	verser1	VERinf	MORPH=empty
Me1_w_000148	Begon	Begues	NOMpro	NOMB.=s|GENRE=m|CAS=n
Me1_w_000149	en	en2	PROadv	MORPH=empty
Me1_w_000150	donnent	doner	VERcjg	MODE=ind|TEMPS=pst|PERS.=3|NOMB.=p
Me1_w_000151	le	le	DETdef	NOMB.=s|GENRE=m|CAS=r
Me1_w_000152	los	lot1	NOMcom	NOMB.=s|GENRE=m|CAS=r
Me1_w_000153	li	le	DETdef	NOMB.=p|GENRE=m|CAS=r
Me1_w_000154	baceler	bacheler	NOMcom	NOMB.=p|GENRE=m|CAS=r
Me1_w_000155	De	de	PRE	MORPH=empty
Me1_w_000156	bien	bien1	ADVgen	DEGRE=p
Me1_w_000157	ferir	ferir	VERinf	MORPH=empty
Me1_w_000158	et	et	CONcoo	MORPH=empty
Me1_w_000159	de	de	PRE	MORPH=empty
Me1_w_000160	lance	lance	NOMcom	NOMB.=s|GENRE=f|CAS=r
Me1_w_000161	porter	porter	VERinf	MORPH=empty
Me1_w_000162	Leur	lor2	DETpos	PERS.=3|NOMB.=p|GENRE=m|CAS=r
Me1_w_000163	escief	eschif2	NOMcom	NOMB.=p|GENRE=m|CAS=r
Me1_w_000164	font	faire	VERcjg	MODE=ind|TEMPS=pst|PERS.=3|NOMB.=p
Me1_w_000165	partir	partir	VERinf	MORPH=empty
Me1_w_000166	et	et	CONcoo	MORPH=empty
Me1_w_000167	deviser	deviser	VERinf	MORPH=empty
Me1_w_000168	Begue	Begues	NOMpro	NOMB.=s|GENRE=m|CAS=n
Me1_w_000169	donna	doner	VERcjg	MODE=ind|TEMPS=psp|PERS.=3|NOMB.=s
Me1_w_000170	le	le	DETdef	NOMB.=s|GENRE=m|CAS=r
Me1_w_000171	sien	suen	PROpos	PERS.=3|NOMB.=s|GENRE=m|CAS=r
Me1_w_000172	ki	qui	PROrel	NOMB.=s|GENRE=m|CAS=n
Me1_w_000173	mout	mout	ADVgen	DEGRE=-
Me1_w_000174	fut	estre1	VERcjg	MODE=ind|TEMPS=psp|PERS.=3|NOMB.=s
Me1_w_000175	ber	baron	NOMcom	NOMB.=s|GENRE=m|CAS=n
Me1_w_000176	Vers	vers2	PRE	MORPH=empty
Me1_w_000177	Flandres	Flandres	NOMpro	NOMB.=s|GENRE=x|CAS=r
Me1_w_000178	tournent	torner	VERcjg	MODE=ind|TEMPS=pst|PERS.=3|NOMB.=p
Me1_w_000179	pour	por2	PRE	MORPH=empty
Me1_w_000180	le	le	DETdef	NOMB.=s|GENRE=f|CAS=r
Me1_w_000181	terre	terre	NOMcom	NOMB.=s|GENRE=f|CAS=r
Me1_w_000182	gaster	gaster	VERinf	MORPH=empty
Me1_w_000183	Et	et	CONcoo	MORPH=empty
Me1_w_000184	Flamenc	Flamenc	NOMpro	NOMB.=p|GENRE=m|CAS=n
Me1_w_000185	vinrent	venir	VERcjg	MODE=ind|TEMPS=psp|PERS.=3|NOMB.=p
Me1_w_000186	au	a3+le	PRE.DETdef	NOMB.=s|GENRE=m|CAS=r
Me1_w_000187	roy	roi2	NOMcom	NOMB.=s|GENRE=m|CAS=r
Me1_w_000188	merchi	merci	NOMcom	NOMB.=s|GENRE=f|CAS=r
Me1_w_000189	crier	crïer1	VERinf	MORPH=empty
Me1_w_000190	Hé	e2	INJ	MORPH=empty
Me1_w_000191	gentieus	gentil	ADJqua	NOMB.=s|GENRE=m|CAS=n|DEGRE=p
Me1_w_000192	roys	roi2	NOMcom	NOMB.=s|GENRE=m|CAS=n
Me1_w_000193	aiiés	avoir	VERcjg	MODE=imp|PERS.=2|NOMB.=p
Me1_w_000194	de	de	PRE	MORPH=empty
Me1_w_000195	nous	nos1	PROper	PERS.=1|NOMB.=p|GENRE=m|CAS=i
Me1_w_000196	pité	pitié	NOMcom	NOMB.=s|GENRE=f|CAS=r
Me1_w_000197	Que	que4	CONsub	MORPH=empty
Me1_w_000198	[ne]	ne1	ADVneg	MORPH=empty
Me1_w_000199	nous	nos1	PROper	PERS.=1|NOMB.=p|GENRE=m|CAS=i
Me1_w_000200	faites	faire	VERcjg	MODE=ind|TEMPS=pst|PERS.=3|NOMB.=p
Me1_w_000201	nostre	nostre	DETpos	PERS.=1|NOMB.=s|GENRE=f|CAS=r
Me1_w_000202	terre	terre	NOMcom	NOMB.=s|GENRE=f|CAS=r
Me1_w_000203	gaster	gaster	VERinf	MORPH=empty
Me1_w_000204	Mais	mais1	CONcoo	MORPH=empty
Me1_w_000205	ainc	ainc	ADVgen	DEGRE=-
Me1_w_000206	ne	ne1	ADVneg	MORPH=empty
Me1_w_000207	porent	pöoir	VERcjg	MODE=ind|TEMPS=psp|PERS.=3|NOMB.=p
Me1_w_000208	au	a3+le	PRE.DETdef	NOMB.=s|GENRE=m|CAS=r
Me1_w_000209	roy	roi2	NOMcom	NOMB.=s|GENRE=m|CAS=r
Me1_w_000210	merchi	merci	NOMcom	NOMB.=s|GENRE=f|CAS=r
Me1_w_000211	trouver	trover	VERinf	MORPH=empty
Me1_w_000212	Devant	devant	PRE	MORPH=empty
Me1_w_000213	le	le	DETdef	NOMB.=s|GENRE=m|CAS=r
Me1_w_000214	roy	roi2	NOMcom	NOMB.=s|GENRE=m|CAS=r
Me1_w_000215	en	en2	PROadv	MORPH=empty
Me1_w_000216	sont	estre1	VERcjg	MODE=ind|TEMPS=pst|PERS.=3|NOMB.=p
Me1_w_000217	venu	venir	VERppe	NOMB.=p|GENRE=m|CAS=n
Me1_w_000218	ester	ester	VERinf	MORPH=empty
Me1_w_000219	Begue	Begues	NOMpro	NOMB.=s|GENRE=m|CAS=n
Me1_w_000220	li	le	DETdef	NOMB.=s|GENRE=m|CAS=n
Me1_w_000221	dus	duc2	NOMcom	NOMB.=s|GENRE=m|CAS=n
Me1_w_000222	qui	qui	PROrel	NOMB.=s|GENRE=m|CAS=n
Me1_w_000223	mout	mout	ADVgen	DEGRE=-
Me1_w_000224	fist	faire	VERcjg	MODE=ind|TEMPS=psp|PERS.=3|NOMB.=s
Me1_w_000225	a	a3	PRE	MORPH=empty
Me1_w_000226	loer	löer1	VERinf	MORPH=empty
Me1_w_000227	Et	et	CONcoo	MORPH=empty
Me1_w_000228	dist	dire	VERcjg	MODE=ind|TEMPS=pst|PERS.=3|NOMB.=s
Me1_w_000229	au	a3+le	PRE.DETdef	NOMB.=s|GENRE=m|CAS=r
Me1_w_000230	roy	roi2	NOMcom	NOMB.=s|GENRE=m|CAS=r
Me1_w_000231	Tout	tot	PROind	NOMB.=p|GENRE=m|CAS=r
Me1_w_000232	çou	ce2	PROdem	NOMB.=p|GENRE=m|CAS=r
Me1_w_000233	laiiés	laissier	VERcjg	MODE=imp|PERS.=2|NOMB.=p
Me1_w_000234	ester	ester	VERinf	MORPH=empty
Me1_w_000235	Qui	qui	PROrel	NOMB.=s|GENRE=m|CAS=n
Me1_w_000236	merchi	merci	NOMcom	NOMB.=s|GENRE=f|CAS=r
Me1_w_000237	crie	crïer1	VERcjg	MODE=ind|TEMPS=pst|PERS.=3|NOMB.=s
Me1_w_000238	il	il	PROper	PERS.=3|NOMB.=s|GENRE=m|CAS=n
Me1_w_000239	le	il	PROper	PERS.=3|NOMB.=s|GENRE=f|CAS=r
Me1_w_000240	doit	devoir	VERcjg	MODE=ind|TEMPS=pst|PERS.=3|NOMB.=s
Me1_w_000241	bien	bien1	ADVgen	DEGRE=p
Me1_w_000242	trouver	trover	VERinf	MORPH=empty
Me1_w_000243	Dieus	dieu	NOMpro	NOMB.=s|GENRE=m|CAS=n
Me1_w_000244	le	il	PROimp	PERS.=0|NOMB.=s|GENRE=n|CAS=r
Me1_w_000245	commande	comander	VERcjg	MODE=ind|TEMPS=pst|PERS.=3|NOMB.=s
Me1_w_000246	ki	qui	PROrel	NOMB.=s|GENRE=m|CAS=n
Me1_w_000247	tout	tot	PROind	NOMB.=s|GENRE=n|CAS=r
Me1_w_000248	a	avoir	VERcjg	MODE=ind|TEMPS=pst|PERS.=3|NOMB.=s
Me1_w_000249	a	a3	PRE	MORPH=empty
Me1_w_000250	sauver	sauver	VERinf	MORPH=empty
Me1_w_000251	Dont	donc	ADVgen	DEGRE=-
Me1_w_000252	dient	dire	VERcjg	MODE=ind|TEMPS=pst|PERS.=3|NOMB.=p
Me1_w_000253	tout	tot	PROind	NOMB.=p|GENRE=m|CAS=n
Me1_w_000254	Ychils	icel	PROdem	NOMB.=s|GENRE=m|CAS=n
Me1_w_000255	estera	estre1	VERcjg	MODE=ind|TEMPS=fut|PERS.=3|NOMB.=s
Me1_w_000256	ber	baron	ADJqua	NOMB.=s|GENRE=m|CAS=n|DEGRE=p
Me1_w_000257	Et	et	CONcoo	MORPH=empty
Me1_w_000258	s	se	CONsub	MORPH=empty
Me1_w_000259	il	il	PROper	PERS.=3|NOMB.=s|GENRE=m|CAS=n
Me1_w_000260	est	estre1	VERcjg	MODE=ind|TEMPS=pst|PERS.=3|NOMB.=s
Me1_w_000261	saiges	sage	ADJqua	NOMB.=s|GENRE=m|CAS=n|DEGRE=p
Me1_w_000262	il	il	PROper	PERS.=3|NOMB.=s|GENRE=m|CAS=n
Me1_w_000263	peut	pöoir	VERcjg	MODE=ind|TEMPS=pst|PERS.=3|NOMB.=s
Me1_w_000264	assés	assez	ADVgen	DEGRE=-
Me1_w_000265	donner	doner	VERinf	MORPH=empty
Me1_w_000266	La	le	DETdef	NOMB.=s|GENRE=f|CAS=r
Me1_w_000267	trieve	trieue	NOMcom	NOMB.=s|GENRE=f|CAS=r
Me1_w_000268	donnent	doner	VERcjg	MODE=ind|TEMPS=pst|PERS.=3|NOMB.=p
Me1_w_000269	et	et	CONcoo	MORPH=empty
Me1_w_000270	si	si	ADVgen	DEGRE=-
Me1_w_000271	font	faire	VERcjg	MODE=ind|TEMPS=pst|PERS.=3|NOMB.=p
Me1_w_000272	pais	pais	NOMcom	NOMB.=s|GENRE=f|CAS=r
Me1_w_000273	fremer	fermer	VERinf	MORPH=empty
Me1_w_000274	Adont	adonc	ADVgen	DEGRE=-
Me1_w_000275	parolle	parler	VERcjg	MODE=ind|TEMPS=pst|PERS.=3|NOMB.=s
Me1_w_000276	Garins	Garin	NOMpro	NOMB.=s|GENRE=m|CAS=n
Me1_w_000277	li	le	DETdef	NOMB.=s|GENRE=m|CAS=n
Me1_w_000278	gentieus	gentil	ADJqua	NOMB.=s|GENRE=m|CAS=n|DEGRE=p
Me1_w_000279	ber	baron	NOMcom	NOMB.=s|GENRE=m|CAS=n|DEGRE=p
Me1_w_000280	Sire	seignor	NOMcom	NOMB.=s|GENRE=m|CAS=n
Me1_w_000281	fait	faire	VERcjg	MODE=ind|TEMPS=pst|PERS.=3|NOMB.=s
Me1_w_000282	il	il	PROper	PERS.=3|NOMB.=s|GENRE=m|CAS=n
Me1_w_000283	a	a3	PRE	MORPH=empty
Me1_w_000284	vous	vos	PROper	PERS.=2|NOMB.=p|GENRE=m|CAS=i
Me1_w_000285	me	je	PROper	PERS.=1|NOMB.=s|GENRE=m|CAS=r
Me1_w_000286	veul	voloir	VERcjg	MODE=ind|TEMPS=pst|PERS.=1|NOMB.=s
Me1_w_000287	clamer	clamer	VERinf	MORPH=empty
Me1_w_000288	Roys	roi2	NOMcom	NOMB.=s|GENRE=m|CAS=n
Me1_w_000289	Anseys	Anseïs	NOMpro	NOMB.=s|GENRE=m|CAS=n
Me1_w_000290	me	je	PROper	PERS.=1|NOMB.=s|GENRE=m|CAS=r
Me1_w_000291	veut	voloir	VERcjg	MODE=ind|TEMPS=pst|PERS.=3|NOMB.=s
Me1_w_000292	deshireter	desireter	VERinf	MORPH=empty
Me1_w_000293	Ma	mon1	DETpos	PERS.=1|NOMB.=s|GENRE=f|CAS=r
Me1_w_000294	terre	terre	NOMcom	NOMB.=s|GENRE=f|CAS=r
Me1_w_000295	tient	tenir1	VERcjg	MODE=ind|TEMPS=pst|PERS.=3|NOMB.=s
Me1_w_000296	ke	que2	PROrel	NOMB.=s|GENRE=f|CAS=r
Me1_w_000297	deuïsse	prendre	VERcjg	MODE=sub|TEMPS=ipf|PERS.=1|NOMB.=s
Me1_w_000298	garder	garder	VERinf	MORPH=empty
Me1_w_000299	Nel	ne1+il	ADVneg.PROper	PERS.=3|NOMB.=s|GENRE=m|CAS=r
Me1_w_000300	deüssiés	devoir	VERcjg	MODE=sub|TEMPS=ipf|PERS.=2|NOMB.=p
Me1_w_000301	souffrir	sofrir	VERinf	MORPH=empty
Me1_w_000302	ne	ne2	CONcoo	MORPH=empty
Me1_w_000303	endurer	endurer	VERinf	MORPH=empty
Me1_w_000304	A	a3	PRE	MORPH=empty
Me1_w_000305	vous	vos	PROper	PERS.=2|NOMB.=p|GENRE=m|CAS=i
Me1_w_000306	en	en2	PROadv	MORPH=empty
Me1_w_000307	doit	devoir	VERcjg	MODE=ind|TEMPS=pst|PERS.=3|NOMB.=s
Me1_w_000308	li	le	DETdef	NOMB.=s|GENRE=m|CAS=n
Me1_w_000309	drois	droit	ADJqua	NOMB.=s|GENRE=m|CAS=n|DEGRE=p
Me1_w_000310	fiés	fief	NOMcom	NOMB.=s|GENRE=m|CAS=n
Me1_w_000311	retourner	retorner	VERinf	MORPH=empty
Me1_w_000312	En	en1	PRE	MORPH=empty
Me1_w_000313	toutes	tot	DETind	NOMB.=p|GENRE=f|CAS=r
Me1_w_000314	cours	cort1	NOMcom	NOMB.=p|GENRE=f|CAS=r
Me1_w_000315	garandir	garantir	VERinf	MORPH=empty
Me1_w_000316	le	il	PROimp	PERS.=0|NOMB.=s|GENRE=n|CAS=r
Me1_w_000317	devés	devoir	VERcjg	MODE=ind|TEMPS=pst|PERS.=2|NOMB.=p
Me1_w_000318	Faites	faire	VERcjg	MODE=imp|PERS.=2|NOMB.=p
Me1_w_000319	le	il	PROper	PERS.=3|NOMB.=s|GENRE=n|CAS=r
Me1_w_000320	bien	bien1	ADVgen	DEGRE=p
Me1_w_000321	sire	seignor	NOMcom	NOMB.=s|GENRE=m|CAS=n
Me1_w_000322	che	ce1	PROdem	NOMB.=s|GENRE=n|CAS=r
Me1_w_000323	dist	dire	VERcjg	MODE=ind|TEMPS=pst|PERS.=3|NOMB.=s
Me1_w_000324	Hardrés	Hardré	NOMpro	NOMB.=s|GENRE=m|CAS=n
Me1_w_000325	Pour	por2	PRE	MORPH=empty
Me1_w_000326	coi	coi2	PROrel	NOMB.=s|GENRE=n|CAS=r
Me1_w_000327	feriés	faire	VERcjg	MODE=con|PERS.=2|NOMB.=p
Me1_w_000328	vo	vostre	DETpos	PERS.=2|NOMB.=s|GENRE=f|CAS=r
Me1_w_000329	gent	gent1	NOMcom	NOMB.=s|GENRE=f|CAS=r
Me1_w_000330	arier	ariere	ADVgen	DEGRE=-
Me1_w_000331	tourner	torner	VERinf	MORPH=empty
Me1_w_000332	Alons	aler	VERcjg	MODE=imp|PERS.=1|NOMB.=p
Me1_w_000333	a	a3	PRE	MORPH=empty
Me1_w_000334	Mès	Mès	NOMpro	NOMB.=s|GENRE=x|CAS=r
Me1_w_000335	dont	dont	PROrel	NOMB.=s|GENRE=m|CAS=i
Me1_w_000336	j	je	PROper	PERS.=1|NOMB.=s|GENRE=m|CAS=n
Me1_w_000337	oi†e†	öir	VERcjg	MODE=ind|TEMPS=psp|PERS.=1|NOMB.=s
Me1_w_000338	Garin	Garin	NOMpro	NOMB.=s|GENRE=m|CAS=r
Me1_w_000339	parler	parler	VERinf	MORPH=empty
Me1_w_000340	Quant	cant1	CONsub	MORPH=empty
Me1_w_000341	i	i2	PROadv	MORPH=empty
Me1_w_000342	serons	estre1	VERcjg	MODE=ind|TEMPS=fut|PERS.=1|NOMB.=p
Me1_w_000343	faites	faire	VERcjg	MODE=imp|PERS.=2|NOMB.=p
Me1_w_000344	le	le	DETdef	NOMB.=s|GENRE=m|CAS=r
Me1_w_000345	roy	roi2	NOMcom	NOMB.=s|GENRE=m|CAS=r
Me1_w_000346	mander	mander	VERinf	MORPH=empty
Me1_w_000347	Qu	que4	CONsub	MORPH=empty
Me1_w_000348	il	il	PROper	PERS.=3|NOMB.=s|GENRE=m|CAS=n
Me1_w_000349	laist	laissier	VERcjg	MODE=ind|TEMPS=pst|PERS.=3|NOMB.=s
Me1_w_000350	vo	vostre	DETpos	PERS.=2|NOMB.=s|GENRE=f|CAS=r
Me1_w_000351	terre	terre	NOMcom	NOMB.=s|GENRE=f|CAS=r
Me1_w_000352	n	ne1	ADVneg	MORPH=empty
Me1_w_000353	i	i2	PROadv	MORPH=empty
Me1_w_000354	ait	avoir	VERcjg	MODE=ind|TEMPS=pst|PERS.=1|NOMB.=s
Me1_w_000355	soing	soing	NOMcom	NOMB.=s|GENRE=m|CAS=r
Me1_w_000356	d	de	PRE	MORPH=empty
Me1_w_000357	arester	arester	VERinf	MORPH=empty
Me1_w_000358	Et	et	CONcoo	MORPH=empty
Me1_w_000359	s	se	CONsub	MORPH=empty
Me1_w_000360	il	il	PROper	PERS.=3|NOMB.=s|GENRE=m|CAS=n
Me1_w_000361	nel	ne1+il	ADVneg.PROper	PERS.=3|NOMB.=s|GENRE=n|CAS=r
Me1_w_000362	fait	faire	VERcjg	MODE=ind|TEMPS=pst|PERS.=3|NOMB.=s
Me1_w_000363	mais	mais1	CONcoo	MORPH=empty
Me1_w_000364	m	je	PROper	PERS.=1|NOMB.=s|GENRE=m|CAS=r
Me1_w_000365	en	en2	PROadv	MORPH=empty
Me1_w_000366	volras	voloir	VERcjg	MODE=ind|TEMPS=fut|PERS.=2|NOMB.=s
Me1_w_000367	tourner	torner	VERinf	MORPH=empty
Me1_w_000368	Si	si	ADVgen	DEGRE=-
Me1_w_000369	aras	avoir	VERcjg	MODE=ind|TEMPS=fut|PERS.=2|NOMB.=s
Me1_w_000370	fait	faire	VERppe	NOMB.=s|GENRE=m|CAS=r
Me1_w_000371	tout	tot	PROind	NOMB.=s|GENRE=n|CAS=r
Me1_w_000372	jus	jusque	ADVgen	DEGRE=-
Me1_w_000373	la	le	DETdef	NOMB.=s|GENRE=f|CAS=r
Me1_w_000374	tour	tor2	NOMcom	NOMB.=s|GENRE=f|CAS=r
Me1_w_000375	verser	verser1	VERinf	MORPH=empty
Me1_w_000376	Et	et	CONcoo	MORPH=empty
Me1_w_000377	dist	dire	VERcjg	MODE=ind|TEMPS=pst|PERS.=3|NOMB.=s
Me1_w_000378	li	le	DETdef	NOMB.=s|GENRE=m|CAS=n
Me1_w_000379	rois	roi2	NOMcom	NOMB.=s|GENRE=m|CAS=n
Me1_w_000380	Si	si	ADVgen	DEGRE=-
Me1_w_000381	com	come1	CONsub	MORPH=empty
Me1_w_000382	vous	vos	PROper	PERS.=2|NOMB.=p|GENRE=m|CAS=n
Me1_w_000383	commandés	comander	VERcjg	MODE=ind|TEMPS=pst|PERS.=2|NOMB.=p
Me1_w_000384	A	a3	PRE	MORPH=empty
Me1_w_000385	itant	itant	ADVgen	DEGRE=-
Me1_w_000386	font	faire	VERcjg	MODE=ind|TEMPS=pst|PERS.=3|NOMB.=p
Me1_w_000387	les	le	DETdef	NOMB.=p|GENRE=m|CAS=r
Me1_w_000388	grans	grant	ADJqua	NOMB.=p|GENRE=m|CAS=r|DEGRE=p
Me1_w_000389	os	ost	NOMcom	NOMB.=p|GENRE=m|CAS=r
Me1_w_000390	arouter	aroter2	VERinf	MORPH=empty
Me1_w_000391	A	a3	PRE	MORPH=empty
Me1_w_000392	Fromondin	Fromondin	NOMpro	NOMB.=s|GENRE=m|CAS=r
Me1_w_000393	font	faire	VERcjg	MODE=ind|TEMPS=pst|PERS.=3|NOMB.=p
Me1_w_000394	l	le	DETdef	NOMB.=s|GENRE=f|CAS=r
Me1_w_000395	ensaigne	enseigne	NOMcom	NOMB.=s|GENRE=f|CAS=r
Me1_w_000396	porter	porter	VERinf	MORPH=empty
Me1_w_000397	Mout	mout	ADVgen	DEGRE=-
Me1_w_000398	en	en2	PROadv	MORPH=empty
Me1_w_000399	sont	estre1	VERcjg	MODE=ind|TEMPS=pst|PERS.=3|NOMB.=p
Me1_w_000400	lié	lié1	ADJqua	NOMB.=p|GENRE=m|CAS=n|DEGRE=p
Me1_w_000401	chil	cel	PROdem	NOMB.=p|GENRE=m|CAS=n
Me1_w_000402	legier	legier2	ADJqua	NOMB.=p|GENRE=m|CAS=n|DEGRE=p
Me1_w_000403	baceler	bacheler	NOMcom	NOMB.=p|GENRE=m|CAS=n
Me1_w_000404	Ensanble	ensemble	ADVgen	DEGRE=-
Me1_w_000405	en	en2	PROadv	MORPH=empty
Me1_w_000406	vont	aler	VERcjg	MODE=ind|TEMPS=pst|PERS.=3|NOMB.=p
Me1_w_000407	cui	cui	PROrel	NOMB.=s|GENRE=m|CAS=n
Me1_w_000408	qu	que2	PROrel	NOMB.=s|GENRE=m|CAS=r
Me1_w_000409	en	en2	PROadv	MORPH=empty
Me1_w_000410	doie	devoir	VERcjg	MODE=sub|TEMPS=pst|PERS.=3|NOMB.=s
Me1_w_000411	peser	peser	VERinf	MORPH=empty
Me1_w_000412	A	a3	PRE	MORPH=empty
Me1_w_000413	Mès	Mès	NOMpro	NOMB.=s|GENRE=x|CAS=r
Me1_w_000414	en	en2	PROadv	MORPH=empty
Me1_w_000415	vinrent	venir	VERcjg	MODE=ind|TEMPS=psp|PERS.=3|NOMB.=p
Me1_w_000416	droit	droit	ADVgen	DEGRE=-
Me1_w_000417	a	a3	PRE	MORPH=empty
Me1_w_000418	j	un	DETcar	NOMB.=s|GENRE=m|CAS=r
Me1_w_000419	ajourner	ajorner	NOMcom	NOMB.=s|GENRE=m|CAS=r
Me1_w_000420	Dont	dont	PROrel	NOMB.=s|GENRE=m|CAS=i
Me1_w_000421	fissent	faire	VERcjg	MODE=ind|TEMPS=psp|PERS.=3|NOMB.=p
Me1_w_000422	trés	tref2	NOMcom	NOMB.=p|GENRE=m|CAS=r
Me1_w_000423	et	et	CONcoo	MORPH=empty
Me1_w_000424	pavillons	paveillon	NOMcom	NOMB.=p|GENRE=m|CAS=r
Me1_w_000425	lever	lever	VERinf	MORPH=empty
Me1_w_000426	Lor	lor2	DETpos	PERS.=3|NOMB.=p|GENRE=m|CAS=r
Me1_w_000427	mesaigiers	messagier	NOMcom	NOMB.=p|GENRE=m|CAS=r
Me1_w_000428	font	faire	VERcjg	MODE=ind|TEMPS=pst|PERS.=3|NOMB.=p
Me1_w_000429	en	en1	PRE	MORPH=empty
Me1_w_000430	la	le	DETdef	NOMB.=s|GENRE=f|CAS=r
Me1_w_000431	vile	vile	NOMcom	NOMB.=s|GENRE=f|CAS=r
Me1_w_000432	entrer	entrer	VERinf	MORPH=empty
Me1_w_000433	Parler	parler	VERinf	MORPH=empty
Me1_w_000434	au	a3+le	PRE.DETdef	NOMB.=s|GENRE=m|CAS=r
Me1_w_000435	roy	roi2	NOMcom	NOMB.=s|GENRE=m|CAS=r
Me1_w_000436	k	que4	CONsub	MORPH=empty
Me1_w_000437	il	il	PROper	PERS.=3|NOMB.=p|GENRE=m|CAS=n
Me1_w_000438	le	il	PROper	PERS.=3|NOMB.=s|GENRE=m|CAS=r
Me1_w_000439	cuident	cuidier1	VERcjg	MODE=ind|TEMPS=pst|PERS.=3|NOMB.=p
Me1_w_000440	trouver	trover	VERinf	MORPH=empty
Me1_w_000441	En	en1	PRE	MORPH=empty
Me1_w_000442	la	le	DETdef	NOMB.=s|GENRE=f|CAS=r
Me1_w_000443	vile	vile	NOMcom	NOMB.=s|GENRE=f|CAS=r
Me1_w_000444	entrent	entrer	VERcjg	MODE=ind|TEMPS=pst|PERS.=3|NOMB.=p
Me1_w_000445	li	le	DETdef	NOMB.=p|GENRE=m|CAS=n
Me1_w_000446	mesaige	message2	NOMcom	NOMB.=p|GENRE=m|CAS=n
Me1_w_000447	Pepin	Pepin	NOMpro	NOMB.=s|GENRE=m|CAS=r
Me1_w_000448	Parler	parler	VERinf	MORPH=empty
Me1_w_000449	au	a3+le	PRE.DETdef	NOMB.=s|GENRE=m|CAS=r
Me1_w_000450	roy	roi2	NOMcom	NOMB.=s|GENRE=m|CAS=r
Me1_w_000451	se	se	CONsub	MORPH=empty
Me1_w_000452	le	il	PROper	PERS.=3|NOMB.=s|GENRE=m|CAS=r
Me1_w_000453	pevent	pöoir	VERcjg	MODE=ind|TEMPS=pst|PERS.=3|NOMB.=p
Me1_w_000454	veïr	vëoir	VERinf	MORPH=empty
Me1_w_000455	Parla	parler	VERcjg	MODE=ind|TEMPS=psp|PERS.=3|NOMB.=s
Me1_w_000456	premiers	premier	ADJord	NOMB.=s|GENRE=m|CAS=n
Me1_w_000457	Hardrés	Hardré	NOMpro	NOMB.=s|GENRE=m|CAS=n
Me1_w_000458	au	a3+le	PRE.DETdef	NOMB.=s|GENRE=m|CAS=r
Me1_w_000459	poil	poil	NOMcom	NOMB.=s|GENRE=m|CAS=r
Me1_w_000460	flouri	florir	VERppe	NOMB.=s|GENRE=m|CAS=r
Me1_w_000461	Nostre	nostre	DETpos	PERS.=1|NOMB.=s|GENRE=m|CAS=n
Me1_w_000462	empereres	emperëor	NOMcom	NOMB.=s|GENRE=m|CAS=n
Me1_w_000463	fait	faire	VERcjg	MODE=ind|TEMPS=pst|PERS.=3|NOMB.=s
Me1_w_000464	il	il	PROper	PERS.=3|NOMB.=s|GENRE=m|CAS=n
Me1_w_000465	m	je	PROper	PERS.=1|NOMB.=s|GENRE=m|CAS=r
Me1_w_000466	envoie	envoiier	VERcjg	MODE=ind|TEMPS=pst|PERS.=3|NOMB.=s
Me1_w_000467	chi	ci	ADVgen	DEGRE=-
Me1_w_000468	Des	de+le	PRE.DETdef	NOMB.=p|GENRE=m|CAS=r
Me1_w_000469	fiés	fief	NOMcom	NOMB.=p|GENRE=m|CAS=r
Me1_w_000470	le	le	DETdef	NOMB.=s|GENRE=m|CAS=r
Me1_w_000471	roi	roi2	NOMcom	NOMB.=s|GENRE=m|CAS=r
Me1_w_000472	estes	estre1	VERcjg	MODE=ind|TEMPS=pst|PERS.=2|NOMB.=p
Me1_w_000473	a	a3	PRE	MORPH=empty
Me1_w_000474	tort	tort2	NOMcom	NOMB.=s|GENRE=m|CAS=r
Me1_w_000475	saisi	saisir	VERppe	NOMB.=s|GENRE=m|CAS=n
Me1_w_000476	Par	par	PRE	MORPH=empty
Me1_w_000477	moi	je	PROper	PERS.=1|NOMB.=s|GENRE=m|CAS=i
Me1_w_000478	vous	vos	PROper	PERS.=2|NOMB.=p|GENRE=m|CAS=i
Me1_w_000479	mande	mander	VERcjg	MODE=ind|TEMPS=pst|PERS.=3|NOMB.=s
Me1_w_000480	ke	que2	PROrel	NOMB.=s|GENRE=m|CAS=r
Me1_w_000481	vous	vos	PROper	PERS.=2|NOMB.=p|GENRE=m|CAS=n
Me1_w_000482	veés	vëoir	VERcjg	MODE=ind|TEMPS=pst|PERS.=2|NOMB.=p
Me1_w_000483	ychi	ici	ADVgen	DEGRE=-
Me1_w_000484	Que	que2	PROrel	NOMB.=s|GENRE=m|CAS=r
Me1_w_000485	li	il	PROper	PERS.=3|NOMB.=s|GENRE=m|CAS=i
Me1_w_000486	rendés	rendre	VERcjg	MODE=ind|TEMPS=pst|PERS.=2|NOMB.=p
Me1_w_000487	sa	son4	DETpos	PERS.=3|NOMB.=s|GENRE=f|CAS=r
Me1_w_000488	terre	terre	NOMcom	NOMB.=s|GENRE=f|CAS=r
Me1_w_000489	et	et	CONcoo	MORPH=empty
Me1_w_000490	son	son4	DETpos	PERS.=3|NOMB.=s|GENRE=m|CAS=r
Me1_w_000491	paiis	päis	NOMcom	NOMB.=s|GENRE=m|CAS=r
Me1_w_000492	J	je	PROper	PERS.=1|NOMB.=s|GENRE=m|CAS=n
Me1_w_000493	en	en2	PROadv	MORPH=empty
Me1_w_000494	parlerai	parler	VERcjg	MODE=ind|TEMPS=fut|PERS.=1|NOMB.=s
Me1_w_000495	sire	seignor	NOMcom	NOMB.=s|GENRE=m|CAS=n
Me1_w_000496	dist	dire	VERcjg	MODE=ind|TEMPS=pst|PERS.=3|NOMB.=s
Me1_w_000497	Anseys	Anseïs	NOMpro	NOMB.=s|GENRE=m|CAS=n
Me1_w_000498	Vous	vos	PROper	PERS.=2|NOMB.=p|GENRE=m|CAS=n
Me1_w_000499	ferés	faire	VERcjg	MODE=ind|TEMPS=fut|PERS.=2|NOMB.=p
Me1_w_000500	bien	bien1	ADVgen	DEGRE=p
Me1_w_000501	sire	seignor	NOMcom	NOMB.=s|GENRE=m|CAS=n
Me1_w_000502	Hardrés	Hardré	NOMpro	NOMB.=s|GENRE=m|CAS=n
Me1_w_000503	a	avoir	VERcjg	MODE=ind|TEMPS=pst|PERS.=3|NOMB.=s
Me1_w_000504	dit	dire	VERppe	NOMB.=s|GENRE=m|CAS=r
Me1_w_000505	Car	car	CONcoo	MORPH=empty
Me1_w_000506	bien	bien1	ADVgen	DEGRE=p
Me1_w_000507	sachiés	savoir	VERcjg	MODE=imp|PERS.=2|NOMB.=p
Me1_w_000508	qu	que4	CONsub	MORPH=empty
Me1_w_000509	en	en2	PROadv	MORPH=empty
Me1_w_000510	poroit	pöoir	VERcjg	MODE=con|PERS.=3|NOMB.=s
Me1_w_000511	estre	estre1	VERinf	MORPH=empty
Me1_w_000512	pis	pis1	ADVgen	DEGRE=c
Me1_w_000513	Anseys	Anseïs	NOMpro	NOMB.=s|GENRE=m|CAS=n
Me1_w_000514	fait	faire	VERcjg	MODE=ind|TEMPS=pst|PERS.=3|NOMB.=s
Me1_w_000515	la	le	DETdef	NOMB.=s|GENRE=f|CAS=r
Me1_w_000516	gent	gent1	NOMcom	NOMB.=s|GENRE=f|CAS=r
Me1_w_000517	a	a3	PRE	MORPH=empty
Me1_w_000518	lui	il	PROper	PERS.=3|NOMB.=s|GENRE=m|CAS=i
Me1_w_000519	venir	venir	VERinf	MORPH=empty
Me1_w_000520	Consilliés	conseillier1	VERcjg	MODE=imp|PERS.=2|NOMB.=p
Me1_w_000521	moi	je	PROper	PERS.=1|NOMB.=s|GENRE=m|CAS=r
Me1_w_000522	signeur	seignor	NOMcom	NOMB.=s|GENRE=m|CAS=n
Me1_w_000523	baron	baron	NOMcom	NOMB.=p|GENRE=m|CAS=n
Me1_w_000524	fait	faire	VERcjg	MODE=ind|TEMPS=pst|PERS.=3|NOMB.=s
Me1_w_000525	il	il	PROper	PERS.=3|NOMB.=s|GENRE=m|CAS=n
Me1_w_000526	Bien	bien1	ADVgen	DEGRE=p
Me1_w_000527	sai	savoir	VERcjg	MODE=ind|TEMPS=pst|PERS.=1|NOMB.=s
Me1_w_000528	ke	que4	CONsub	MORPH=empty
Me1_w_000529	tieng	tenir1	VERcjg	MODE=ind|TEMPS=pst|PERS.=1|NOMB.=s
Me1_w_000530	a	a3	PRE	MORPH=empty
Me1_w_000531	tort	tort2	NOMcom	NOMB.=s|GENRE=m|CAS=r
Me1_w_000532	le	le	DETdef	NOMB.=s|GENRE=m|CAS=r
Me1_w_000533	fief	fief	NOMcom	NOMB.=s|GENRE=m|CAS=r
Me1_w_000534	Pepin	Pepin	NOMpro	NOMB.=s|GENRE=m|CAS=r
Me1_w_000535	Et	et	CONcoo	MORPH=empty
Me1_w_000536	si	si	ADVgen	DEGRE=-
Me1_w_000537	nel	ne1+il	ADVneg.PROper	PERS.=3|NOMB.=s|GENRE=m|CAS=r
Me1_w_000538	puis	pöoir	VERcjg	MODE=ind|TEMPS=pst|PERS.=1|NOMB.=s
Me1_w_000539	contre	contre	PRE	MORPH=empty
Me1_w_000540	lui	il	PROper	PERS.=3|NOMB.=s|GENRE=m|CAS=i
Me1_w_000541	garentir	garantir	VERinf	MORPH=empty
Me1_w_000542	K	que3	PROint	NOMB.=s|GENRE=m|CAS=r
Me1_w_000543	en	en2	PROadv	MORPH=empty
Me1_w_000544	loés	löer1	VERcjg	MODE=ind|TEMPS=pst|PERS.=2|NOMB.=p
Me1_w_000545	vous	vos	PROper	PERS.=2|NOMB.=p|GENRE=m|CAS=n
Me1_w_000546	franc	franc1	ADJqua	NOMB.=s|GENRE=m|CAS=n|DEGRE=p
Me1_w_000547	chevalier	chevalier	NOMcom	NOMB.=s|GENRE=m|CAS=n
Me1_w_000548	gentil	gentil	ADJqua	NOMB.=s|GENRE=m|CAS=n|DEGRE=p
Me1_w_000549	Rendés	rendre	VERcjg	MODE=imp|PERS.=2|NOMB.=p
Me1_w_000550	li	il	PROper	PERS.=3|NOMB.=s|GENRE=m|CAS=i
Me1_w_000551	sire	seignor	NOMcom	NOMB.=s|GENRE=m|CAS=n
Me1_w_000552	pour	por2	PRE	MORPH=empty
Me1_w_000553	Dieu	dieu	NOMpro	NOMB.=s|GENRE=m|CAS=r
Me1_w_000554	ki	qui	PROrel	NOMB.=s|GENRE=m|CAS=n
Me1_w_000555	ne	ne1	ADVneg	MORPH=empty
Me1_w_000556	menti	mentir	VERcjg	MODE=ind|TEMPS=psp|PERS.=3|NOMB.=s
Me1_w_000557	Si	si	ADVgen	DEGRE=-
Me1_w_000558	ert	estre1	VERcjg	MODE=ind|TEMPS=fut|PERS.=3|NOMB.=s
Me1_w_000559	a	a3	PRE	MORPH=empty
Me1_w_000560	pais	pais	NOMcom	NOMB.=s|GENRE=f|CAS=r
Me1_w_000561	li	le	DETdef	NOMB.=s|GENRE=f|CAS=n
Me1_w_000562	terre	terre	NOMcom	NOMB.=s|GENRE=f|CAS=n
Me1_w_000563	et	et	CONcoo	MORPH=empty
Me1_w_000564	li	le	DETdef	NOMB.=s|GENRE=m|CAS=n
Me1_w_000565	paiis	päis	NOMcom	NOMB.=s|GENRE=m|CAS=n
Me1_w_000566	A	a3	PRE	MORPH=empty
Me1_w_000567	ces	ce2	DETdem	NOMB.=p|GENRE=f|CAS=r
Me1_w_000568	paroles	parole	NOMcom	NOMB.=p|GENRE=f|CAS=r
Me1_w_000569	ont	avoir	VERcjg	MODE=ind|TEMPS=pst|PERS.=3|NOMB.=p
Me1_w_000570	fait	faire	VERppe	NOMB.=s|GENRE=m|CAS=r
Me1_w_000571	Garin	Garin	NOMpro	NOMB.=s|GENRE=m|CAS=r
Me1_w_000572	venir	venir	VERinf	MORPH=empty
Me1_w_000573	Si	si	ADVgen	DEGRE=-
Me1_w_000574	li	il	PROper	PERS.=3|NOMB.=s|GENRE=m|CAS=i
Me1_w_000575	rendi	rendre	VERcjg	MODE=ind|TEMPS=psp|PERS.=3|NOMB.=s
Me1_w_000576	quan	cant2	PROind	NOMB.=s|GENRE=m|CAS=r
Me1_w_000577	k	que2	PROrel	NOMB.=s|GENRE=m|CAS=r
Me1_w_000578	il	il	PROper	PERS.=3|NOMB.=s|GENRE=m|CAS=n
Me1_w_000579	y	i2	PROadv	MORPH=empty
Me1_w_000580	dut	devoir	VERcjg	MODE=ind|TEMPS=psp|PERS.=3|NOMB.=s
Me1_w_000581	tenir	tenir1	VERinf	MORPH=empty
Me1_w_000582	Quant	cant1	ADVgen	DEGRE=-
Me1_w_000583	çou	ce1	PROdem	NOMB.=s|GENRE=m|CAS=r
Me1_w_000584	ot	avoir	VERcjg	MODE=ind|TEMPS=psp|PERS.=3|NOMB.=s
Me1_w_000585	fait	faire	VERppe	NOMB.=s|GENRE=m|CAS=r
Me1_w_000586	n	ne1	ADVneg	MORPH=empty
Me1_w_000587	en	en2	PROadv	MORPH=empty
Me1_w_000588	demoura	demorer	VERcjg	MODE=ind|TEMPS=psp|PERS.=3|NOMB.=s
Me1_w_000589	enki	iqui	ADVgen	DEGRE=-
Me1_w_000590	Ançois	ainçois	ADVgen	DEGRE=-
Me1_w_000591	s	soi1	PROper	PERS.=3|NOMB.=s|GENRE=m|CAS=r
Me1_w_000592	en	en2	PROadv	MORPH=empty
Me1_w_000593	va	aler	VERcjg	MODE=ind|TEMPS=pst|PERS.=3|NOMB.=s
Me1_w_000594	arier	ariere	ADVgen	DEGRE=-
Me1_w_000595	en	en1	PRE	MORPH=empty
Me1_w_000596	son	son4	DETpos	PERS.=3|NOMB.=s|GENRE=m|CAS=r
Me1_w_000597	paiis	päis	NOMcom	NOMB.=s|GENRE=m|CAS=r
Me1_w_000598	Chi	ci	ADVgen	DEGRE=-
Me1_w_000599	vous	vos	PROper	PERS.=2|NOMB.=p|GENRE=m|CAS=r
Me1_w_000600	lairons	laissier	VERcjg	MODE=ind|TEMPS=fut|PERS.=1|NOMB.=p
Me1_w_000601	j	un	DETcar	NOMB.=s|GENRE=m|CAS=r
Me1_w_000602	poi	poi	PROind	NOMB.=s|GENRE=m|CAS=r
Me1_w_000603	del	de+le	PRE.DETdef	NOMB.=s|GENRE=m|CAS=r
Me1_w_000604	roy	roi2	NOMcom	NOMB.=s|GENRE=m|CAS=r
Me1_w_000605	Pepin	Pepin	NOMpro	NOMB.=s|GENRE=m|CAS=r
Me1_w_000606	Si	si	ADVgen	DEGRE=-
Me1_w_000607	vous	vos	PROper	PERS.=2|NOMB.=p|GENRE=m|CAS=i
Me1_w_000608	dirons	dire	VERcjg	MODE=ind|TEMPS=fut|PERS.=1|NOMB.=p
Me1_w_000609	del	de+le	PRE.DETdef	NOMB.=s|GENRE=m|CAS=r
Me1_w_000610	riche	riche	ADJqua	NOMB.=s|GENRE=m|CAS=r|DEGRE=p
Me1_w_000611	roy	roi2	NOMcom	NOMB.=s|GENRE=m|CAS=r
Me1_w_000612	Tieri	Thierri	NOMpro	NOMB.=s|GENRE=m|CAS=r
Me1_w_000613	Moriane	Moriane	NOMpro	NOMB.=s|GENRE=f|CAS=r
Me1_w_000614	ot	avoir	VERcjg	MODE=ind|TEMPS=psp|PERS.=3|NOMB.=s
Me1_w_000615	et	et	CONcoo	MORPH=empty
Me1_w_000616	Val—parfonde	Val-Parfonde	NOMpro	NOMB.=s|GENRE=f|CAS=r
Me1_w_000617	ausi	aussi	ADVgen	DEGRE=-
Me1_w_000618	Li	le	DETdef	NOMB.=p|GENRE=m|CAS=n
Me1_w_000619	iiij	catre	ADJcar	NOMB.=p|GENRE=m|CAS=n
Me1_w_000620	roy	roi2	NOMcom	NOMB.=p|GENRE=m|CAS=n
Me1_w_000621	sont	estre1	VERcjg	MODE=ind|TEMPS=pst|PERS.=3|NOMB.=p
Me1_w_000622	en	en1	PRE	MORPH=empty
Me1_w_000623	sa	son4	DETpos	PERS.=3|NOMB.=s|GENRE=f|CAS=r
Me1_w_000624	terre	terre	NOMcom	NOMB.=s|GENRE=f|CAS=r
Me1_w_000625	mis	metre2	VERppe	NOMB.=p|GENRE=m|CAS=n
Me1_w_000626	Toute	tot	ADJind	NOMB.=s|GENRE=f|CAS=r
Me1_w_000627	li	il	PROper	PERS.=3|NOMB.=s|GENRE=m|CAS=i
Me1_w_000628	gastent	gaster	VERcjg	MODE=ind|TEMPS=pst|PERS.=3|NOMB.=p
Me1_w_000629	sa	son4	DETpos	PERS.=3|NOMB.=s|GENRE=f|CAS=r
Me1_w_000630	terre	terre	NOMcom	NOMB.=s|GENRE=f|CAS=r
Me1_w_000631	et	et	CONcoo	MORPH=empty
Me1_w_000632	son	son4	DETpos	PERS.=3|NOMB.=s|GENRE=m|CAS=r
Me1_w_000633	paiis	päis	NOMcom	NOMB.=s|GENRE=m|CAS=r
Me1_w_000634	Il	il	PROper	PERS.=3|NOMB.=s|GENRE=m|CAS=n
Me1_w_000635	prent	prendre	VERcjg	MODE=ind|TEMPS=pst|PERS.=3|NOMB.=s
Me1_w_000636	consel	conseil	NOMcom	NOMB.=s|GENRE=m|CAS=r
Me1_w_000637	comment	coment1	ADVint	MORPH=empty
Me1_w_000638	pora	pöoir	VERcjg	MODE=ind|TEMPS=fut|PERS.=3|NOMB.=s
Me1_w_000639	garir	garir	VERinf	MORPH=empty
Me1_w_000640	Ses	son4	DETpos	PERS.=3|NOMB.=p|GENRE=m|CAS=r
Me1_w_000641	mesaigiers	messagier	NOMcom	NOMB.=p|GENRE=m|CAS=r
Me1_w_000642	envoia	envoiier	VERcjg	MODE=ind|TEMPS=psp|PERS.=3|NOMB.=s
Me1_w_000643	a	a3	PRE	MORPH=empty
Me1_w_000644	Pepin	Pepin	NOMpro	NOMB.=s|GENRE=m|CAS=r
Me1_w_000645	Joffroy	Gefrei	NOMpro	NOMB.=s|GENRE=m|CAS=r
Me1_w_000646	Gautier	Gautier	NOMpro	NOMB.=s|GENRE=m|CAS=r
Me1_w_000647	et	et	CONcoo	MORPH=empty
Me1_w_000648	conte	conte1	NOMcom	NOMB.=s|GENRE=m|CAS=r
Me1_w_000649	Bauduïn	Baudoïn	NOMpro	NOMB.=s|GENRE=m|CAS=r
Me1_w_000650	De	de	PRE	MORPH=empty
Me1_w_000651	Val—parfonde	Val-Parfonde	NOMpro	NOMB.=s|GENRE=f|CAS=r
Me1_w_000652	se	soi1	PROper	PERS.=3|NOMB.=p|GENRE=m|CAS=r
Me1_w_000653	sont	estre1	VERcjg	MODE=ind|TEMPS=pst|PERS.=3|NOMB.=p
Me1_w_000654	en	en1	PRE	MORPH=empty
Me1_w_000655	France	France	NOMpro	NOMB.=s|GENRE=f|CAS=r
Me1_w_000656	mis	metre2	VERppe	NOMB.=p|GENRE=m|CAS=n
Me1_w_000657	Ainc	ainc	ADVgen	DEGRE=-
Me1_w_000658	ne	ne1	ADVneg	MORPH=empty
Me1_w_000659	finerent	finer	VERcjg	MODE=ind|TEMPS=psp|PERS.=3|NOMB.=p
Me1_w_000660	si	si	ADVgen	DEGRE=-
Me1_w_000661	vinrent	venir	VERcjg	MODE=ind|TEMPS=psp|PERS.=3|NOMB.=p
Me1_w_000662	a	a3	PRE	MORPH=empty
Me1_w_000663	Clugny	Clugny	NOMpro	NOMB.=s|GENRE=x|CAS=r
Me1_w_000664	Illeuk	iluec	ADVgen	DEGRE=-
Me1_w_000665	demandent	demander	VERcjg	MODE=ind|TEMPS=pst|PERS.=3|NOMB.=p
Me1_w_000666	nouveles	novele	NOMcom	NOMB.=p|GENRE=f|CAS=r
Me1_w_000667	de	de	PRE	MORPH=empty
Me1_w_000668	Pepin	Pepin	NOMpro	NOMB.=s|GENRE=m|CAS=r
Me1_w_000669	On	on	PROind	NOMB.=s|GENRE=m|CAS=n
Me1_w_000670	leur	il	PROper	PERS.=3|NOMB.=p|GENRE=m|CAS=i
Me1_w_000671	ensaigne	enseignier	VERcjg	MODE=ind|TEMPS=pst|PERS.=3|NOMB.=s
Me1_w_000672	a	a3	PRE	MORPH=empty
Me1_w_000673	Lengres	Lengres	NOMpro	NOMB.=s|GENRE=f|CAS=r
Me1_w_000674	la	le	DETdef	NOMB.=s|GENRE=f|CAS=r
Me1_w_000675	fort	fort	ADJqua	NOMB.=s|GENRE=f|CAS=r|DEGRE=p
Me1_w_000676	cit	cité	NOMcom	NOMB.=s|GENRE=f|CAS=r
Me1_w_000677	La	là	ADVgen	DEGRE=-
Me1_w_000678	tient	tenir1	VERcjg	MODE=ind|TEMPS=pst|PERS.=3|NOMB.=s
Me1_w_000679	sa	son4	DETpos	PERS.=3|NOMB.=s|GENRE=f|CAS=r
Me1_w_000680	court	cort1	NOMcom	NOMB.=s|GENRE=f|CAS=r
Me1_w_000681	ainc	ainc	ADVgen	DEGRE=-
Me1_w_000682	hons	ome	NOMcom	NOMB.=s|GENRE=m|CAS=r
Me1_w_000683	si	si	ADVgen	DEGRE=-
Me1_w_000684	grant	grant	ADJqua	NOMB.=s|GENRE=m|CAS=r|DEGRE=p
Me1_w_000685	ne	ne1	ADVneg	MORPH=empty
Me1_w_000686	vit	vëoir	VERcjg	MODE=ind|TEMPS=psp|PERS.=3|NOMB.=s
Me1_w_000687	Begue	Begues	NOMpro	NOMB.=s|GENRE=m|CAS=n
Me1_w_000688	y	i2	PROadv	MORPH=empty
Me1_w_000689	est	estre1	VERcjg	MODE=ind|TEMPS=pst|PERS.=3|NOMB.=s
Me1_w_000690	et	et	CONcoo	MORPH=empty
Me1_w_000691	ses	son4	DETpos	PERS.=3|NOMB.=s|GENRE=m|CAS=n
Me1_w_000692	freres	frere	NOMcom	NOMB.=s|GENRE=m|CAS=n
Me1_w_000693	Garins	Garin	NOMpro	NOMB.=s|GENRE=m|CAS=n
Me1_w_000694	Hardrés	Hardré	NOMpro	NOMB.=s|GENRE=m|CAS=n
Me1_w_000695	Fromons	Fromund	NOMpro	NOMB.=s|GENRE=m|CAS=n
Me1_w_000696	Guillaumes	Guilaume	NOMpro	NOMB.=s|GENRE=m|CAS=n
Me1_w_000697	li	le	DETdef	NOMB.=s|GENRE=m|CAS=n
Me1_w_000698	marchis	marchis	NOMcom	NOMB.=s|GENRE=m|CAS=n
Me1_w_000699	Es	ez	ADVgen	DEGRE=-
Me1_w_000700	les	le	DETdef	NOMB.=p|GENRE=m|CAS=n
Me1_w_000701	mesaiges	message2	NOMcom	NOMB.=p|GENRE=m|CAS=n
Me1_w_000702	ki	qui	PROrel	NOMB.=p|GENRE=m|CAS=n
Me1_w_000703	vinrent	venir	VERcjg	MODE=ind|TEMPS=psp|PERS.=3|NOMB.=p
Me1_w_000704	a	a3	PRE	MORPH=empty
Me1_w_000705	Pepin	Pepin	NOMpro	NOMB.=s|GENRE=m|CAS=r
Me1_w_000706	Premiers	premier	ADJord	NOMB.=s|GENRE=m|CAS=n
Me1_w_000707	parla	parler	VERcjg	MODE=ind|TEMPS=psp|PERS.=3|NOMB.=s
Me1_w_000708	Joffrois	Gefrei	NOMpro	NOMB.=p|GENRE=m|CAS=n
Me1_w_000709	li	le	DETdef	NOMB.=s|GENRE=m|CAS=n
Me1_w_000710	fieus	fil2	NOMcom	NOMB.=s|GENRE=m|CAS=n
Me1_w_000711	Gaudin	Gaudin	NOMpro	NOMB.=s|GENRE=m|CAS=r
Me1_w_000712	Que	que2	PROrel	NOMB.=s|GENRE=m|CAS=r
Me1_w_000713	bien	bien1	ADVgen	DEGRE=p
Me1_w_000714	l	il	PROper	PERS.=3|NOMB.=s|GENRE=m|CAS=r
Me1_w_000715	oïrent	öir	VERcjg	MODE=ind|TEMPS=psp|PERS.=3|NOMB.=p
Me1_w_000716	Mansiel	Mansel	NOMpro	NOMB.=p|GENRE=m|CAS=n
Me1_w_000717	et	et	CONcoo	MORPH=empty
Me1_w_000718	Angevin	Angevin	NOMpro	NOMB.=p|GENRE=m|CAS=n
Me1_w_000719	Et	et	CONcoo	MORPH=empty
Me1_w_000720	Loherenc	loherenc	NOMpro	NOMB.=p|GENRE=m|CAS=n
Me1_w_000721	Baivier	Baiver	NOMpro	NOMB.=p|GENRE=m|CAS=n
Me1_w_000722	et	et	CONcoo	MORPH=empty
Me1_w_000723	Poitevin	Poitevin	NOMpro	NOMB.=p|GENRE=m|CAS=n
Me1_w_000724	Chieus	cel	DETdem	NOMB.=s|GENRE=m|CAS=n
Me1_w_000725	Damedieu	damnedeu	NOMpro	NOMB.=s|GENRE=m|CAS=n
Me1_w_000726	ki	qui	PROrel	NOMB.=s|GENRE=m|CAS=n
Me1_w_000727	de	de	PRE	MORPH=empty
Me1_w_000728	l	le	DETdef	NOMB.=s|GENRE=f|CAS=r
Me1_w_000729	aige	aigue	NOMcom	NOMB.=s|GENRE=f|CAS=r
Me1_w_000730	fist	faire	VERcjg	MODE=ind|TEMPS=psp|PERS.=3|NOMB.=s
Me1_w_000731	vin	vin	NOMcom	NOMB.=s|GENRE=m|CAS=r
Me1_w_000732	Quant	cant1	CONsub	MORPH=empty
Me1_w_000733	sist	sëoir	VERcjg	MODE=ind|TEMPS=psp|PERS.=3|NOMB.=s
Me1_w_000734	as	a3+le	PRE.DETdef	NOMB.=p|GENRE=f|CAS=r
Me1_w_000735	noces	noce	NOMcom	NOMB.=p|GENRE=f|CAS=r
Me1_w_000736	de	de	PRE	MORPH=empty
Me1_w_000737	Saint	saint	NOMpro	NOMB.=s|GENRE=m|CAS=r|DEGRE=p
Me1_w_000738	Archedeclin	Archedeclin	NOMpro	NOMB.=s|GENRE=m|CAS=r
