Me1_w_000739	dona	doner	VERcjg	MODE=ind|TEMPS=psp|PERS.=3|NOMB.=s
Me1_w_000740	le	le	DETdef	NOMB.=s|GENRE=m|CAS=r
Me1_w_000741	sien	suen	PROpos	PERS.=3|NOMB.=s|GENRE=m|CAS=r
Me1_w_000742	moult	mout	ADVgen	DEGRE=-
Me1_w_000743	en	en2	PROadv	MORPH=empty
Me1_w_000744	fist	faire	VERcjg	MODE=ind|TEMPS=psp|PERS.=3|NOMB.=s
Me1_w_000745	a	a3	PRE	MORPH=empty
Me1_w_000746	loer	löer1	VERinf	MORPH=empty
Me1_w_000747	Vers	vers2	PRE	MORPH=empty
Me1_w_000748	Flandres	Flandres	NOMpro	NOMB.=s|GENRE=x|CAS=r
Me1_w_000749	s	soi1	PROper	PERS.=3|NOMB.=p|GENRE=m|CAS=r
Me1_w_000750	en	en2	PROadv	MORPH=empty
Me1_w_000751	tornerent	torner	VERcjg	MODE=ind|TEMPS=psp|PERS.=3|NOMB.=p
Me1_w_000752	por	por2	PRE	MORPH=empty
Me1_w_000753	le	le	DETdef	NOMB.=s|GENRE=m|CAS=r
Me1_w_000754	regne	regne	NOMcom	NOMB.=s|GENRE=m|CAS=r
Me1_w_000755	gaster	gaster	VERinf	MORPH=empty
Me1_w_000756	Flamens	Flamenc	NOMpro	NOMB.=p|GENRE=m|CAS=n
Me1_w_000757	vienent	venir	VERcjg	MODE=ind|TEMPS=pst|PERS.=3|NOMB.=p
Me1_w_000758	encontre	encontre1	ADVgen	DEGRE=-
Me1_w_000759	por	por2	PRE	MORPH=empty
Me1_w_000760	la	le	DETdef	NOMB.=s|GENRE=f|CAS=r
Me1_w_000761	merci	merci	NOMcom	NOMB.=s|GENRE=f|CAS=r
Me1_w_000762	crier	crïer1	VERinf	MORPH=empty
Me1_w_000763	Mais	mais1	CONcoo	MORPH=empty
Me1_w_000764	onques	onque	ADVgen	DEGRE=-
Me1_w_000765	ne	ne1	ADVneg	MORPH=empty
Me1_w_000766	le	il	PROper	PERS.=3|NOMB.=s|GENRE=m|CAS=r
Me1_w_000767	porent	pöoir	VERcjg	MODE=ind|TEMPS=psp|PERS.=3|NOMB.=p
Me1_w_000768	envers	envers2	PRE	MORPH=empty
Me1_w_000769	le	le	DETdef	NOMB.=s|GENRE=m|CAS=r
Me1_w_000770	roi	roi2	NOMcom	NOMB.=s|GENRE=m|CAS=r
Me1_w_000771	trover	trover	VERinf	MORPH=empty
Me1_w_000772	Come	come1	CONsub	MORPH=empty
Me1_w_000773	Begue	Begues	NOMpro	NOMB.=s|GENRE=m|CAS=n
Me1_w_000774	le	il	PROper	PERS.=3|NOMB.=s|GENRE=m|CAS=r
Me1_w_000775	voit	vëoir	VERcjg	MODE=ind|TEMPS=pst|PERS.=3|NOMB.=s
Me1_w_000776	le	le	DETdef	NOMB.=s|GENRE=m|CAS=r
Me1_w_000777	sens	sens	NOMcom	NOMB.=s|GENRE=m|CAS=r
Me1_w_000778	cuide	cuidier1	VERcjg	MODE=ind|TEMPS=pst|PERS.=3|NOMB.=s
Me1_w_000779	derver	desver	VERinf	MORPH=empty
Me1_w_000780	Devant	devant	PRE	MORPH=empty
Me1_w_000781	le	le	DETdef	NOMB.=s|GENRE=m|CAS=r
Me1_w_000782	roi	roi2	NOMcom	NOMB.=s|GENRE=m|CAS=r
Me1_w_000783	de	de	PRE	MORPH=empty
Me1_w_000784	France	France	NOMpro	NOMB.=s|GENRE=f|CAS=r
Me1_w_000785	s	soi1	PROper	PERS.=3|NOMB.=s|GENRE=m|CAS=r
Me1_w_000786	en	en2	PROadv	MORPH=empty
Me1_w_000787	est	estre1	VERcjg	MODE=ind|TEMPS=pst|PERS.=3|NOMB.=s
Me1_w_000788	venus	venir	VERppe	NOMB.=s|GENRE=m|CAS=n
Me1_w_000789	ester	ester	VERinf	MORPH=empty
Me1_w_000790	Sire	seignor	NOMcom	NOMB.=s|GENRE=m|CAS=n
Me1_w_000791	dist	dire	VERcjg	MODE=ind|TEMPS=pst|PERS.=3|NOMB.=s
Me1_w_000792	il	il	PROper	PERS.=3|NOMB.=s|GENRE=m|CAS=n
Me1_w_000793	al	a3+le	PRE.DETdef	NOMB.=s|GENRE=m|CAS=r
Me1_w_000794	roi	roi2	NOMcom	NOMB.=s|GENRE=m|CAS=r
Me1_w_000795	tot	tot	PROind	NOMB.=p|GENRE=m|CAS=r
Me1_w_000796	ço	ce2	PROdem	NOMB.=p|GENRE=m|CAS=r
Me1_w_000797	laissiés	laissier	VERcjg	MODE=imp|PERS.=2|NOMB.=p
Me1_w_000798	ester	ester	VERinf	MORPH=empty
Me1_w_000799	Li	le	DETdef	NOMB.=s|GENRE=m|CAS=n
Me1_w_000800	hom	ome	NOMcom	NOMB.=s|GENRE=m|CAS=n
Me1_w_000801	ki	qui	PROrel	NOMB.=s|GENRE=m|CAS=n
Me1_w_000802	merci	merci	NOMcom	NOMB.=s|GENRE=f|CAS=r
Me1_w_000803	crie	crïer1	VERcjg	MODE=ind|TEMPS=pst|PERS.=3|NOMB.=s
Me1_w_000804	bien	bien1	ADVgen	DEGRE=p
Me1_w_000805	doit	devoir	VERcjg	MODE=ind|TEMPS=pst|PERS.=3|NOMB.=s
Me1_w_000806	merci	merci	NOMcom	NOMB.=s|GENRE=f|CAS=r
Me1_w_000807	trover	trover	VERinf	MORPH=empty
Me1_w_000808	Jhesus	Jhesu	NOMpro	NOMB.=s|GENRE=m|CAS=n
Me1_w_000809	le	il	PROper	PERS.=3|NOMB.=s|GENRE=m|CAS=r
Me1_w_000810	comanda	comander	VERcjg	MODE=ind|TEMPS=psp|PERS.=3|NOMB.=s
Me1_w_000811	qui	qui	PROrel	NOMB.=s|GENRE=m|CAS=n
Me1_w_000812	tot	tot	PROind	NOMB.=s|GENRE=n|CAS=r
Me1_w_000813	a	avoir	VERcjg	MODE=ind|TEMPS=pst|PERS.=3|NOMB.=s
Me1_w_000814	a	a3	PRE	MORPH=empty
Me1_w_000815	garder	garder	VERinf	MORPH=empty
Me1_w_000816	Dont	dont	PROrel	NOMB.=s|GENRE=n|CAS=r
Me1_w_000817	dient	dire	VERcjg	MODE=ind|TEMPS=pst|PERS.=3|NOMB.=p
Me1_w_000818	par	par	PRE	MORPH=empty
Me1_w_000819	la	le	DETdef	NOMB.=s|GENRE=f|CAS=r
Me1_w_000820	sale	sale1	NOMcom	NOMB.=s|GENRE=f|CAS=r
Me1_w_000821	Cis	cest	PROdem	NOMB.=s|GENRE=m|CAS=n
Me1_w_000822	estera	estre1	VERcjg	MODE=ind|TEMPS=fut|PERS.=3|NOMB.=s
Me1_w_000823	moult	mout	ADVgen	DEGRE=-
Me1_w_000824	ber	baron	ADJqua	NOMB.=s|GENRE=m|CAS=n|DEGRE=p
Me1_w_000825	S	se	CONsub	MORPH=empty
Me1_w_000826	est	estre1	VERcjg	MODE=ind|TEMPS=pst|PERS.=3|NOMB.=s
Me1_w_000827	sage	sage	ADJqua	NOMB.=s|GENRE=m|CAS=n|DEGRE=p
Me1_w_000828	chevaliers	chevalier	NOMcom	NOMB.=s|GENRE=m|CAS=n
Me1_w_000829	moult	mout	ADVgen	DEGRE=-
Me1_w_000830	longes	lonc	ADVgen	DEGRE=-
Me1_w_000831	durer	durer	VERinf	MORPH=empty
Me1_w_000832	Les	le	DETdef	NOMB.=p|GENRE=f|CAS=r
Me1_w_000833	treves	treue	NOMcom	NOMB.=p|GENRE=f|CAS=r
Me1_w_000834	ont	avoir	VERcjg	MODE=ind|TEMPS=pst|PERS.=3|NOMB.=p
Me1_w_000835	données	doner	VERppe	NOMB.=p|GENRE=f|CAS=r
Me1_w_000836	si	si	ADVgen	DEGRE=-
Me1_w_000837	font	faire	VERcjg	MODE=ind|TEMPS=pst|PERS.=3|NOMB.=p
Me1_w_000838	le	le	DETdef	NOMB.=s|GENRE=f|CAS=r
Me1_w_000839	pais	pais	NOMcom	NOMB.=s|GENRE=f|CAS=r
Me1_w_000840	jurer	jurer	VERinf	MORPH=empty
Me1_w_000841	Sire	seignor	NOMcom	NOMB.=s|GENRE=m|CAS=n
Me1_w_000842	ço	ce1	PROdem	NOMB.=s|GENRE=n|CAS=r
Me1_w_000843	dist	dire	VERcjg	MODE=ind|TEMPS=pst|PERS.=3|NOMB.=s
Me1_w_000844	Garins	Garin	NOMpro	NOMB.=s|GENRE=m|CAS=n
Me1_w_000845	or	or4	ADVgen	DEGRE=-
Me1_w_000846	me	je	PROper	PERS.=1|NOMB.=s|GENRE=m|CAS=r
Me1_w_000847	vieng	venir	VERcjg	MODE=ind|TEMPS=pst|PERS.=1|NOMB.=s
Me1_w_000848	jo	je	PROper	PERS.=1|NOMB.=s|GENRE=m|CAS=n
Me1_w_000849	clamer	clamer	VERinf	MORPH=empty
Me1_w_000850	Del	de+le	PRE.DETdef	NOMB.=s|GENRE=m|CAS=r
Me1_w_000851	fort	fort	ADJqua	NOMB.=s|GENRE=m|CAS=r|DEGRE=p
Me1_w_000852	roi	roi2	NOMcom	NOMB.=s|GENRE=m|CAS=r
Me1_w_000853	Anseis	Anseïs	NOMpro	NOMB.=s|GENRE=m|CAS=r
Me1_w_000854	moi	je	PROper	PERS.=1|NOMB.=s|GENRE=m|CAS=r
Me1_w_000855	velt	voloir	VERcjg	MODE=ind|TEMPS=pst|PERS.=3|NOMB.=s
Me1_w_000856	desireter	desireter	VERinf	MORPH=empty
Me1_w_000857	Ki	qui	PROrel	NOMB.=s|GENRE=m|CAS=n
Me1_w_000858	me	je	PROper	PERS.=1|NOMB.=s|GENRE=m|CAS=i
Me1_w_000859	tolt	tolir	VERcjg	MODE=ind|TEMPS=pst|PERS.=3|NOMB.=s
Me1_w_000860	ma	mon1	DETpos	PERS.=1|NOMB.=s|GENRE=f|CAS=r
Me1_w_000861	contrée	contree	NOMcom	NOMB.=s|GENRE=f|CAS=r
Me1_w_000862	que	que2	PROrel	NOMB.=s|GENRE=f|CAS=r
Me1_w_000863	deüsse	devoir	VERcjg	MODE=sub|TEMPS=ipf|PERS.=1|NOMB.=s
Me1_w_000864	garder	garder	VERinf	MORPH=empty
Me1_w_000865	Certes	certes	ADVgen	DEGRE=-
Me1_w_000866	nel	ne1+il	ADVneg.PROper	PERS.=3|NOMB.=s|GENRE=m|CAS=r
Me1_w_000867	deussiés	devoir	VERcjg	MODE=sub|TEMPS=ipf|PERS.=2|NOMB.=p
Me1_w_000868	sofrir	sofrir	VERinf	MORPH=empty
Me1_w_000869	ne	ne2	CONcoo	MORPH=empty
Me1_w_000870	endurer	endurer	VERinf	MORPH=empty
Me1_w_000871	Que	que4	CONsub	MORPH=empty
Me1_w_000872	li	le	DETdef	NOMB.=s|GENRE=m|CAS=n
Me1_w_000873	fiés	fief	NOMcom	NOMB.=s|GENRE=m|CAS=n
Me1_w_000874	doit	devoir	VERcjg	MODE=ind|TEMPS=pst|PERS.=3|NOMB.=s
Me1_w_000875	a	a3	PRE	MORPH=empty
Me1_w_000876	vos	vos	PROper	PERS.=2|NOMB.=p|GENRE=m|CAS=i
Me1_w_000877	venir	venir	VERinf	MORPH=empty
Me1_w_000878	et	et	CONcoo	MORPH=empty
Me1_w_000879	retorner	retorner	VERinf	MORPH=empty
Me1_w_000880	Si	si	ADVgen	DEGRE=-
Me1_w_000881	deüssiés	devoir	VERcjg	MODE=sub|TEMPS=ipf|PERS.=2|NOMB.=p
Me1_w_000882	par	par	PRE	MORPH=empty
Me1_w_000883	tot	tot	DETind	NOMB.=s|GENRE=m|CAS=r
Me1_w_000884	vostre	vostre	DETpos	PERS.=2|NOMB.=s|GENRE=m|CAS=r
Me1_w_000885	droit	droit	NOMcom	NOMB.=s|GENRE=m|CAS=r
Me1_w_000886	delivrer	delivrer	VERinf	MORPH=empty
Me1_w_000887	Faisons	faire	VERcjg	MODE=imp|PERS.=1|NOMB.=p
Me1_w_000888	le	il	PROper	PERS.=3|NOMB.=s|GENRE=m|CAS=r
Me1_w_000889	bien	bien1	ADVgen	DEGRE=p
Me1_w_000890	beau	bel1	ADJqua	NOMB.=s|GENRE=m|CAS=n|DEGRE=p
Me1_w_000891	sire	seignor	NOMcom	NOMB.=s|GENRE=m|CAS=n
Me1_w_000892	ço	ce1	PROdem	NOMB.=s|GENRE=n|CAS=r
Me1_w_000893	dist	dire	VERcjg	MODE=ind|TEMPS=pst|PERS.=3|NOMB.=s
Me1_w_000894	li	le	DETdef	NOMB.=s|GENRE=m|CAS=n
Me1_w_000895	mes	mes3	NOMcom	NOMB.=s|GENRE=m|CAS=n
Me1_w_000896	Hardrés	Hardré	NOMpro	NOMB.=s|GENRE=m|CAS=n
Me1_w_000897	Por	por2	PRE	MORPH=empty
Me1_w_000898	coi	coi2	PROint	NOMB.=s|GENRE=n|CAS=r
Me1_w_000899	feriés	faire	VERcjg	MODE=con|PERS.=2|NOMB.=p
Me1_w_000900	vous	vostre	DETpos	PERS.=2|NOMB.=p|GENRE=m|CAS=n
Me1_w_000901	gens	gent1	NOMcom	NOMB.=p|GENRE=m|CAS=r
Me1_w_000902	ariere	ariere	ADVgen	DEGRE=-
Me1_w_000903	retorner	retorner	VERinf	MORPH=empty
Me1_w_000904	Alons	aler	VERcjg	MODE=imp|PERS.=1|NOMB.=p
Me1_w_000905	nos	nos1	PROper	PERS.=1|NOMB.=p|GENRE=m|CAS=r
Me1_w_000906	en	en2	PROadv	MORPH=empty
Me1_w_000907	a	a3	PRE	MORPH=empty
Me1_w_000908	Mex	Mès	NOMpro	NOMB.=s|GENRE=m|CAS=r
Me1_w_000909	dont	dont	PROrel	NOMB.=s|GENRE=m|CAS=i
Me1_w_000910	j	je	PROper	PERS.=1|NOMB.=s|GENRE=m|CAS=n
Me1_w_000911	oi	avoir	VERcjg	MODE=ind|TEMPS=psp|PERS.=1|NOMB.=s
Me1_w_000912	Garin	Garin	NOMpro	NOMB.=s|GENRE=m|CAS=r
Me1_w_000913	clamer	clamer	VERinf	MORPH=empty
Me1_w_000914	Quant	cant1	CONsub	MORPH=empty
Me1_w_000915	nous	nos1	PROper	PERS.=1|NOMB.=p|GENRE=m|CAS=n
Me1_w_000916	serons	estre1	VERcjg	MODE=ind|TEMPS=fut|PERS.=1|NOMB.=p
Me1_w_000917	devant	devant	ADVgen	DEGRE=-
Me1_w_000918	faisons	faire	VERcjg	MODE=imp|PERS.=1|NOMB.=p
Me1_w_000919	le	le	DETdef	NOMB.=s|GENRE=m|CAS=r
Me1_w_000920	roi	roi2	NOMcom	NOMB.=s|GENRE=m|CAS=r
Me1_w_000921	mander	mander	VERinf	MORPH=empty
Me1_w_000922	Que	que4	CONsub	MORPH=empty
Me1_w_000923	nos	nos1	PROper	PERS.=1|NOMB.=p|GENRE=m|CAS=i
Me1_w_000924	laist	laissier	VERcjg	MODE=ind|TEMPS=pst|PERS.=3|NOMB.=s
Me1_w_000925	vostre	vostre	DETpos	PERS.=2|NOMB.=s|GENRE=f|CAS=r
Me1_w_000926	terre	terre	NOMcom	NOMB.=s|GENRE=f|CAS=r
Me1_w_000927	n	ne1	ADVneg	MORPH=empty
Me1_w_000928	a	avoir	VERcjg	MODE=ind|TEMPS=pst|PERS.=3|NOMB.=s
Me1_w_000929	droit	droit	NOMcom	NOMB.=s|GENRE=m|CAS=r
Me1_w_000930	en	en1	PRE	MORPH=empty
Me1_w_000931	l	le	DETdef	NOMB.=s|GENRE=m|CAS=r
Me1_w_000932	arester	arester	NOMcom	NOMB.=s|GENRE=m|CAS=r
Me1_w_000933	Que	que4	CONsub	MORPH=empty
Me1_w_000934	s	se	CONsub	MORPH=empty
Me1_w_000935	il	il	PROper	PERS.=3|NOMB.=s|GENRE=m|CAS=n
Me1_w_000936	nel	ne1+il	ADVneg.PROper	PERS.=3|NOMB.=s|GENRE=m|CAS=r
Me1_w_000937	fait	faire	VERcjg	MODE=ind|TEMPS=pst|PERS.=3|NOMB.=s
Me1_w_000938	ensi	ainsi	ADVgen	DEGRE=-
Me1_w_000939	ne	ne1	ADVneg	MORPH=empty
Me1_w_000940	vos	vos	PROper	PERS.=2|NOMB.=p|GENRE=m|CAS=n
Me1_w_000941	en	en2	PROadv	MORPH=empty
Me1_w_000942	tornerés	torner	VERcjg	MODE=ind|TEMPS=fut|PERS.=2|NOMB.=p
Me1_w_000943	De	de	PRE	MORPH=empty
Me1_w_000944	ci	ci	ADVgen	DEGRE=-
Me1_w_000945	que	que4	CONsub	MORPH=empty
Me1_w_000946	vos	vos	PROper	PERS.=2|NOMB.=p|GENRE=m|CAS=n
Me1_w_000947	arés	avoir	VERcjg	MODE=ind|TEMPS=fut|PERS.=2|NOMB.=p
Me1_w_000948	les	le	DETdef	NOMB.=p|GENRE=f|CAS=r
Me1_w_000949	tors	tor2	NOMcom	NOMB.=p|GENRE=f|CAS=r
Me1_w_000950	fait	faire	VERppe	NOMB.=s|GENRE=m|CAS=r
Me1_w_000951	cravanter	cravanter	VERinf	MORPH=empty
Me1_w_000952	Jo	je	PROper	PERS.=1|NOMB.=s|GENRE=m|CAS=n
Me1_w_000953	l	il	PROper	PERS.=3|NOMB.=s|GENRE=m|CAS=r
Me1_w_000954	otroi	otroiier	VERcjg	MODE=ind|TEMPS=pst|PERS.=1|NOMB.=s
Me1_w_000955	dist	dire	VERcjg	MODE=ind|TEMPS=pst|PERS.=3|NOMB.=s
Me1_w_000956	li	le	DETdef	NOMB.=s|GENRE=m|CAS=n
Me1_w_000957	rois	roi2	NOMcom	NOMB.=s|GENRE=m|CAS=n
Me1_w_000958	foi	foi	NOMcom	NOMB.=s|GENRE=f|CAS=r
Me1_w_000959	que	que2	PROrel	NOMB.=s|GENRE=f|CAS=r
Me1_w_000960	vos	vos	PROper	PERS.=2|NOMB.=p|GENRE=m|CAS=i
Me1_w_000961	doi	devoir	VERcjg	MODE=ind|TEMPS=pst|PERS.=1|NOMB.=s
Me1_w_000962	porter	porter	VERinf	MORPH=empty
Me1_w_000963	Atant	atant	ADVgen	DEGRE=-
Me1_w_000964	fisent	faire	VERcjg	MODE=ind|TEMPS=psp|PERS.=3|NOMB.=p
Me1_w_000965	les	le	DETdef	NOMB.=p|GENRE=f|CAS=r
Me1_w_000966	os	os2	NOMcom	NOMB.=p|GENRE=f|CAS=r
Me1_w_000967	guencir	guenchir	VERinf	MORPH=empty
Me1_w_000968	et	et	CONcoo	MORPH=empty
Me1_w_000969	retorner	retorner	VERinf	MORPH=empty
Me1_w_000970	Fromondin	Fromondin	NOMpro	NOMB.=s|GENRE=m|CAS=r
Me1_w_000971	font	faire	VERcjg	MODE=ind|TEMPS=pst|PERS.=3|NOMB.=p
Me1_w_000972	l	le	DETdef	NOMB.=s|GENRE=f|CAS=r
Me1_w_000973	ensegne	enseigne	NOMcom	NOMB.=s|GENRE=f|CAS=r
Me1_w_000974	baillier	baillier	VERinf	MORPH=empty
Me1_w_000975	et	et	CONcoo	MORPH=empty
Me1_w_000976	delivrer	delivrer	VERinf	MORPH=empty
Me1_w_000977	Forment	forment2	ADVgen	DEGRE=-
Me1_w_000978	s	soi1	PROper	PERS.=3|NOMB.=p|GENRE=m|CAS=r
Me1_w_000979	en	en2	PROadv	MORPH=empty
Me1_w_000980	entremetent	entremetre	VERcjg	MODE=ind|TEMPS=pst|PERS.=3|NOMB.=p
Me1_w_000981	cil	cel	DETdem	NOMB.=p|GENRE=m|CAS=n
Me1_w_000982	riche	riche	ADJqua	NOMB.=p|GENRE=m|CAS=n|DEGRE=p
Me1_w_000983	baceler	bacheler	NOMcom	NOMB.=p|GENRE=m|CAS=n
Me1_w_000984	Et	et	CONcoo	MORPH=empty
Me1_w_000985	chevalcent	chevauchier	VERcjg	MODE=ind|TEMPS=pst|PERS.=3|NOMB.=p
Me1_w_000986	ensemble	ensemble	ADVgen	DEGRE=-
Me1_w_000987	cui	cui	PROrel	NOMB.=s|GENRE=m|CAS=i
Me1_w_000988	qu	que1	CONsub	MORPH=empty
Me1_w_000989	en	en2	PROadv	MORPH=empty
Me1_w_000990	doient	devoir	VERcjg	MODE=ind|TEMPS=pst|PERS.=3|NOMB.=p
Me1_w_000991	penser	penser	VERinf	MORPH=empty
Me1_w_000992	Devant	devant	PRE	MORPH=empty
Me1_w_000993	Mex	mieus	NOMpro	NOMB.=s|GENRE=m|CAS=r
Me1_w_000994	sont	estre1	VERcjg	MODE=ind|TEMPS=pst|PERS.=3|NOMB.=p
Me1_w_000995	venu	venir	VERppe	NOMB.=p|GENRE=m|CAS=n
Me1_w_000996	droit	droit	ADVgen	DEGRE=-
Me1_w_000997	a	a3	PRE	MORPH=empty
Me1_w_000998	un	un	DETndf	NOMB.=s|GENRE=m|CAS=r
Me1_w_000999	ajorner	ajorner	NOMcom	NOMB.=s|GENRE=m|CAS=r
Me1_w_001000	Fisent	faire	VERcjg	MODE=ind|TEMPS=psp|PERS.=3|NOMB.=p
Me1_w_001001	trés	tref2	NOMcom	NOMB.=p|GENRE=m|CAS=r
Me1_w_001002	et	et	CONcoo	MORPH=empty
Me1_w_001003	alcubes	aucube	NOMcom	NOMB.=p|GENRE=f|CAS=r
Me1_w_001004	et	et	CONcoo	MORPH=empty
Me1_w_001005	pavellons	paveillon	NOMcom	NOMB.=p|GENRE=m|CAS=r
Me1_w_001006	lever	lever	VERinf	MORPH=empty
Me1_w_001007	Les	le	DETdef	NOMB.=p|GENRE=m|CAS=n
Me1_w_001008	messages	message2	NOMcom	NOMB.=p|GENRE=m|CAS=n
Me1_w_001009	ont	avoir	VERcjg	MODE=ind|TEMPS=pst|PERS.=3|NOMB.=p
Me1_w_001010	fait	faire	VERppe	NOMB.=s|GENRE=m|CAS=r
Me1_w_001011	dedans	dedenz	PRE	MORPH=empty
Me1_w_001012	la	le	DETdef	NOMB.=s|GENRE=f|CAS=r
Me1_w_001013	ville	vile	NOMcom	NOMB.=s|GENRE=f|CAS=r
Me1_w_001014	entrer	entrer	VERinf	MORPH=empty
Me1_w_001015	Por	por2	PRE	MORPH=empty
Me1_w_001016	parler	parler	VERinf	MORPH=empty
Me1_w_001017	al	a3+le	PRE.DETdef	NOMB.=s|GENRE=m|CAS=r
Me1_w_001018	baron	baron	NOMcom	NOMB.=s|GENRE=m|CAS=r
Me1_w_001019	qu	que2	PROrel	NOMB.=s|GENRE=m|CAS=r
Me1_w_001020	il	il	PROper	PERS.=3|NOMB.=p|GENRE=m|CAS=n
Me1_w_001021	le	il	PROper	PERS.=3|NOMB.=s|GENRE=m|CAS=r
Me1_w_001022	cuident	cuidier1	VERcjg	MODE=ind|TEMPS=pst|PERS.=3|NOMB.=p
Me1_w_001023	trover	trover	VERinf	MORPH=empty
Me1_w_001024	La	là	ADVgen	DEGRE=-
Me1_w_001025	[de]dens	dedenz	ADVgen	DEGRE=-
Me1_w_001026	est	estre1	VERcjg	MODE=ind|TEMPS=pst|PERS.=3|NOMB.=s
Me1_w_001027	entré	entrer	VERppe	NOMB.=s|GENRE=m|CAS=n
Me1_w_001028	li	le	DETdef	NOMB.=s|GENRE=m|CAS=n
Me1_w_001029	message	message2	NOMcom	NOMB.=s|GENRE=m|CAS=n
Me1_w_001030	Pepin	Pepin	NOMpro	NOMB.=s|GENRE=m|CAS=r
Me1_w_001031	En	en1	PRE	MORPH=empty
Me1_w_001032	la	le	DETdef	NOMB.=s|GENRE=f|CAS=r
Me1_w_001033	sale	sale1	NOMcom	NOMB.=s|GENRE=f|CAS=r
Me1_w_001034	ont	avoir	VERcjg	MODE=ind|TEMPS=pst|PERS.=3|NOMB.=p
Me1_w_001035	trové	trover	VERppe	NOMB.=s|GENRE=m|CAS=r
Me1_w_001036	le	le	DETdef	NOMB.=s|GENRE=m|CAS=r
Me1_w_001037	fort	fort	ADJqua	NOMB.=s|GENRE=m|CAS=r|DEGRE=p
Me1_w_001038	roi	roi2	NOMcom	NOMB.=s|GENRE=m|CAS=r
Me1_w_001039	Anseïs	Anseïs	NOMpro	NOMB.=s|GENRE=m|CAS=r
Me1_w_001040	Premiers	premier	PROord	NOMB.=s|GENRE=m|CAS=n
Me1_w_001041	parla	parler	VERcjg	MODE=ind|TEMPS=psp|PERS.=3|NOMB.=s
Me1_w_001042	Hardrés	Hardré	NOMpro	NOMB.=s|GENRE=m|CAS=n
Me1_w_001043	cui	cui	PROrel	NOMB.=s|GENRE=m|CAS=i
Me1_w_001044	on	on	PROind	NOMB.=s|GENRE=m|CAS=n
Me1_w_001045	i	i2	PROadv	MORPH=empty
Me1_w_001046	ot	avoir	VERcjg	MODE=ind|TEMPS=psp|PERS.=3|NOMB.=s
Me1_w_001047	tramis	trametre	VERppe	NOMB.=s|GENRE=m|CAS=r
Me1_w_001048	L	le	DETdef	NOMB.=s|GENRE=m|CAS=n
Me1_w_001049	emperere	emperëor	NOMcom	NOMB.=s|GENRE=m|CAS=n
Me1_w_001050	de	de	PRE	MORPH=empty
Me1_w_001051	France	France	NOMpro	NOMB.=s|GENRE=f|CAS=r
Me1_w_001052	sire	seignor	NOMcom	NOMB.=s|GENRE=m|CAS=n
Me1_w_001053	m	je	PROper	PERS.=1|NOMB.=s|GENRE=m|CAS=r
Me1_w_001054	envoie	envoiier	VERcjg	MODE=ind|TEMPS=pst|PERS.=3|NOMB.=s
Me1_w_001055	ci	ci	ADVgen	DEGRE=-
Me1_w_001056	Del	de+le	PRE.DETdef	NOMB.=s|GENRE=m|CAS=r
Me1_w_001057	fief	fief	NOMcom	NOMB.=s|GENRE=m|CAS=r
Me1_w_001058	l	le	DETdef	NOMB.=s|GENRE=m|CAS=r
Me1_w_001059	empereor	emperëor	NOMcom	NOMB.=s|GENRE=m|CAS=r
Me1_w_001060	estes	estre1	VERcjg	MODE=ind|TEMPS=pst|PERS.=2|NOMB.=p
Me1_w_001061	a	a3	PRE	MORPH=empty
Me1_w_001062	tort	tort2	NOMcom	NOMB.=s|GENRE=m|CAS=r
Me1_w_001063	saisis	saisir	VERppe	NOMB.=s|GENRE=m|CAS=n
Me1_w_001064	Il	il	PROper	PERS.=3|NOMB.=s|GENRE=m|CAS=n
Me1_w_001065	vous	vos	PROper	PERS.=2|NOMB.=p|GENRE=m|CAS=i
Me1_w_001066	mande	mander	VERcjg	MODE=ind|TEMPS=pst|PERS.=3|NOMB.=s
Me1_w_001067	par	par	PRE	MORPH=empty
Me1_w_001068	moi	je	PROper	PERS.=1|NOMB.=s|GENRE=m|CAS=i
Me1_w_001069	par	par	PRE	MORPH=empty
Me1_w_001070	verté	verité	NOMcom	NOMB.=s|GENRE=f|CAS=r
Me1_w_001071	le	il	PROper	PERS.=3|NOMB.=s|GENRE=m|CAS=r
Me1_w_001072	vos	vos	PROper	PERS.=2|NOMB.=p|GENRE=m|CAS=i
Me1_w_001073	di	dire	VERcjg	MODE=ind|TEMPS=pst|PERS.=1|NOMB.=s
Me1_w_001074	Que	que4	CONsub	MORPH=empty
Me1_w_001075	tost	tost1	ADVgen	DEGRE=-
Me1_w_001076	li	il	PROper	PERS.=3|NOMB.=s|GENRE=m|CAS=i
Me1_w_001077	delivrés	delivrer	VERcjg	MODE=ind|TEMPS=pst|PERS.=2|NOMB.=p
Me1_w_001078	sa	son4	DETpos	PERS.=3|NOMB.=s|GENRE=f|CAS=r
Me1_w_001079	terre	terre	NOMcom	NOMB.=s|GENRE=f|CAS=r
Me1_w_001080	et	et	CONcoo	MORPH=empty
Me1_w_001081	son	son4	DETpos	PERS.=3|NOMB.=s|GENRE=m|CAS=r
Me1_w_001082	païs	päis	NOMcom	NOMB.=s|GENRE=m|CAS=r
Me1_w_001083	J	je	PROper	PERS.=1|NOMB.=s|GENRE=m|CAS=n
Me1_w_001084	en	en2	PROadv	MORPH=empty
Me1_w_001085	prenderai	prendre	VERcjg	MODE=ind|TEMPS=fut|PERS.=1|NOMB.=s
Me1_w_001086	consel	conseil	NOMcom	NOMB.=s|GENRE=m|CAS=r
Me1_w_001087	dist	dire	VERcjg	MODE=ind|TEMPS=pst|PERS.=3|NOMB.=s
Me1_w_001088	li	le	DETdef	NOMB.=s|GENRE=m|CAS=n
Me1_w_001089	rois	roi2	NOMcom	NOMB.=s|GENRE=m|CAS=n
Me1_w_001090	Anseïs	Anseïs	NOMpro	NOMB.=s|GENRE=m|CAS=n
Me1_w_001091	Sire	seignor	NOMcom	NOMB.=s|GENRE=m|CAS=n
Me1_w_001092	vous	vos	PROper	PERS.=2|NOMB.=p|GENRE=m|CAS=n
Me1_w_001093	ferés	faire	VERcjg	MODE=ind|TEMPS=fut|PERS.=2|NOMB.=p
Me1_w_001094	bien	bien1	ADVgen	DEGRE=p
Me1_w_001095	li	le	DETdef	NOMB.=s|GENRE=m|CAS=n
Me1_w_001096	cuens	conte1	NOMcom	NOMB.=s|GENRE=m|CAS=n
Me1_w_001097	Hardrés	Hardré	NOMpro	NOMB.=s|GENRE=m|CAS=n
Me1_w_001098	a	avoir	VERcjg	MODE=ind|TEMPS=pst|PERS.=3|NOMB.=s
Me1_w_001099	dit	dire	VERppe	NOMB.=s|GENRE=m|CAS=r
Me1_w_001100	Car	car	CONcoo	MORPH=empty
Me1_w_001101	bien	bien1	ADVgen	DEGRE=p
Me1_w_001102	saciés	savoir	VERcjg	MODE=sub|TEMPS=pst|PERS.=2|NOMB.=p
Me1_w_001103	de	de	PRE	MORPH=empty
Me1_w_001104	voir	voir	ADVgen	DEGRE=-
Me1_w_001105	qu	que4	CONsub	MORPH=empty
Me1_w_001106	il	il	PROimp	PERS.=0|NOMB.=s|GENRE=n|CAS=r
Me1_w_001107	porroit	pöoir	VERcjg	MODE=con|PERS.=3|NOMB.=s
Me1_w_001108	estre	estre1	VERinf	MORPH=empty
Me1_w_001109	pis	pis1	ADVgen	DEGRE=c
Me1_w_001110	Anseïs	Anseïs	NOMpro	NOMB.=s|GENRE=m|CAS=n
Me1_w_001111	fait	faire	VERcjg	MODE=ind|TEMPS=pst|PERS.=3|NOMB.=s
Me1_w_001112	sa	son4	DETpos	PERS.=3|NOMB.=s|GENRE=f|CAS=r
Me1_w_001113	gent	gent1	NOMcom	NOMB.=s|GENRE=f|CAS=r
Me1_w_001114	par	par	PRE	MORPH=empty
Me1_w_001115	devant	devant	PRE	MORPH=empty
Me1_w_001116	lui	il	PROper	PERS.=3|NOMB.=s|GENRE=m|CAS=i
Me1_w_001117	venir	venir	VERinf	MORPH=empty
Me1_w_001118	Segnor	seignor	NOMcom	NOMB.=p|GENRE=m|CAS=n
Me1_w_001119	conselliés	conseillier1	VERcjg	MODE=imp|PERS.=2|NOMB.=p
Me1_w_001120	moi	je	PROper	PERS.=1|NOMB.=s|GENRE=m|CAS=r
Me1_w_001121	franc	franc1	ADJqua	NOMB.=p|GENRE=m|CAS=n|DEGRE=p
Me1_w_001122	chevalier	chevalier	NOMcom	NOMB.=p|GENRE=m|CAS=n
Me1_w_001123	gentil	gentil	ADJqua	NOMB.=p|GENRE=m|CAS=n|DEGRE=p
Me1_w_001124	Jo	je	PROper	PERS.=1|NOMB.=s|GENRE=m|CAS=n
Me1_w_001125	sai	savoir	VERcjg	MODE=ind|TEMPS=pst|PERS.=1|NOMB.=s
Me1_w_001126	que	que4	CONsub	MORPH=empty
Me1_w_001127	tieng	tenir1	VERcjg	MODE=ind|TEMPS=pst|PERS.=1|NOMB.=s
Me1_w_001128	a	a3	PRE	MORPH=empty
Me1_w_001129	tort	tort2	NOMcom	NOMB.=s|GENRE=m|CAS=r
Me1_w_001130	la	le	DETdef	NOMB.=s|GENRE=f|CAS=r
Me1_w_001131	terre	terre	NOMcom	NOMB.=s|GENRE=f|CAS=r
Me1_w_001132	al	a3+le	PRE.DETdef	NOMB.=s|GENRE=m|CAS=r
Me1_w_001133	roi	roi2	NOMcom	NOMB.=s|GENRE=m|CAS=r
Me1_w_001134	Pepin	Pepin	NOMpro	NOMB.=s|GENRE=m|CAS=r
Me1_w_001135	Et	et	CONcoo	MORPH=empty
Me1_w_001136	si	si	ADVgen	DEGRE=-
Me1_w_001137	ne	ne1	ADVneg	MORPH=empty
Me1_w_001138	le	il	PROper	PERS.=3|NOMB.=s|GENRE=m|CAS=r
Me1_w_001139	puis	pöoir	VERcjg	MODE=ind|TEMPS=pst|PERS.=1|NOMB.=s
Me1_w_001140	mie	mie	ADVneg	MORPH=empty
Me1_w_001141	contre	contre	PRE	MORPH=empty
Me1_w_001142	lui	il	PROper	PERS.=3|NOMB.=s|GENRE=m|CAS=i
Me1_w_001143	garantir	garantir	VERinf	MORPH=empty
Me1_w_001144	loés	löer1	VERcjg	MODE=ind|TEMPS=pst|PERS.=2|NOMB.=p
Me1_w_001145	baron	baron	NOMcom	NOMB.=p|GENRE=m|CAS=n
Me1_w_001146	par	par	PRE	MORPH=empty
Me1_w_001147	le	le	DETdef	NOMB.=s|GENRE=m|CAS=r
Me1_w_001148	cors	cors1	NOMcom	NOMB.=s|GENRE=m|CAS=r
Me1_w_001149	saint	saint	NOMpro	NOMB.=s|GENRE=m|CAS=r
Me1_w_001150	Martin	Martin	NOMpro	NOMB.=s|GENRE=m|CAS=r
Me1_w_001151	Se	si	ADVgen	DEGRE=-
Me1_w_001152	li	il	PROper	PERS.=3|NOMB.=s|GENRE=m|CAS=i
Me1_w_001153	rendés	rendre	VERcjg	MODE=imp|PERS.=2|NOMB.=p
Me1_w_001154	font	faire	VERcjg	MODE=ind|TEMPS=pst|PERS.=3|NOMB.=p
Me1_w_001155	il	le	DETdef	NOMB.=p|GENRE=m|CAS=n
Me1_w_001156	frans	franc1	ADJqua	NOMB.=p|GENRE=m|CAS=n|DEGRE=p
Me1_w_001157	chevaliers	chevalier	NOMcom	NOMB.=p|GENRE=m|CAS=n
Me1_w_001158	gentis	gentil	ADJqua	NOMB.=p|GENRE=m|CAS=n|DEGRE=p
Me1_w_001159	Por	por2	PRE	MORPH=empty
Me1_w_001160	tant	tant	ADVgen	DEGRE=-
Me1_w_001161	si	si	ADVgen	DEGRE=-
Me1_w_001162	iert	estre1	VERcjg	MODE=ind|TEMPS=fut|PERS.=3|NOMB.=s
Me1_w_001163	a	a3	PRE	MORPH=empty
Me1_w_001164	pais	pais	NOMcom	NOMB.=s|GENRE=f|CAS=r
Me1_w_001165	la	le	DETdef	NOMB.=s|GENRE=f|CAS=n
Me1_w_001166	terre	terre	NOMcom	NOMB.=s|GENRE=f|CAS=n
Me1_w_001167	et	et	CONcoo	MORPH=empty
Me1_w_001168	li	le	DETdef	NOMB.=s|GENRE=m|CAS=n
Me1_w_001169	païs	päis	NOMcom	NOMB.=s|GENRE=m|CAS=n
Me1_w_001170	A	a3	PRE	MORPH=empty
Me1_w_001171	iceste	icest	DETdem	NOMB.=s|GENRE=f|CAS=r
Me1_w_001172	parolle	parole	NOMcom	NOMB.=s|GENRE=f|CAS=r
Me1_w_001173	ont	avoir	VERcjg	MODE=ind|TEMPS=pst|PERS.=3|NOMB.=p
Me1_w_001174	fait	faire	VERppe	NOMB.=s|GENRE=m|CAS=r
Me1_w_001175	Garin	Garin	NOMpro	NOMB.=s|GENRE=m|CAS=r
Me1_w_001176	venir	venir	VERinf	MORPH=empty
Me1_w_001177	Ne	ne1	ADVneg	MORPH=empty
Me1_w_001178	sejornerent	sejorner	VERcjg	MODE=ind|TEMPS=psp|PERS.=3|NOMB.=p
Me1_w_001179	gaires	gaire	ADVgen	DEGRE=-
Me1_w_001180	ains	ainz	ADVgen	DEGRE=-
Me1_w_001181	se	soi1	PROper	PERS.=3|NOMB.=p|GENRE=m|CAS=r
Me1_w_001182	tornent	torner	VERcjg	MODE=ind|TEMPS=pst|PERS.=3|NOMB.=p
Me1_w_001183	d	de	PRE	MORPH=empty
Me1_w_001184	iqui	iqui	ADVgen	DEGRE=-
Me1_w_001185	Cascuns	chascun	PROind	NOMB.=s|GENRE=m|CAS=n
Me1_w_001186	a	avoir	VERcjg	MODE=ind|TEMPS=pst|PERS.=3|NOMB.=s
Me1_w_001187	pris	prendre	VERppe	NOMB.=s|GENRE=m|CAS=r
Me1_w_001188	congié	congié	NOMcom	NOMB.=s|GENRE=m|CAS=r
Me1_w_001189	si	si	ADVgen	DEGRE=-
Me1_w_001190	vait	aler	VERcjg	MODE=ind|TEMPS=pst|PERS.=3|NOMB.=s
Me1_w_001191	en	en1	PRE	MORPH=empty
Me1_w_001192	son	son4	DETpos	PERS.=3|NOMB.=s|GENRE=m|CAS=r
Me1_w_001193	païs	päis	NOMcom	NOMB.=s|GENRE=m|CAS=r
Me1_w_001194	Or	or4	ADVgen	DEGRE=-
Me1_w_001195	lairomes	laissier	VERcjg	MODE=ind|TEMPS=fut|PERS.=1|NOMB.=p
Me1_w_001196	del	de+le	PRE.DETdef	NOMB.=s|GENRE=m|CAS=r
Me1_w_001197	roi	roi2	NOMcom	NOMB.=s|GENRE=m|CAS=r
Me1_w_001198	qui	qui	PROrel	NOMB.=s|GENRE=m|CAS=n
Me1_w_001199	France	France	NOMpro	NOMB.=s|GENRE=f|CAS=r
Me1_w_001200	dut	devoir	VERcjg	MODE=ind|TEMPS=psp|PERS.=3|NOMB.=s
Me1_w_001201	tenir	tenir1	VERinf	MORPH=empty
Me1_w_001202	Et	et	CONcoo	MORPH=empty
Me1_w_001203	dirons	dire	VERcjg	MODE=ind|TEMPS=fut|PERS.=1|NOMB.=p
Me1_w_001204	anuit	anuit	ADVgen	DEGRE=-
Me1_w_001205	mais	mais1	ADVgen	DEGRE=-
Me1_w_001206	del	de+le	PRE.DETdef	NOMB.=s|GENRE=m|CAS=r
Me1_w_001207	riche	riche	ADJqua	NOMB.=s|GENRE=m|CAS=r|DEGRE=p
Me1_w_001208	roi	roi2	NOMcom	NOMB.=s|GENRE=m|CAS=r
Me1_w_001209	Teri	Terri	NOMpro	NOMB.=s|GENRE=m|CAS=r
Me1_w_001210	Cel	cel	PROdem	NOMB.=s|GENRE=m|CAS=n
Me1_w_001211	qui	qui	PROrel	NOMB.=s|GENRE=m|CAS=n
Me1_w_001212	tint	tenir1	VERcjg	MODE=ind|TEMPS=psp|PERS.=3|NOMB.=s
Me1_w_001213	Moriane	Moriane	NOMpro	NOMB.=s|GENRE=f|CAS=r
Me1_w_001214	et	et	CONcoo	MORPH=empty
Me1_w_001215	Val—profonde	Val-Parfonde	NOMpro	NOMB.=s|GENRE=f|CAS=r
Me1_w_001216	aussi	aussi	ADVgen	DEGRE=-
Me1_w_001217	Li	le	DETdef	NOMB.=p|GENRE=m|CAS=n
Me1_w_001218	iiij	catre	DETcar	NOMB.=p|GENRE=m|CAS=n
Me1_w_001219	roi	roi2	NOMcom	NOMB.=p|GENRE=m|CAS=n
Me1_w_001220	felon	felon	ADJqua	NOMB.=p|GENRE=m|CAS=n|DEGRE=p
Me1_w_001221	se	soi1	PROper	PERS.=3|NOMB.=p|GENRE=m|CAS=r
Me1_w_001222	sont	estre1	VERcjg	MODE=ind|TEMPS=pst|PERS.=3|NOMB.=p
Me1_w_001223	ensemble	ensemble	ADVgen	DEGRE=-
Me1_w_001224	mis	metre2	VERppe	NOMB.=p|GENRE=m|CAS=n
Me1_w_001225	Il	il	PROper	PERS.=3|NOMB.=p|GENRE=m|CAS=n
Me1_w_001226	li	il	PROper	PERS.=3|NOMB.=s|GENRE=m|CAS=i
Me1_w_001227	gastent	gaster	VERcjg	MODE=ind|TEMPS=pst|PERS.=3|NOMB.=p
Me1_w_001228	sa	son4	DETpos	PERS.=3|NOMB.=s|GENRE=f|CAS=r
Me1_w_001229	terre	terre	NOMcom	NOMB.=s|GENRE=f|CAS=r
Me1_w_001230	son	son4	DETpos	PERS.=3|NOMB.=s|GENRE=m|CAS=r
Me1_w_001231	regne	regne	NOMcom	NOMB.=s|GENRE=m|CAS=r
Me1_w_001232	et	et	CONcoo	MORPH=empty
Me1_w_001233	son	son4	DETpos	PERS.=3|NOMB.=s|GENRE=m|CAS=r
Me1_w_001234	païs	päis	NOMcom	NOMB.=s|GENRE=m|CAS=r
Me1_w_001235	Li	le	DETdef	NOMB.=s|GENRE=m|CAS=n
Me1_w_001236	rois	roi2	NOMcom	NOMB.=s|GENRE=m|CAS=n
Me1_w_001237	a	avoir	VERcjg	MODE=ind|TEMPS=pst|PERS.=3|NOMB.=s
Me1_w_001238	pris	prendre	VERppe	NOMB.=s|GENRE=m|CAS=r
Me1_w_001239	conseil	conseil	NOMcom	NOMB.=s|GENRE=m|CAS=r
Me1_w_001240	coment	coment1	ADVint	MORPH=empty
Me1_w_001241	pora	pöoir	VERcjg	MODE=ind|TEMPS=fut|PERS.=3|NOMB.=s
Me1_w_001242	garir	garir	VERinf	MORPH=empty
Me1_w_001243	Ses	son4	DETpos	PERS.=3|NOMB.=p|GENRE=m|CAS=r
Me1_w_001244	messages	message2	NOMcom	NOMB.=p|GENRE=m|CAS=r
Me1_w_001245	envoie	envoiier	VERcjg	MODE=ind|TEMPS=pst|PERS.=3|NOMB.=s
Me1_w_001246	en	en1	PRE	MORPH=empty
Me1_w_001247	France	France	NOMpro	NOMB.=s|GENRE=f|CAS=r
Me1_w_001248	al	a3+le	PRE.DETdef	NOMB.=s|GENRE=m|CAS=r
Me1_w_001249	roi	roi2	NOMcom	NOMB.=s|GENRE=m|CAS=r
Me1_w_001250	Pepin	Pepin	NOMpro	NOMB.=s|GENRE=m|CAS=r
Me1_w_001251	Qu	que4	CONsub	MORPH=empty
Me1_w_001252	il	il	PROper	PERS.=3|NOMB.=s|GENRE=m|CAS=n
Me1_w_001253	li	il	PROper	PERS.=3|NOMB.=s|GENRE=m|CAS=i
Me1_w_001254	viegne	venir	VERcjg	MODE=sub|TEMPS=pst|PERS.=3|NOMB.=s
Me1_w_001255	secorre	secorre1	VERinf	MORPH=empty
Me1_w_001256	par	par	PRE	MORPH=empty
Me1_w_001257	Deu	Dieu	NOMpro	NOMB.=s|GENRE=m|CAS=r
Me1_w_001258	et	et	CONcoo	MORPH=empty
Me1_w_001259	par	par	PRE	MORPH=empty
Me1_w_001260	merci	merci	NOMcom	NOMB.=s|GENRE=f|CAS=r
Me1_w_001261	Et	et	CONcoo	MORPH=empty
Me1_w_001262	por	por2	PRE	MORPH=empty
Me1_w_001263	crestienté	crestïenté	NOMcom	NOMB.=s|GENRE=f|CAS=r
Me1_w_001264	que	que2	PROrel	NOMB.=s|GENRE=f|CAS=r
Me1_w_001265	il	il	PROper	PERS.=3|NOMB.=s|GENRE=m|CAS=n
Me1_w_001266	doit	devoir	VERcjg	MODE=ind|TEMPS=pst|PERS.=3|NOMB.=s
Me1_w_001267	maintenir	maintenir	VERinf	MORPH=empty
Me1_w_001268	Ses	son4	DETpos	PERS.=3|NOMB.=p|GENRE=m|CAS=r
Me1_w_001269	messages	message2	NOMcom	NOMB.=p|GENRE=m|CAS=r
Me1_w_001270	atorne	atorner	VERcjg	MODE=ind|TEMPS=pst|PERS.=3|NOMB.=s
Me1_w_001271	et	et	CONcoo	MORPH=empty
Me1_w_001272	si	si	ADVgen	DEGRE=-
Me1_w_001273	les	il	PROper	PERS.=3|NOMB.=p|GENRE=m|CAS=r
Me1_w_001274	a	avoir	VERcjg	MODE=ind|TEMPS=pst|PERS.=3|NOMB.=s
Me1_w_001275	eslis	eslire	VERppe	NOMB.=p|GENRE=m|CAS=r
Me1_w_001276	Joifrois	Gefrei	NOMpro	NOMB.=s|GENRE=m|CAS=r
Me1_w_001277	et	et	CONcoo	MORPH=empty
Me1_w_001278	Berenger	Berengier	NOMpro	NOMB.=s|GENRE=m|CAS=r
Me1_w_001279	et	et	CONcoo	MORPH=empty
Me1_w_001280	li	le	DETdef	NOMB.=s|GENRE=m|CAS=r
Me1_w_001281	cuens	conte1	NOMcom	NOMB.=s|GENRE=m|CAS=r
Me1_w_001282	Harduïns	Hardoïn	NOMpro	NOMB.=s|GENRE=m|CAS=r
Me1_w_001283	De	de	PRE	MORPH=empty
Me1_w_001284	Val—profonde	Val-Parfonde	NOMpro	NOMB.=s|GENRE=f|CAS=r
Me1_w_001285	vers	vers2	PRE	MORPH=empty
Me1_w_001286	France	France	NOMpro	NOMB.=s|GENRE=f|CAS=r
Me1_w_001287	se	soi1	PROper	PERS.=3|NOMB.=p|GENRE=m|CAS=r
Me1_w_001288	sont	estre1	VERcjg	MODE=ind|TEMPS=pst|PERS.=3|NOMB.=p
Me1_w_001289	mis	metre2	VERppe	NOMB.=p|GENRE=m|CAS=n
Me1_w_001290	Onques	onque	ADVgen	DEGRE=-
Me1_w_001291	ne	ne1	ADVneg	MORPH=empty
Me1_w_001292	trestornerent	trestorner	VERcjg	MODE=ind|TEMPS=psp|PERS.=3|NOMB.=p
Me1_w_001293	si	si	ADVgen	DEGRE=-
Me1_w_001294	vinrent	venir	VERcjg	MODE=ind|TEMPS=psp|PERS.=3|NOMB.=p
Me1_w_001295	a	a3	PRE	MORPH=empty
Me1_w_001296	Cluigni	Clugny	NOMpro	NOMB.=s|GENRE=x|CAS=r
Me1_w_001297	La	là	ADVgen	DEGRE=-
Me1_w_001298	demandent	demander	VERcjg	MODE=ind|TEMPS=pst|PERS.=3|NOMB.=p
Me1_w_001299	nouvelles	novele	NOMcom	NOMB.=p|GENRE=f|CAS=r
Me1_w_001300	de	de	PRE	MORPH=empty
Me1_w_001301	nostre	nostre	DETpos	PERS.=1|NOMB.=s|GENRE=m|CAS=r
Me1_w_001302	roi	roi2	NOMcom	NOMB.=s|GENRE=m|CAS=r
Me1_w_001303	Pepin	Pepin	NOMpro	NOMB.=s|GENRE=m|CAS=r
Me1_w_001304	A	a3	PRE	MORPH=empty
Me1_w_001305	Lengres	Lengres	NOMpro	NOMB.=s|GENRE=f|CAS=r
Me1_w_001306	lor	il	PROper	PERS.=3|NOMB.=p|GENRE=m|CAS=i
Me1_w_001307	enseignent	enseignier	VERcjg	MODE=ind|TEMPS=pst|PERS.=3|NOMB.=p
Me1_w_001308	qui	qui	PROrel	NOMB.=s|GENRE=m|CAS=n
Me1_w_001309	n	ne1	ADVneg	MORPH=empty
Me1_w_001310	est	estre1	VERcjg	MODE=ind|TEMPS=pst|PERS.=3|NOMB.=s
Me1_w_001311	pas	pas	ADVneg	MORPH=empty
Me1_w_001312	loing	loing	ADVgen	DEGRE=-
Me1_w_001313	d	de	PRE	MORPH=empty
Me1_w_001314	iqui	iqui	ADVgen	DEGRE=-
Me1_w_001315	Et	et	CONcoo	MORPH=empty
Me1_w_001316	li	le	DETdef	NOMB.=s|GENRE=m|CAS=n
Me1_w_001317	rois	roi2	NOMcom	NOMB.=s|GENRE=m|CAS=n
Me1_w_001318	tint	tenir1	VERcjg	MODE=ind|TEMPS=psp|PERS.=3|NOMB.=s
Me1_w_001319	sa	son4	DETpos	PERS.=3|NOMB.=s|GENRE=f|CAS=r
Me1_w_001320	cort	cort1	NOMcom	NOMB.=s|GENRE=f|CAS=r
Me1_w_001321	si	si	ADVgen	DEGRE=-
Me1_w_001322	rice	riche	ADJqua	NOMB.=s|GENRE=n|CAS=r|DEGRE=p
Me1_w_001323	ne	ne1	ADVneg	MORPH=empty
Me1_w_001324	vit	vëoir	VERcjg	MODE=ind|TEMPS=psp|PERS.=3|NOMB.=s
Me1_w_001325	Que	que4	CONsub	MORPH=empty
Me1_w_001326	ja	ja	ADVgen	DEGRE=-
Me1_w_001327	i	i2	PROadv	MORPH=empty
Me1_w_001328	fu	estre1	VERcjg	MODE=ind|TEMPS=psp|PERS.=3|NOMB.=s
Me1_w_001329	dus	duc2	NOMcom	NOMB.=s|GENRE=m|CAS=n
Me1_w_001330	Beges	Begues	NOMpro	NOMB.=s|GENRE=m|CAS=n
Me1_w_001331	et	et	CONcoo	MORPH=empty
Me1_w_001332	ses	son4	DETpos	PERS.=3|NOMB.=s|GENRE=m|CAS=n
Me1_w_001333	freres	frere	NOMcom	NOMB.=s|GENRE=m|CAS=n
Me1_w_001334	Garins	Garin	NOMpro	NOMB.=s|GENRE=m|CAS=n
Me1_w_001335	Et	et	CONcoo	MORPH=empty
Me1_w_001336	Hardrés	Hardré	NOMpro	NOMB.=s|GENRE=m|CAS=n
Me1_w_001337	et	et	CONcoo	MORPH=empty
Me1_w_001338	Fromonz	Fromund	NOMpro	NOMB.=s|GENRE=m|CAS=n
Me1_w_001339	Guillaumes	Guilaume	NOMpro	NOMB.=s|GENRE=m|CAS=n
Me1_w_001340	le	le	DETdef	NOMB.=s|GENRE=m|CAS=n
Me1_w_001341	marcis	marchis	NOMcom	NOMB.=s|GENRE=m|CAS=n
Me1_w_001342	Venu	venir	VERppe	NOMB.=p|GENRE=m|CAS=n
Me1_w_001343	sont	estre1	VERcjg	MODE=ind|TEMPS=pst|PERS.=3|NOMB.=p
Me1_w_001344	li	le	DETdef	NOMB.=p|GENRE=m|CAS=n
Me1_w_001345	message	message2	NOMcom	NOMB.=p|GENRE=m|CAS=n
Me1_w_001346	devant	devant	PRE	MORPH=empty
Me1_w_001347	le	le	DETdef	NOMB.=s|GENRE=m|CAS=r
Me1_w_001348	roi	roi2	NOMcom	NOMB.=s|GENRE=m|CAS=r
Me1_w_001349	Pepin	Pepin	NOMpro	NOMB.=s|GENRE=m|CAS=r
Me1_w_001350	Premiers	premier	ADJord	NOMB.=s|GENRE=m|CAS=n
Me1_w_001351	parla	parler	VERcjg	MODE=ind|TEMPS=psp|PERS.=3|NOMB.=s
Me1_w_001352	Goifrois	sofrir	NOMpro	NOMB.=s|GENRE=m|CAS=n
Me1_w_001353	cil	cel	PROdem	NOMB.=s|GENRE=m|CAS=n
Me1_w_001354	qui	qui	PROrel	NOMB.=s|GENRE=m|CAS=n
Me1_w_001355	fu	estre1	VERcjg	MODE=ind|TEMPS=psp|PERS.=3|NOMB.=s
Me1_w_001356	niés	nevo	NOMcom	NOMB.=s|GENRE=m|CAS=n
Me1_w_001357	Gaudin	Gaudin	NOMpro	NOMB.=s|GENRE=m|CAS=r
Me1_w_001358	Si	si	ADVgen	DEGRE=-
Me1_w_001359	que	que4	CONsub	MORPH=empty
Me1_w_001360	bien	bien1	ADVgen	DEGRE=p
Me1_w_001361	l	il	PROper	PERS.=3|NOMB.=s|GENRE=m|CAS=r
Me1_w_001362	ont	avoir	VERcjg	MODE=ind|TEMPS=pst|PERS.=3|NOMB.=p
Me1_w_001363	oï	öir	VERppe	NOMB.=s|GENRE=m|CAS=r
Me1_w_001364	Mansel	Mansel	NOMpro	NOMB.=p|GENRE=m|CAS=n
Me1_w_001365	et	et	CONcoo	MORPH=empty
Me1_w_001366	Angevin	Angevin	NOMpro	NOMB.=p|GENRE=m|CAS=n
Me1_w_001367	Loherent	loherenc	NOMpro	NOMB.=p|GENRE=m|CAS=n
Me1_w_001368	et	et	CONcoo	MORPH=empty
Me1_w_001369	Breton	Breton	NOMpro	NOMB.=p|GENRE=m|CAS=n
Me1_w_001370	Norman	Normant	NOMpro	NOMB.=p|GENRE=m|CAS=n
Me1_w_001371	et	et	CONcoo	MORPH=empty
Me1_w_001372	Poitevin	Poitevin	NOMpro	NOMB.=p|GENRE=m|CAS=n
Me1_w_001373	Cil	cel	DETdem	NOMB.=s|GENRE=m|CAS=n
Me1_w_001374	Dameldex	Damnedeu	NOMpro	NOMB.=s|GENRE=m|CAS=n
Me1_w_001375	de	de	PRE	MORPH=empty
Me1_w_001376	gloire	gloire	NOMcom	NOMB.=s|GENRE=f|CAS=r
Me1_w_001377	qui	qui	PROrel	NOMB.=s|GENRE=m|CAS=n
Me1_w_001378	de	de	PRE	MORPH=empty
Me1_w_001379	l	le	DETdef	NOMB.=s|GENRE=f|CAS=r
Me1_w_001380	aigue	aigue	NOMcom	NOMB.=s|GENRE=f|CAS=r
Me1_w_001381	fist	faire	VERcjg	MODE=ind|TEMPS=psp|PERS.=3|NOMB.=s
Me1_w_001382	vin	vin	NOMcom	NOMB.=s|GENRE=m|CAS=r
Me1_w_001383	Lassus	la_sus	ADVgen	DEGRE=-
Me1_w_001384	en	en1	PRE	MORPH=empty
Me1_w_001385	cel	cel	DETdem	NOMB.=s|GENRE=m|CAS=r
Me1_w_001386	palais	palais2	NOMcom	NOMB.=s|GENRE=m|CAS=r
Me1_w_001387	parler	parler	VERinf	MORPH=empty
Me1_w_001388	al	a3+le	PRE.DETdef	NOMB.=s|GENRE=m|CAS=r
Me1_w_001389	roi	roi2	NOMcom	NOMB.=s|GENRE=m|CAS=r
Me1_w_001390	Pepin	Pepin	NOMpro	NOMB.=s|GENRE=m|CAS=r
Me1_w_001391	Savoir	savoir	VERinf	MORPH=empty
Me1_w_001392	s	se	CONsub	MORPH=empty
Me1_w_001393	en	en1	PRE	MORPH=empty
Me1_w_001394	autre	autre	DETind	NOMB.=s|GENRE=m|CAS=r
Me1_w_001395	point	point	NOMcom	NOMB.=s|GENRE=m|CAS=r
Me1_w_001396	seroit	estre1	VERcjg	MODE=con|PERS.=3|NOMB.=s
Me1_w_001397	li	le	DETdef	NOMB.=s|GENRE=m|CAS=n
Me1_w_001398	consel	conseil	NOMcom	NOMB.=s|GENRE=m|CAS=n
Me1_w_001399	mis	metre2	VERppe	NOMB.=p|GENRE=m|CAS=n
Me1_w_001400	De	de	PRE	MORPH=empty
Me1_w_001401	secorre	secorre1	VERinf	MORPH=empty
Me1_w_001402	le	le	DETdef	NOMB.=s|GENRE=m|CAS=r
Me1_w_001403	roi	roi2	NOMcom	NOMB.=s|GENRE=m|CAS=r
Me1_w_001404	qui	qui	PROrel	NOMB.=s|GENRE=m|CAS=n
Me1_w_001405	pros	pro	ADJqua	NOMB.=s|GENRE=m|CAS=n|DEGRE=p
Me1_w_001406	est	estre1	VERcjg	MODE=ind|TEMPS=pst|PERS.=3|NOMB.=s
Me1_w_001407	et	et	CONcoo	MORPH=empty
Me1_w_001408	gentis	gentil	ADJqua	NOMB.=s|GENRE=m|CAS=n|DEGRE=p
Me1_w_001409	Nos	nos1	PROper	PERS.=1|NOMB.=p|GENRE=m|CAS=n
Me1_w_001410	somes	estre1	VERcjg	MODE=ind|TEMPS=pst|PERS.=1|NOMB.=p
Me1_w_001411	jovencel	jovencel	ADJqua	NOMB.=p|GENRE=m|CAS=n|DEGRE=p
Me1_w_001412	porchaçons	porchacier	VERcjg	MODE=ind|TEMPS=pst|PERS.=1|NOMB.=p
Me1_w_001413	nostre	nostre	DETpos	PERS.=1|NOMB.=s|GENRE=m|CAS=r
Me1_w_001414	pris	pris1	NOMcom	NOMB.=s|GENRE=m|CAS=r
Me1_w_001415	Et	et	CONcoo	MORPH=empty
Me1_w_001416	se	se	CONsub	MORPH=empty
Me1_w_001417	li	le	DETdef	NOMB.=s|GENRE=m|CAS=n
Me1_w_001418	rois	roi2	NOMcom	NOMB.=s|GENRE=m|CAS=n
Me1_w_001419	nous	nos1	PROper	PERS.=1|NOMB.=p|GENRE=m|CAS=r
Me1_w_001420	faut	falir	VERcjg	MODE=ind|TEMPS=pst|PERS.=3|NOMB.=s
Me1_w_001421	mandomes	mander	VERcjg	MODE=ind|TEMPS=pst|PERS.=1|NOMB.=p
Me1_w_001422	nos	nostre	ADJpos	PERS.=1|NOMB.=p|GENRE=m|CAS=r
Me1_w_001423	amis	ami	NOMcom	NOMB.=p|GENRE=m|CAS=r
Me1_w_001424	S	si	ADVgen	DEGRE=-
Me1_w_001425	alons	aler	VERcjg	MODE=imp|PERS.=1|NOMB.=p
Me1_w_001426	chevalerie	chevalerie	NOMcom	NOMB.=s|GENRE=f|CAS=r
Me1_w_001427	querre	querre	VERinf	MORPH=empty
Me1_w_001428	en	en1	PRE	MORPH=empty
Me1_w_001429	autre	autre	DETind	NOMB.=s|GENRE=m|CAS=r
Me1_w_001430	païs	päis	NOMcom	NOMB.=s|GENRE=m|CAS=r
Me1_w_001431	Dehait	deshait	NOMcom	NOMB.=s|GENRE=m|CAS=r
Me1_w_001432	ait	avoir	VERcjg	MODE=sub|TEMPS=pst|PERS.=3|NOMB.=s
Me1_w_001433	qui	qui	PROrel	NOMB.=s|GENRE=m|CAS=n
Me1_w_001434	le	il	PROper	PERS.=3|NOMB.=s|GENRE=m|CAS=r
Me1_w_001435	†vie	vëer	VERcjg	MODE=ind|TEMPS=pst|PERS.=3|NOMB.=s
Me1_w_001436	vée	vëer	VERcjg	MODE=ind|TEMPS=pst|PERS.=3|NOMB.=s
Me1_w_001437	sire	seignor	NOMcom	NOMB.=s|GENRE=m|CAS=n
Me1_w_001438	dist	dire	VERcjg	MODE=ind|TEMPS=pst|PERS.=3|NOMB.=s
Me1_w_001439	Fromondins	Fromondin	NOMpro	NOMB.=s|GENRE=m|CAS=n
Me1_w_001440	Enprès	emprès	ADVgen	DEGRE=-
Me1_w_001441	se	soi1	PROper	PERS.=3|NOMB.=p|GENRE=m|CAS=r
Me1_w_001442	sont	estre1	VERcjg	MODE=ind|TEMPS=pst|PERS.=3|NOMB.=p
Me1_w_001443	levé	lever	VERppe	NOMB.=p|GENRE=m|CAS=n
Me1_w_001444	li	le	DETdef	NOMB.=p|GENRE=m|CAS=n
Me1_w_001445	conte	conte2	NOMcom	NOMB.=p|GENRE=m|CAS=n
Me1_w_001446	de	de	PRE	MORPH=empty
Me1_w_001447	haut	haut	ADJqua	NOMB.=s|GENRE=m|CAS=r|DEGRE=p
Me1_w_001448	pris	pris1	NOMcom	NOMB.=s|GENRE=m|CAS=r
Me1_w_001449	De	de	PRE	MORPH=empty
Me1_w_001450	ci	ci	ADVgen	DEGRE=-
Me1_w_001451	que	que4	CONsub	MORPH=empty
Me1_w_001452	al	a3+le	PRE.DETdef	NOMB.=s|GENRE=m|CAS=r
Me1_w_001453	palais	palais2	NOMcom	NOMB.=s|GENRE=m|CAS=r
Me1_w_001454	ne	ne1	ADVneg	MORPH=empty
Me1_w_001455	prisent	prendre	VERcjg	MODE=ind|TEMPS=psp|PERS.=3|NOMB.=p
Me1_w_001456	onques	onque	ADVgen	DEGRE=-
Me1_w_001457	fin	fin1	NOMcom	NOMB.=s|GENRE=f|CAS=r
Me1_w_001458	Contremont	contremont	ADVgen	DEGRE=-
Me1_w_001459	en	en2	PROadv	MORPH=empty
Me1_w_001460	monterent	monter	VERcjg	MODE=ind|TEMPS=psp|PERS.=3|NOMB.=p
Me1_w_001461	et	et	CONcoo	MORPH=empty
Me1_w_001462	Begue	Begues	NOMpro	NOMB.=s|GENRE=m|CAS=n
Me1_w_001463	et	et	CONcoo	MORPH=empty
Me1_w_001464	Garins	Garin	NOMpro	NOMB.=s|GENRE=m|CAS=n
Me1_w_001465	Entre	entre2	PRE	MORPH=empty
Me1_w_001466	lui	il	PROper	PERS.=3|NOMB.=s|GENRE=m|CAS=i
Me1_w_001467	et	et	CONcoo	MORPH=empty
Me1_w_001468	Guillaume	Guilaume	NOMpro	NOMB.=s|GENRE=m|CAS=r
Me1_w_001469	et	et	CONcoo	MORPH=empty
Me1_w_001470	le	le	DETdef	NOMB.=s|GENRE=m|CAS=n
Me1_w_001471	pro	pro	ADJqua	NOMB.=s|GENRE=m|CAS=n|DEGRE=p
Me1_w_001472	Fromondin	Fromondin	NOMpro	NOMB.=s|GENRE=m|CAS=n
Me1_w_001473	Les	le	DETdef	NOMB.=p|GENRE=m|CAS=r
Me1_w_001474	messages	message2	NOMcom	NOMB.=p|GENRE=m|CAS=r
Me1_w_001475	encontrent	encontrer	VERcjg	MODE=ind|TEMPS=pst|PERS.=3|NOMB.=p
Me1_w_001476	tienent	tenir1	VERcjg	MODE=ind|TEMPS=pst|PERS.=3|NOMB.=p
Me1_w_001477	les	le	DETdef	NOMB.=p|GENRE=m|CAS=r
Me1_w_001478	ciés	chief1	NOMcom	NOMB.=p|GENRE=m|CAS=r
Me1_w_001479	enclins	enclin1	ADJqua	NOMB.=p|GENRE=m|CAS=r|DEGRE=p
Me1_w_001480	Et	et	CONcoo	MORPH=empty
Me1_w_001481	plorent	plorer	VERcjg	MODE=ind|TEMPS=pst|PERS.=3|NOMB.=p
Me1_w_001482	seurement	sëurement	ADVgen	DEGRE=-
Me1_w_001483	des	de+le	PRE.DETdef	NOMB.=p|GENRE=m|CAS=r
Me1_w_001484	de	de	PRE	MORPH=empty
Me1_w_001485	lor	lor2	DETpos	PERS.=3|NOMB.=s|GENRE=m|CAS=r
Me1_w_001486	vis	vis1	NOMcom	NOMB.=s|GENRE=m|CAS=r
Me1_w_001487	Come	come1	CONsub	MORPH=empty
Me1_w_001488	Begue	Begues	NOMpro	NOMB.=s|GENRE=m|CAS=n
Me1_w_001489	les	il	PROper	PERS.=3|NOMB.=p|GENRE=m|CAS=r
Me1_w_001490	voit	vëoir	VERcjg	MODE=ind|TEMPS=pst|PERS.=3|NOMB.=s
Me1_w_001491	trés	très	ADVgen	DEGRE=-
Me1_w_001492	grande	grant	ADJqua	NOMB.=s|GENRE=f|CAS=r|DEGRE=p
Me1_w_001493	pitiés	pitié	NOMcom	NOMB.=s|GENRE=f|CAS=r
Me1_w_001494	l	il	PROper	PERS.=3|NOMB.=s|GENRE=m|CAS=i
Me1_w_001495	en	en2	PROadv	MORPH=empty
Me1_w_001496	prist	prendre	VERcjg	MODE=ind|TEMPS=psp|PERS.=3|NOMB.=s
Me1_w_001497	Estes	estre1	VERcjg	MODE=ind|TEMPS=pst|PERS.=2|NOMB.=p
Me1_w_001498	vos	vos	PROper	PERS.=2|NOMB.=p|GENRE=m|CAS=n
Me1_w_001499	chevaliers	chevalier	NOMcom	NOMB.=p|GENRE=m|CAS=n
Me1_w_001500	li	le	DETdef	NOMB.=s|GENRE=m|CAS=n
Me1_w_001501	a	avoir	VERcjg	MODE=ind|TEMPS=pst|PERS.=3|NOMB.=s
Me1_w_001502	dit	dire	VERppe	NOMB.=s|GENRE=m|CAS=r
Me1_w_001503	†Que	que4	CONsub	MORPH=empty
Me1_w_001504	Et	et	CONcoo	MORPH=empty
Me1_w_001505	cil	cel	PROdem	NOMB.=p|GENRE=m|CAS=n
Me1_w_001506	ont	avoir	VERcjg	MODE=ind|TEMPS=pst|PERS.=3|NOMB.=p
Me1_w_001507	respondu	respondre1	VERppe	NOMB.=s|GENRE=m|CAS=r
Me1_w_001508	Si	si	ADVgen	DEGRE=-
Me1_w_001509	m	je	PROper	PERS.=1|NOMB.=s|GENRE=m|CAS=r
Me1_w_001510	aït	aidier	VERcjg	MODE=sub|TEMPS=pst|PERS.=3|NOMB.=s
Me1_w_001511	Dex	dieu	NOMpro	NOMB.=s|GENRE=m|CAS=n
Me1_w_001512	oïl	öil	ADVgen	DEGRE=-
Me1_w_001513	Jo	je	PROper	PERS.=1|NOMB.=s|GENRE=m|CAS=n
Me1_w_001514	ai	avoir	VERcjg	MODE=ind|TEMPS=pst|PERS.=1|NOMB.=s
Me1_w_001515	a	a3	PRE	MORPH=empty
Me1_w_001516	non	nom	NOMcom	NOMB.=s|GENRE=m|CAS=r
Me1_w_001517	Jofres	Gefrei	NOMpro	NOMB.=s|GENRE=m|CAS=r
Me1_w_001518	et	et	CONcoo	MORPH=empty
Me1_w_001519	si	si	ADVgen	DEGRE=-
Me1_w_001520	sui	estre1	VERcjg	MODE=ind|TEMPS=pst|PERS.=1|NOMB.=s
Me1_w_001521	niés	nevo	NOMcom	NOMB.=s|GENRE=m|CAS=n
Me1_w_001522	Gaudin	Gaudin	NOMpro	NOMB.=s|GENRE=m|CAS=r
Me1_w_001523	Par	par	PRE	MORPH=empty
Me1_w_001524	mon	mon1	DETpos	PERS.=1|NOMB.=s|GENRE=m|CAS=r
Me1_w_001525	cief	chief1	NOMcom	NOMB.=s|GENRE=m|CAS=r
Me1_w_001526	ço	ce1	PROdem	NOMB.=s|GENRE=n|CAS=r
Me1_w_001527	dist	dire	VERcjg	MODE=ind|TEMPS=pst|PERS.=3|NOMB.=s
Me1_w_001528	Begue	Begues	NOMpro	NOMB.=s|GENRE=m|CAS=n
Me1_w_001529	vos	vos	PROper	PERS.=2|NOMB.=p|GENRE=m|CAS=n
Me1_w_001530	estes	estre1	VERcjg	MODE=ind|TEMPS=pst|PERS.=2|NOMB.=p
Me1_w_001531	mes	mon1	DETpos	PERS.=1|NOMB.=s|GENRE=m|CAS=n
Me1_w_001532	cosins	cosin	NOMcom	NOMB.=s|GENRE=m|CAS=n
Me1_w_001533	Sire	seignor	NOMcom	NOMB.=s|GENRE=m|CAS=n
Me1_w_001534	Joifrois	Gefrei	NOMpro	NOMB.=s|GENRE=m|CAS=n
Me1_w_001535	respond	respondre1	VERcjg	MODE=ind|TEMPS=pst|PERS.=3|NOMB.=s
Me1_w_001536	forment	forment2	ADVgen	DEGRE=-
Me1_w_001537	venimes	venir	VERcjg	MODE=ind|TEMPS=psp|PERS.=1|NOMB.=p
Me1_w_001538	a	a3	PRE	MORPH=empty
Me1_w_001539	Pepin	Pepin	NOMpro	NOMB.=s|GENRE=m|CAS=r
Me1_w_001540	Mais	mais1	CONcoo	MORPH=empty
Me1_w_001541	il	il	PROimp	PERS.=0|NOMB.=s|GENRE=n|CAS=n
Me1_w_001542	nous	nos1	PROper	PERS.=1|NOMB.=p|GENRE=m|CAS=i
Me1_w_001543	en	en2	PROadv	MORPH=empty
Me1_w_001544	est	estre1	VERcjg	MODE=ind|TEMPS=pst|PERS.=3|NOMB.=s
Me1_w_001545	sire	seignor	NOMcom	NOMB.=s|GENRE=m|CAS=n
Me1_w_001546	del	de+le	PRE.DETdef	NOMB.=s|GENRE=m|CAS=r
Me1_w_001547	tot	tot	PROind	NOMB.=s|GENRE=m|CAS=r
Me1_w_001548	en	en1	PRE	MORPH=empty
Me1_w_001549	tot	tot	PROind	NOMB.=s|GENRE=m|CAS=r
Me1_w_001550	falis	falir	VERppe	NOMB.=s|GENRE=m|CAS=r
Me1_w_001551	Or	or4	ADVgen	DEGRE=-
Me1_w_001552	retornés	retorner	VERcjg	MODE=imp|PERS.=2|NOMB.=p
Me1_w_001553	ariere	ariere	ADVgen	DEGRE=-
Me1_w_001554	baron	baron	NOMcom	NOMB.=p|GENRE=m|CAS=n
Me1_w_001555	ce	ce1	PROdem	NOMB.=s|GENRE=n|CAS=r
Me1_w_001556	dist	dire	VERcjg	MODE=ind|TEMPS=pst|PERS.=3|NOMB.=s
Me1_w_001557	Garins	Garin	NOMpro	NOMB.=s|GENRE=m|CAS=n
Me1_w_001558	Se	se	CONsub	MORPH=empty
Me1_w_001559	Deus	Deus	NOMpro	NOMB.=s|GENRE=m|CAS=r
Me1_w_001560	plaist	plaire	VERcjg	MODE=ind|TEMPS=pst|PERS.=3|NOMB.=s
Me1_w_001561	et	et	CONcoo	MORPH=empty
Me1_w_001562	Saint	saint	NOMpro	NOMB.=s|GENRE=m|CAS=r
Me1_w_001563	Pierre	Pierre	NOMpro	NOMB.=s|GENRE=m|CAS=r
Me1_w_001564	il	il	PROimp	PERS.=0|NOMB.=s|GENRE=n|CAS=n
Me1_w_001565	n	ne1	ADVneg	MORPH=empty
Me1_w_001566	ira	aler	VERcjg	MODE=ind|TEMPS=fut|PERS.=3|NOMB.=s
Me1_w_001567	mie	mie	ADVneg	MORPH=empty
Me1_w_001568	ainsi	ainsi	ADVgen	DEGRE=-
Me1_w_001569	S	se	CONsub	MORPH=empty
Me1_w_001570	il	il	PROimp	PERS.=0|NOMB.=s|GENRE=m|CAS=n
Me1_w_001571	ensi	ainsi	ADVgen	DEGRE=-
Me1_w_001572	vous	vos	PROper	PERS.=2|NOMB.=p|GENRE=m|CAS=r
Me1_w_001573	faloit	falir	VERcjg	MODE=con|PERS.=3|NOMB.=s
Me1_w_001574	nous	nos1	PROper	PERS.=1|NOMB.=p|GENRE=m|CAS=n
Me1_w_001575	seriemes	estre1	VERcjg	MODE=con|PERS.=1|NOMB.=p
Me1_w_001576	honi	honir	VERppe	NOMB.=p|GENRE=m|CAS=n
Me1_w_001577	Et	et	CONcoo	MORPH=empty
Me1_w_001578	li	le	DETdef	NOMB.=p|GENRE=m|CAS=n
Me1_w_001579	messagier	messagier	NOMcom	NOMB.=p|GENRE=m|CAS=n
Me1_w_001580	dient	dire	VERcjg	MODE=ind|TEMPS=pst|PERS.=3|NOMB.=p
Me1_w_001581	Sire	seignor	NOMcom	NOMB.=s|GENRE=m|CAS=n
Me1_w_001582	vostre	vostre	DETpos	PERS.=2|NOMB.=s|GENRE=f|CAS=r
Me1_w_001583	merci	merci	NOMcom	NOMB.=s|GENRE=f|CAS=r
Me1_w_001584	Ariere	ariere	ADVgen	DEGRE=-
Me1_w_001585	sont	estre1	VERcjg	MODE=ind|TEMPS=pst|PERS.=3|NOMB.=p
Me1_w_001586	venu	venir	VERppe	NOMB.=p|GENRE=m|CAS=n
Me1_w_001587	devant	devant	PRE	MORPH=empty
Me1_w_001588	le	le	DETdef	NOMB.=s|GENRE=m|CAS=r
Me1_w_001589	roi	roi2	NOMcom	NOMB.=s|GENRE=m|CAS=r
Me1_w_001590	Pepin	Pepin	NOMpro	NOMB.=s|GENRE=m|CAS=r
Me1_w_001591	Mout	mout	ADVgen	DEGRE=-
Me1_w_001592	est	estre1	VERcjg	MODE=ind|TEMPS=pst|PERS.=3|NOMB.=s
Me1_w_001593	Garins	Garin	NOMpro	NOMB.=s|GENRE=m|CAS=n
Me1_w_001594	sor	sor2	PRE	MORPH=empty
Me1_w_001595	le	le	DETdef	NOMB.=s|GENRE=m|CAS=r
Me1_w_001596	palais	palais2	NOMcom	NOMB.=s|GENRE=m|CAS=r
Me1_w_001597	montés	monter	VERppe	NOMB.=s|GENRE=m|CAS=n
Me1_w_001598	Avuec	avuec	PRE	MORPH=empty
Me1_w_001599	lui	il	PROper	PERS.=3|NOMB.=s|GENRE=m|CAS=i
Me1_w_001600	les	le	DETdef	NOMB.=p|GENRE=m|CAS=r
Me1_w_001601	messages	message2	NOMcom	NOMB.=p|GENRE=m|CAS=r
Me1_w_001602	que	que2	PROrel	NOMB.=p|GENRE=m|CAS=r
Me1_w_001603	il	il	PROper	PERS.=3|NOMB.=s|GENRE=m|CAS=n
Me1_w_001604	a	avoir	VERcjg	MODE=ind|TEMPS=pst|PERS.=3|NOMB.=s
Me1_w_001605	retornés	retorner	VERppe	NOMB.=p|GENRE=m|CAS=n
Me1_w_001606	Decoste	decoste	PRE	MORPH=empty
Me1_w_001607	lui	il	PROper	PERS.=3|NOMB.=s|GENRE=m|CAS=i
Me1_w_001608	fu	estre1	VERcjg	MODE=ind|TEMPS=psp|PERS.=3|NOMB.=s
Me1_w_001609	Beges	Begues	NOMpro	NOMB.=s|GENRE=m|CAS=n
Me1_w_001610	dont	dont	PROrel	NOMB.=s|GENRE=m|CAS=i
Me1_w_001611	il	il	PROper	PERS.=3|NOMB.=s|GENRE=m|CAS=n
Me1_w_001612	est	estre1	VERcjg	MODE=ind|TEMPS=pst|PERS.=3|NOMB.=s
Me1_w_001613	moult	mout	ADVgen	DEGRE=-
Me1_w_001614	amés	amer1	VERppe	NOMB.=s|GENRE=m|CAS=n
Me1_w_001615	Et	et	CONcoo	MORPH=empty
Me1_w_001616	Fromont	Fromund	NOMpro	NOMB.=s|GENRE=m|CAS=n
Me1_w_001617	et	et	CONcoo	MORPH=empty
Me1_w_001618	Guillaumes	Guilaume	NOMpro	NOMB.=s|GENRE=m|CAS=n
Me1_w_001619	lor	lor2	DETpos	PERS.=3|NOMB.=p|GENRE=m|CAS=n
Me1_w_001620	compaignon	compagnon	NOMcom	NOMB.=p|GENRE=m|CAS=n
Me1_w_001621	juré	jurer	VERppe	NOMB.=p|GENRE=m|CAS=n
Me1_w_001622	Garins	Garin	NOMpro	NOMB.=s|GENRE=m|CAS=n
Me1_w_001623	parla	parler	VERcjg	MODE=ind|TEMPS=psp|PERS.=3|NOMB.=s
Me1_w_001624	premiers	premier	ADJord	NOMB.=s|GENRE=m|CAS=n
Me1_w_001625	qui	qui	PROrel	NOMB.=s|GENRE=m|CAS=n
Me1_w_001626	bien	bien1	ADVgen	DEGRE=p
Me1_w_001627	fu	estre1	VERcjg	MODE=ind|TEMPS=psp|PERS.=3|NOMB.=s
Me1_w_001628	escotés	escouter	VERppe	NOMB.=s|GENRE=m|CAS=n
Me1_w_001629	Sire	seignor	NOMcom	NOMB.=s|GENRE=m|CAS=n
Me1_w_001630	drois	droit	ADJqua	NOMB.=s|GENRE=m|CAS=n|DEGRE=p
Me1_w_001631	empereur	emperëor	NOMcom	NOMB.=s|GENRE=m|CAS=n
Me1_w_001632	envers	envers2	PRE	MORPH=empty
Me1_w_001633	moi	je	PROper	PERS.=1|NOMB.=s|GENRE=m|CAS=i
Me1_w_001634	entendés	entendre	VERcjg	MODE=imp|PERS.=2|NOMB.=p
Me1_w_001635	Une	un	DETndf	NOMB.=s|GENRE=f|CAS=r
Me1_w_001636	cose	chose	NOMcom	NOMB.=s|GENRE=f|CAS=r
Me1_w_001637	avés	avoir	VERcjg	MODE=ind|TEMPS=pst|PERS.=2|NOMB.=p
Me1_w_001638	faite	faire	VERppe	NOMB.=s|GENRE=f|CAS=r
Me1_w_001639	dont	dont	PROrel	NOMB.=s|GENRE=f|CAS=i
Me1_w_001640	mout	mout	ADVgen	DEGRE=-
Me1_w_001641	estes	estre1	VERcjg	MODE=ind|TEMPS=pst|PERS.=2|NOMB.=p
Me1_w_001642	blasmés	blasmer	VERppe	NOMB.=s|GENRE=m|CAS=n
Me1_w_001643	Vous	vos	PROper	PERS.=2|NOMB.=p|GENRE=m|CAS=n
Me1_w_001644	deüssiés	devoir	VERcjg	MODE=sub|TEMPS=ipf|PERS.=2|NOMB.=p
Me1_w_001645	premiers	premier	ADVgen	DEGRE=-
Me1_w_001646	a	a3	PRE	MORPH=empty
Me1_w_001647	vos	vostre	DETpos	PERS.=2|NOMB.=p|GENRE=m|CAS=r
Me1_w_001648	barons	baron	NOMcom	NOMB.=p|GENRE=m|CAS=r
Me1_w_001649	parler	parler	VERinf	MORPH=empty
Me1_w_001650	Ne	ne1	ADVneg	MORPH=empty
Me1_w_001651	deüssiés	devoir	VERcjg	MODE=sub|TEMPS=ipf|PERS.=2|NOMB.=p
Me1_w_001652	pas	pas	ADVneg	MORPH=empty
Me1_w_001653	croire	croire	VERinf	MORPH=empty
Me1_w_001654	les	le	DETdef	NOMB.=p|GENRE=m|CAS=r
Me1_w_001655	viels	vieil	ADJqua	NOMB.=p|GENRE=m|CAS=r|DEGRE=p
Me1_w_001656	chenus	chenu	ADJqua	NOMB.=p|GENRE=m|CAS=r|DEGRE=p
Me1_w_001657	barbés	barbé	ADJqua	NOMB.=p|GENRE=m|CAS=r|DEGRE=p
Me1_w_001658	Ki	qui	PROrel	NOMB.=p|GENRE=m|CAS=n
Me1_w_001659	aiment	amer1	VERcjg	MODE=ind|TEMPS=pst|PERS.=3|NOMB.=p
Me1_w_001660	le	le	DETdef	NOMB.=s|GENRE=m|CAS=r
Me1_w_001661	sejor	sejor	NOMcom	NOMB.=s|GENRE=m|CAS=r
Me1_w_001662	et	et	CONcoo	MORPH=empty
Me1_w_001663	le	le	DETdef	NOMB.=s|GENRE=m|CAS=r
Me1_w_001664	grant	grant	ADJqua	NOMB.=s|GENRE=m|CAS=r|DEGRE=p
Me1_w_001665	reposer	reposer	NOMcom	NOMB.=s|GENRE=m|CAS=r
Me1_w_001666	Et	et	CONcoo	MORPH=empty
Me1_w_001667	le	le	DETdef	NOMB.=s|GENRE=m|CAS=r
Me1_w_001668	soir	soir	NOMcom	NOMB.=s|GENRE=m|CAS=r
Me1_w_001669	al	a3+le	PRE.DETdef	NOMB.=s|GENRE=m|CAS=r
Me1_w_001670	choucier	couchier	NOMcom	NOMB.=s|GENRE=m|CAS=r
Me1_w_001671	le	le	DETdef	NOMB.=s|GENRE=m|CAS=r
Me1_w_001672	vin	vin	NOMcom	NOMB.=s|GENRE=m|CAS=r
Me1_w_001673	et	et	CONcoo	MORPH=empty
Me1_w_001674	le	le	DETdef	NOMB.=s|GENRE=m|CAS=r
Me1_w_001675	claré	claré	NOMcom	NOMB.=s|GENRE=m|CAS=r
Me1_w_001676	Ja	ja	ADVgen	DEGRE=-
Me1_w_001677	par	par	PRE	MORPH=empty
Me1_w_001678	itel	itel	DETind	NOMB.=s|GENRE=m|CAS=r
Me1_w_001679	consel	conseil	NOMcom	NOMB.=s|GENRE=m|CAS=r
Me1_w_001680	en	en1	PRE	MORPH=empty
Me1_w_001681	pris	pris1	NOMcom	NOMB.=s|GENRE=m|CAS=r
Me1_w_001682	ne	ne1	ADVneg	MORPH=empty
Me1_w_001683	monterés	monter	VERcjg	MODE=ind|TEMPS=fut|PERS.=2|NOMB.=p
Me1_w_001684	Sire	seignor	NOMcom	NOMB.=s|GENRE=m|CAS=n
Me1_w_001685	vous	vos	PROper	PERS.=2|NOMB.=p|GENRE=m|CAS=n
Me1_w_001686	dites	dire	VERcjg	MODE=ind|TEMPS=pst|PERS.=2|NOMB.=p
Me1_w_001687	mal	mal1	ADVgen	DEGRE=-
Me1_w_001688	ce	ce1	PROdem	NOMB.=s|GENRE=n|CAS=r
Me1_w_001689	dist	dire	VERcjg	MODE=ind|TEMPS=pst|PERS.=3|NOMB.=s
Me1_w_001690	li	le	DETdef	NOMB.=s|GENRE=m|CAS=n
Me1_w_001691	cuens	conte1	NOMcom	NOMB.=s|GENRE=m|CAS=n
Me1_w_001692	Hardrés	Hardré	NOMpro	NOMB.=s|GENRE=m|CAS=n
Me1_w_001693	La	le	DETdef	NOMB.=s|GENRE=f|CAS=n
Me1_w_001694	terre	terre	NOMcom	NOMB.=s|GENRE=f|CAS=n
Me1_w_001695	est	estre1	VERcjg	MODE=ind|TEMPS=pst|PERS.=3|NOMB.=s
Me1_w_001696	essillie	essillier	VERppe	NOMB.=s|GENRE=f|CAS=n
Me1_w_001697	et	et	CONcoo	MORPH=empty
Me1_w_001698	li	le	DETdef	NOMB.=s|GENRE=m|CAS=n
Me1_w_001699	regne	regne	NOMcom	NOMB.=s|GENRE=m|CAS=n
Me1_w_001700	gastés	gaster	VERppe	NOMB.=s|GENRE=m|CAS=n
Me1_w_001701	Par	par	PRE	MORPH=empty
Me1_w_001702	Girart	Girard	NOMpro	NOMB.=s|GENRE=m|CAS=r
Me1_w_001703	le	le	DETdef	NOMB.=s|GENRE=m|CAS=r
Me1_w_001704	franc	franc1	ADJqua	NOMB.=s|GENRE=m|CAS=r|DEGRE=p
Me1_w_001705	duc	duc2	NOMcom	NOMB.=s|GENRE=m|CAS=r
Me1_w_001706	qu	qui	PROrel	NOMB.=s|GENRE=m|CAS=n
Me1_w_001707	est	estre1	VERcjg	MODE=ind|TEMPS=pst|PERS.=3|NOMB.=s
Me1_w_001708	de	de	PRE	MORPH=empty
Me1_w_001709	Rossilon	Rossillon	NOMpro	NOMB.=s|GENRE=x|CAS=r
Me1_w_001710	nés	naistre	VERppe	NOMB.=s|GENRE=m|CAS=n
Me1_w_001711	Par	par	PRE	MORPH=empty
Me1_w_001712	cui	qui	PROrel	NOMB.=s|GENRE=m|CAS=i
Me1_w_001713	furent	estre1	VERcjg	MODE=ind|TEMPS=psp|PERS.=3|NOMB.=p
Me1_w_001714	maint	maint	DETind	NOMB.=p|GENRE=m|CAS=n
Me1_w_001715	home	ome	NOMcom	NOMB.=p|GENRE=m|CAS=n
Me1_w_001716	mort	morir	VERppe	NOMB.=p|GENRE=m|CAS=n
Me1_w_001717	et	et	CONcoo	MORPH=empty
Me1_w_001718	desireté	desireter	VERppe	NOMB.=p|GENRE=m|CAS=n
Me1_w_001719	Tels	tel	PROind	NOMB.=s|GENRE=m|CAS=n
Me1_w_001720	se	soi1	PROper	PERS.=3|NOMB.=s|GENRE=m|CAS=r
Me1_w_001721	fait	faire	VERcjg	MODE=ind|TEMPS=pst|PERS.=3|NOMB.=s
Me1_w_001722	de	de	PRE	MORPH=empty
Me1_w_001723	la	le	DETdef	NOMB.=s|GENRE=f|CAS=r
Me1_w_001724	guerre	guerre	NOMcom	NOMB.=s|GENRE=f|CAS=r
Me1_w_001725	frés	fraindre	VERppe	NOMB.=s|GENRE=m|CAS=n
Me1_w_001726	et	et	CONcoo	MORPH=empty
Me1_w_001727	abandoné	abandoner	VERppe	NOMB.=s|GENRE=m|CAS=n
Me1_w_001728	Se	se	CONsub	MORPH=empty
Me1_w_001729	Pepins	Pepin	NOMpro	NOMB.=s|GENRE=m|CAS=n
Me1_w_001730	l	le	DETdef	NOMB.=s|GENRE=m|CAS=n
Me1_w_001731	emperere	emperëor	NOMcom	NOMB.=s|GENRE=m|CAS=n
Me1_w_001732	estoit	estre1	VERcjg	MODE=ind|TEMPS=ipf|PERS.=3|NOMB.=s
Me1_w_001733	ore†s†	or4	ADVgen	DEGRE=-
Me1_w_001734	arotés	aroter2	VERppe	NOMB.=s|GENRE=m|CAS=n
Me1_w_001735	Ja	ja	ADVgen	DEGRE=-
Me1_w_001736	n	ne1	ADVneg	MORPH=empty
Me1_w_001737	i	i2	PROadv	MORPH=empty
Me1_w_001738	mettroit	metre2	VERcjg	MODE=con|PERS.=3|NOMB.=s
Me1_w_001739	del	de+le	PRE.DETdef	NOMB.=s|GENRE=m|CAS=r
Me1_w_001740	sien	suen	PROpos	PERS.=3|NOMB.=s|GENRE=m|CAS=r
Me1_w_001741	ij	deus	DETcar	NOMB.=p|GENRE=m|CAS=r
Me1_w_001742	moneés	monëer	VERppe	NOMB.=p|GENRE=m|CAS=r
Me1_w_001743	Sire	seignor	NOMcom	NOMB.=s|GENRE=m|CAS=n
Me1_w_001744	ce	ce1	PROdem	NOMB.=s|GENRE=n|CAS=r
Me1_w_001745	dist	dire	VERcjg	MODE=ind|TEMPS=pst|PERS.=3|NOMB.=s
Me1_w_001746	Garins	Garin	NOMpro	NOMB.=s|GENRE=m|CAS=n
Me1_w_001747	jo	je	PROper	PERS.=1|NOMB.=s|GENRE=m|CAS=n
Me1_w_001748	cuit	cuidier1	VERcjg	MODE=ind|TEMPS=pst|PERS.=1|NOMB.=s
Me1_w_001749	que	que4	CONsub	MORPH=empty
Me1_w_001750	vous	vos	PROper	PERS.=2|NOMB.=p|GENRE=m|CAS=n
Me1_w_001751	gabés	gaber	VERcjg	MODE=ind|TEMPS=pst|PERS.=2|NOMB.=p
Me1_w_001752	Ains	ainz	ADVgen	DEGRE=-
Me1_w_001753	ne	ne1	ADVneg	MORPH=empty
Me1_w_001754	sera	estre1	VERcjg	MODE=ind|TEMPS=fut|PERS.=3|NOMB.=s
Me1_w_001755	ij	deus	DETcar	NOMB.=p|GENRE=m|CAS=r
Me1_w_001756	ans	an	NOMcom	NOMB.=p|GENRE=m|CAS=r
Me1_w_001757	acomplis	acomplir	VERppe	NOMB.=p|GENRE=m|CAS=r
Me1_w_001758	ne	ne2	CONcoo	MORPH=empty
Me1_w_001759	passés	passer1	VERppe	NOMB.=p|GENRE=m|CAS=r
Me1_w_001760	Jo	je	PROper	PERS.=1|NOMB.=s|GENRE=m|CAS=n
Me1_w_001761	mettrai	metre2	VERcjg	MODE=ind|TEMPS=fut|PERS.=1|NOMB.=s
Me1_w_001762	avuec	avuec	PRE	MORPH=empty
Me1_w_001763	moi	je	PROper	PERS.=1|NOMB.=s|GENRE=m|CAS=i
Me1_w_001764	x	dis1	DETcar	NOMB.=p|GENRE=m|CAS=r
Me1_w_001765	m	mil1	DETcar	NOMB.=p|GENRE=m|CAS=r
Me1_w_001766	homes	ome	NOMcom	NOMB.=p|GENRE=m|CAS=r
Me1_w_001767	armés	armer	VERppe	NOMB.=p|GENRE=m|CAS=r
Me1_w_001768	Ains	ainz	ADVgen	DEGRE=-
Me1_w_001769	costera	coster1	VERcjg	MODE=ind|TEMPS=fut|PERS.=3|NOMB.=s
Me1_w_001770	mil	mil1	DETcar	NOMB.=p|GENRE=m|CAS=r
Me1_w_001771	mars	marc1	NOMcom	NOMB.=p|GENRE=m|CAS=r
Me1_w_001772	ains	ainz	ADVgen	DEGRE=-
Me1_w_001773	que	que4	CONsub	MORPH=empty
Me1_w_001774	past	passer1	VERcjg	MODE=ind|TEMPS=pst|PERS.=3|NOMB.=s
Me1_w_001775	li	le	DETdef	NOMB.=s|GENRE=m|CAS=n
Me1_w_001776	estés	esté1	NOMcom	NOMB.=s|GENRE=m|CAS=n
Me1_w_001777	n	ne1	ADVneg	MORPH=empty
Me1_w_001778	ait	avoir	VERcjg	MODE=sub|TEMPS=pst|PERS.=3|NOMB.=s
Me1_w_001779	secors	secors	NOMcom	NOMB.=s|GENRE=m|CAS=r
Me1_w_001780	li	le	DETdef	NOMB.=s|GENRE=m|CAS=r
Me1_w_001781	bons	bon	ADJqua	NOMB.=s|GENRE=m|CAS=r|DEGRE=p
Me1_w_001782	rois	roi2	NOMcom	NOMB.=s|GENRE=m|CAS=r
Me1_w_001783	coronés	coroner	VERppe	NOMB.=s|GENRE=m|CAS=r
Me1_w_001784	Pere	paroir	NOMcom	NOMB.=s|GENRE=m|CAS=r
Me1_w_001785	ce	ce1	PROdem	NOMB.=s|GENRE=n|CAS=r
Me1_w_001786	dist	dire	VERcjg	MODE=ind|TEMPS=pst|PERS.=3|NOMB.=s
Me1_w_001787	Fromont	Fromund	NOMpro	NOMB.=s|GENRE=m|CAS=n
Me1_w_001788	car	car	CONcoo	MORPH=empty
Me1_w_001789	vous	vos	PROper	PERS.=2|NOMB.=p|GENRE=m|CAS=n
Me1_w_001790	reposés	reposer	VERcjg	MODE=ind|TEMPS=pst|PERS.=2|NOMB.=p
Me1_w_001791	Mainte	maint	DETind	NOMB.=s|GENRE=f|CAS=r
Me1_w_001792	parole	parole	NOMcom	NOMB.=s|GENRE=f|CAS=r
Me1_w_001793	as	avoir	VERcjg	MODE=ind|TEMPS=pst|PERS.=2|NOMB.=s
Me1_w_001794	dite	dire	VERppe	NOMB.=s|GENRE=f|CAS=r
Me1_w_001795	dont	dont	PROrel	NOMB.=s|GENRE=f|CAS=i
Me1_w_001796	vous	vos	PROper	PERS.=2|NOMB.=p|GENRE=m|CAS=n
Me1_w_001797	estes	estre1	VERcjg	MODE=ind|TEMPS=pst|PERS.=2|NOMB.=p
Me1_w_001798	blasmés	blasmer	VERppe	NOMB.=s|GENRE=m|CAS=n
Me1_w_001799	Laissiés	laissier	VERcjg	MODE=imp|PERS.=2|NOMB.=p
Me1_w_001800	ester	ester	VERinf	MORPH=empty
Me1_w_001801	la	le	DETdef	NOMB.=s|GENRE=f|CAS=r
Me1_w_001802	cort	cort1	NOMcom	NOMB.=s|GENRE=f|CAS=r
Me1_w_001803	que	que2	PROrel	NOMB.=s|GENRE=f|CAS=i
Me1_w_001804	mestier	mestier	NOMcom	NOMB.=s|GENRE=m|CAS=r
Me1_w_001805	n	ne1	ADVneg	MORPH=empty
Me1_w_001806	i	i2	PROadv	MORPH=empty
Me1_w_001807	avés	avoir	VERcjg	MODE=ind|TEMPS=pst|PERS.=2|NOMB.=p
Me1_w_001808	Nos	nos1	PROper	PERS.=1|NOMB.=p|GENRE=m|CAS=n
Me1_w_001809	remanrons	remanoir	VERcjg	MODE=ind|TEMPS=fut|PERS.=1|NOMB.=p
Me1_w_001810	avés	avoir	VERcjg	MODE=ind|TEMPS=pst|PERS.=2|NOMB.=p
Me1_w_001811	engenrés	engendrer1	VERppe	NOMB.=s|GENRE=m|CAS=r
Me1_w_001812	Et	et	CONcoo	MORPH=empty
Me1_w_001813	li	le	DETdef	NOMB.=s|GENRE=m|CAS=n
Me1_w_001814	rois	roi2	NOMcom	NOMB.=s|GENRE=m|CAS=n
Me1_w_001815	est	estre1	VERcjg	MODE=ind|TEMPS=pst|PERS.=3|NOMB.=s
Me1_w_001816	meschins	meschin	ADJqua	NOMB.=s|GENRE=m|CAS=n|DEGRE=p
Me1_w_001817	servirons	servir	VERcjg	MODE=ind|TEMPS=fut|PERS.=1|NOMB.=p
Me1_w_001818	assés	assez	ADVgen	DEGRE=-
Me1_w_001819	Bien	bien1	ADVgen	DEGRE=p
Me1_w_001820	le	il	PROper	PERS.=3|NOMB.=s|GENRE=m|CAS=r
Me1_w_001821	poromes	pöoir	VERcjg	MODE=ind|TEMPS=fut|PERS.=1|NOMB.=p
Me1_w_001822	et	et	CONcoo	MORPH=empty
Me1_w_001823	mes	mon1	DETpos	PERS.=1|NOMB.=s|GENRE=f|CAS=n
Me1_w_001824	parentés	parenté	NOMcom	NOMB.=s|GENRE=f|CAS=n
Me1_w_001825	Baron	baron	NOMcom	NOMB.=p|GENRE=m|CAS=n
Me1_w_001826	ço	ce1	PROdem	NOMB.=s|GENRE=n|CAS=r
Me1_w_001827	dist	dire	VERcjg	MODE=ind|TEMPS=pst|PERS.=3|NOMB.=s
Me1_w_001828	li	le	DETdef	NOMB.=s|GENRE=m|CAS=n
Me1_w_001829	rois	roi2	NOMcom	NOMB.=s|GENRE=m|CAS=n
Me1_w_001830	trop	trop	ADVgen	DEGRE=-
Me1_w_001831	en	en2	PROadv	MORPH=empty
Me1_w_001832	avés	avoir	VERcjg	MODE=ind|TEMPS=pst|PERS.=2|NOMB.=p
Me1_w_001833	parlé	parler	VERppe	NOMB.=s|GENRE=m|CAS=r
Me1_w_001834	Vos	vos	PROper	PERS.=2|NOMB.=p|GENRE=m|CAS=n
Me1_w_001835	tornés	torner	VERcjg	MODE=ind|TEMPS=pst|PERS.=2|NOMB.=p
Me1_w_001836	tot	tot	DETind	NOMB.=s|GENRE=f|CAS=r
Me1_w_001837	l	le	DETdef	NOMB.=s|GENRE=f|CAS=r
Me1_w_001838	afaire	afaire2	NOMcom	NOMB.=s|GENRE=f|CAS=r
Me1_w_001839	sor	sor2	PRE	MORPH=empty
Me1_w_001840	le	le	DETdef	NOMB.=s|GENRE=m|CAS=r
Me1_w_001841	conte	conte1	NOMcom	NOMB.=s|GENRE=m|CAS=r
Me1_w_001842	Hardré	Hardré	NOMpro	NOMB.=s|GENRE=m|CAS=r
Me1_w_001843	Jo	je	PROper	PERS.=1|NOMB.=s|GENRE=m|CAS=n
Me1_w_001844	irai	aler	VERcjg	MODE=ind|TEMPS=fut|PERS.=1|NOMB.=s
Me1_w_001845	al	a3+le	PRE.DETdef	NOMB.=s|GENRE=m|CAS=r
Me1_w_001846	secors	secors	NOMcom	NOMB.=s|GENRE=m|CAS=r
Me1_w_001847	dès	des2	PRE	MORPH=empty
Me1_w_001848	que	que4	CONsub	MORPH=empty
Me1_w_001849	vos	vos	PROper	PERS.=2|NOMB.=p|GENRE=m|CAS=n
Me1_w_001850	le	il	PROper	PERS.=3|NOMB.=s|GENRE=m|CAS=r
Me1_w_001851	volés	voloir	VERcjg	MODE=ind|TEMPS=pst|PERS.=2|NOMB.=p
Me1_w_001852	Sire	seignor	NOMcom	NOMB.=s|GENRE=m|CAS=n
Me1_w_001853	dist	dire	VERcjg	MODE=ind|TEMPS=pst|PERS.=3|NOMB.=s
Me1_w_001854	li	le	DETdef	NOMB.=s|GENRE=m|CAS=n
Me1_w_001855	dus	duc2	NOMcom	NOMB.=s|GENRE=m|CAS=n
Me1_w_001856	Beges	Begues	NOMpro	NOMB.=s|GENRE=m|CAS=n
Me1_w_001857	que	que4	CONsub	MORPH=empty
Me1_w_001858	faire	faire	VERinf	MORPH=empty
Me1_w_001859	le	il	PROper	PERS.=3|NOMB.=s|GENRE=m|CAS=r
Me1_w_001860	devés	devoir	VERcjg	MODE=ind|TEMPS=pst|PERS.=2|NOMB.=p
Me1_w_001861	Sire	seignor	NOMcom	NOMB.=s|GENRE=m|CAS=n
Me1_w_001862	drois	droit	ADJqua	NOMB.=s|GENRE=m|CAS=n|DEGRE=p
Me1_w_001863	emperere	emperëor	NOMcom	NOMB.=s|GENRE=m|CAS=n
Me1_w_001864	ce	ce1	PROdem	NOMB.=s|GENRE=n|CAS=r
Me1_w_001865	dist	dire	VERcjg	MODE=ind|TEMPS=pst|PERS.=3|NOMB.=s
Me1_w_001866	li	le	DETdef	NOMB.=s|GENRE=m|CAS=n
Me1_w_001867	dus	duc2	NOMcom	NOMB.=s|GENRE=m|CAS=n
Me1_w_001868	Garins	Garin	NOMpro	NOMB.=s|GENRE=m|CAS=n
Me1_w_001869	Se	se	CONsub	MORPH=empty
Me1_w_001870	vous	vos	PROper	PERS.=2|NOMB.=p|GENRE=m|CAS=n
Me1_w_001871	soufrés	sofrir	VERcjg	MODE=ind|TEMPS=pst|PERS.=2|NOMB.=p
Me1_w_001872	itant	itant	ADVgen	DEGRE=-
Me1_w_001873	que	que4	CONsub	MORPH=empty
Me1_w_001874	conquis	conquerre	VERppe	NOMB.=s|GENRE=m|CAS=n
Me1_w_001875	soit	estre1	VERcjg	MODE=sub|TEMPS=pst|PERS.=3|NOMB.=s
Me1_w_001876	Li	le	DETdef	NOMB.=s|GENRE=m|CAS=n
Me1_w_001877	regnes	regne	NOMcom	NOMB.=s|GENRE=m|CAS=n
Me1_w_001878	est	estre1	VERcjg	MODE=ind|TEMPS=pst|PERS.=3|NOMB.=s
Me1_w_001879	perdus	perdre	VERppe	NOMB.=s|GENRE=m|CAS=n
Me1_w_001880	et	et	CONcoo	MORPH=empty
Me1_w_001881	gastés	gaster	VERppe	NOMB.=s|GENRE=m|CAS=n
Me1_w_001882	li	le	DETdef	NOMB.=s|GENRE=m|CAS=n
Me1_w_001883	païs	päis	NOMcom	NOMB.=s|GENRE=m|CAS=n
Me1_w_001884	Onques	onque	ADVgen	DEGRE=-
Me1_w_001885	ne	ne1	ADVneg	MORPH=empty
Me1_w_001886	acointastes	acointer	VERcjg	MODE=ind|TEMPS=psp|PERS.=2|NOMB.=p
Me1_w_001887	plus	plus	ADVgen	DEGRE=-
Me1_w_001888	felons	felon	ADJqua	NOMB.=p|GENRE=m|CAS=r|DEGRE=c
Me1_w_001889	anemis	enemi	NOMcom	NOMB.=p|GENRE=m|CAS=r
Me1_w_001890	Il	il	PROper	PERS.=3|NOMB.=p|GENRE=m|CAS=n
Me1_w_001891	gasteront	gaster	VERcjg	MODE=ind|TEMPS=fut|PERS.=3|NOMB.=p
Me1_w_001892	la	le	DETdef	NOMB.=s|GENRE=f|CAS=r
Me1_w_001893	terre	terre	NOMcom	NOMB.=s|GENRE=f|CAS=r
Me1_w_001894	et	et	CONcoo	MORPH=empty
Me1_w_001895	prendront	prendre	VERcjg	MODE=ind|TEMPS=fut|PERS.=3|NOMB.=p
Me1_w_001896	le	le	DETdef	NOMB.=s|GENRE=m|CAS=r
Me1_w_001897	païs	päis	NOMcom	NOMB.=s|GENRE=m|CAS=r
Me1_w_001898	Saciés	savoir	VERcjg	MODE=imp|PERS.=2|NOMB.=p
Me1_w_001899	tote	tot	DETind	NOMB.=s|GENRE=f|CAS=n
Me1_w_001900	Borgoigne	Borgogne	NOMpro	NOMB.=s|GENRE=f|CAS=n
Me1_w_001901	iert	estre1	VERcjg	MODE=ind|TEMPS=fut|PERS.=3|NOMB.=s
Me1_w_001902	de	de	PRE	MORPH=empty
Me1_w_001903	la	le	DETdef	NOMB.=s|GENRE=f|CAS=r
Me1_w_001904	guerre	guerre	NOMcom	NOMB.=s|GENRE=f|CAS=r
Me1_w_001905	pis	pis1	ADVgen	DEGRE=c
Me1_w_001906	Vassal	vassal	NOMcom	NOMB.=s|GENRE=m|CAS=n
Me1_w_001907	laissiés	laissier	VERcjg	MODE=imp|PERS.=2|NOMB.=p
Me1_w_001908	ester	ester	VERinf	MORPH=empty
Me1_w_001909	li	le	DETdef	NOMB.=s|GENRE=m|CAS=n
Me1_w_001910	emperere	emperëor	NOMcom	NOMB.=s|GENRE=m|CAS=n
Me1_w_001911	a	avoir	VERcjg	MODE=ind|TEMPS=pst|PERS.=3|NOMB.=s
Me1_w_001912	dit	dire	VERppe	NOMB.=s|GENRE=m|CAS=r
Me1_w_001913	Il	il	PROper	PERS.=3|NOMB.=s|GENRE=m|CAS=n
Me1_w_001914	en	en2	PROadv	MORPH=empty
Me1_w_001915	jure	jurer	VERcjg	MODE=ind|TEMPS=pst|PERS.=3|NOMB.=s
Me1_w_001916	Jhesus	Jhesu	NOMpro	NOMB.=s|GENRE=m|CAS=r
Me1_w_001917	et	et	CONcoo	MORPH=empty
Me1_w_001918	li	le	DETdef	NOMB.=s|GENRE=m|CAS=r
Me1_w_001919	cors	cors1	NOMcom	NOMB.=s|GENRE=m|CAS=r
Me1_w_001920	Saint	saint	NOMpro	NOMB.=s|GENRE=m|CAS=r
Me1_w_001921	Denis	Denis	NOMpro	NOMB.=s|GENRE=m|CAS=r
Me1_w_001922	Que	que4	CONsub	MORPH=empty
Me1_w_001923	il	il	PROper	PERS.=3|NOMB.=s|GENRE=m|CAS=n
Me1_w_001924	nel	ne1+il	ADVneg.PROper	PERS.=3|NOMB.=s|GENRE=m|CAS=r
Me1_w_001925	lairoit	laissier	VERcjg	MODE=con|PERS.=3|NOMB.=s
Me1_w_001926	mie	mie	ADVneg	MORPH=empty
Me1_w_001927	qui	qui	PROrel	NOMB.=s|GENRE=m|CAS=n
Me1_w_001928	li	il	PROper	PERS.=3|NOMB.=s|GENRE=m|CAS=i
Me1_w_001929	toldroit	tolir	VERcjg	MODE=con|PERS.=3|NOMB.=s
Me1_w_001930	Paris	Paris	NOMpro	NOMB.=s|GENRE=f|CAS=r
Me1_w_001931	Que	que4	CONsub	MORPH=empty
Me1_w_001932	secore	secorre1	VERinf	MORPH=empty
Me1_w_001933	quant	cant1	CONsub	MORPH=empty
Me1_w_001934	ensi	ainsi	ADVgen	DEGRE=-
Me1_w_001935	en	en2	PROadv	MORPH=empty
Me1_w_001936	Sire	seignor	NOMcom	NOMB.=s|GENRE=m|CAS=n
Me1_w_001937	ço	ce1	PROdem	NOMB.=s|GENRE=n|CAS=r
Me1_w_001938	dist	dire	VERcjg	MODE=ind|TEMPS=pst|PERS.=3|NOMB.=s
Me1_w_001939	dus	duc2	NOMcom	NOMB.=s|GENRE=m|CAS=n
Me1_w_001940	Beges	Begues	NOMpro	NOMB.=s|GENRE=m|CAS=n
Me1_w_001941	la	le	DETdef	NOMB.=s|GENRE=f|CAS=r
Me1_w_001942	vostre	vostre	DETpos	PERS.=2|NOMB.=s|GENRE=f|CAS=r
Me1_w_001943	gent	gent2	ADJqua	NOMB.=s|GENRE=f|CAS=r|DEGRE=p
Me1_w_001944	merci	merci	NOMcom	NOMB.=s|GENRE=f|CAS=r
Me1_w_001945	Ensi	ainsi	ADVgen	DEGRE=-
Me1_w_001946	devés	devoir	VERcjg	MODE=imp|PERS.=2|NOMB.=p
Me1_w_001947	vous	vos	PROper	PERS.=2|NOMB.=p|GENRE=m|CAS=n
Me1_w_001948	faire	faire	VERinf	MORPH=empty
Me1_w_001949	emperere	emperëor	NOMcom	NOMB.=s|GENRE=m|CAS=n
Me1_w_001950	gentis	gentil	ADJqua	NOMB.=s|GENRE=m|CAS=n|DEGRE=p
Me1_w_001951	Et	et	CONcoo	MORPH=empty
Me1_w_001952	vous	vos	PROper	PERS.=2|NOMB.=p|GENRE=m|CAS=n
Me1_w_001953	segnor	seignor	NOMcom	NOMB.=p|GENRE=m|CAS=n
Me1_w_001954	François	François	NOMpro	NOMB.=p|GENRE=m|CAS=n
Me1_w_001955	Mansel	Mansel	NOMpro	NOMB.=s|GENRE=m|CAS=r
Me1_w_001956	et	et	CONcoo	MORPH=empty
Me1_w_001957	Angevin	Angevin	NOMpro	NOMB.=p|GENRE=m|CAS=n
Me1_w_001958	Ja	ja	ADVgen	DEGRE=-
Me1_w_001959	avés	avoir	VERcjg	MODE=ind|TEMPS=pst|PERS.=2|NOMB.=p
Me1_w_001960	vos	vos	PROper	PERS.=2|NOMB.=p|GENRE=m|CAS=n
Me1_w_001961	oï	öir	VERppe	NOMB.=s|GENRE=m|CAS=r
Me1_w_001962	que	que2	PROrel	NOMB.=s|GENRE=n|CAS=r
Me1_w_001963	l	le	DETdef	NOMB.=s|GENRE=m|CAS=n
Me1_w_001964	emperere	emperëor	NOMcom	NOMB.=s|GENRE=m|CAS=n
Me1_w_001965	a	avoir	VERcjg	MODE=ind|TEMPS=pst|PERS.=3|NOMB.=s
Me1_w_001966	dit	dire	VERppe	NOMB.=s|GENRE=m|CAS=r
Me1_w_001967	Alés	aler	VERcjg	MODE=imp|PERS.=2|NOMB.=p
Me1_w_001968	ent	en2	PROadv	MORPH=empty
Me1_w_001969	en	en1	PRE	MORPH=empty
Me1_w_001970	vos	vostre	DETpos	PERS.=2|NOMB.=p|GENRE=f|CAS=r
Me1_w_001971	terres	terre	NOMcom	NOMB.=p|GENRE=f|CAS=r
Me1_w_001972	por	por2	PRE	MORPH=empty
Me1_w_001973	vos	vostre	DETpos	PERS.=2|NOMB.=p|GENRE=f|CAS=r
Me1_w_001974	armes	arme	NOMcom	NOMB.=p|GENRE=f|CAS=r
Me1_w_001975	guarnir	garnir	VERinf	MORPH=empty
Me1_w_001976	Droit	droit	ADVgen	DEGRE=-
Me1_w_001977	a	a3	PRE	MORPH=empty
Me1_w_001978	la	le	DETdef	NOMB.=s|GENRE=f|CAS=r
Me1_w_001979	Pentecoste	pentecoste1	NOMpro	NOMB.=s|GENRE=f|CAS=r
Me1_w_001980	que	que4	CONsub	MORPH=empty
Me1_w_001981	vos	vos	PROper	PERS.=2|NOMB.=p|GENRE=m|CAS=n
Me1_w_001982	soiés	estre1	VERcjg	MODE=sub|TEMPS=pst|PERS.=2|NOMB.=p
Me1_w_001983	ici	ici	ADVgen	DEGRE=-
Me1_w_001984	A	a3	PRE	MORPH=empty
Me1_w_001985	Lions	Lions	NOMpro	NOMB.=s|GENRE=x|CAS=r
Me1_w_001986	la	le	DETdef	NOMB.=s|GENRE=f|CAS=r
Me1_w_001987	cité	cité	NOMcom	NOMB.=s|GENRE=f|CAS=r
Me1_w_001988	u	où	PROrel	NOMB.=s|GENRE=m|CAS=r
Me1_w_001989	li	le	DETdef	NOMB.=s|GENRE=m|CAS=n
Me1_w_001990	conciles	concile	NOMcom	NOMB.=s|GENRE=m|CAS=n
Me1_w_001991	est	estre1	VERcjg	MODE=ind|TEMPS=pst|PERS.=3|NOMB.=s
Me1_w_001992	pris	prendre	VERppe	NOMB.=s|GENRE=m|CAS=n
