XPam_w_000001	Volentiers	volentiers	ADVgen	DEGRE=-
XPam_w_000002	sire	seignor	NOMcom	NOMB.=s|GENRE=m|CAS=n
XPam_w_000003	piuz	puis	PRE	MORPH=empty
XPam_w_000004	ke	que1	CONsub	MORPH=empty
XPam_w_000005	vos	vos	PROper	PERS.=2|NOMB.=p|GENRE=m|CAS=n
XPam_w_000006	le	il	PROper	PERS.=3|NOMB.=s|GENRE=m|CAS=r
XPam_w_000007	volez	voloir	VERcjg	MODE=ind|TEMPS=pst|PERS.=2|NOMB.=p
XPam_w_000008	Ma	mon1	DETpos	PERS.=1|NOMB.=s|GENRE=f|CAS=n
XPam_w_000009	douce	douz	ADJqua	NOMB.=s|GENRE=f|CAS=n|DEGRE=p
XPam_w_000010	fille	fille	NOMcom	NOMB.=s|GENRE=f|CAS=n
XPam_w_000011	dites	dire	VERcjg	MODE=imp|PERS.=2|NOMB.=p
XPam_w_000012	vo	vostre	DETpos	PERS.=2|NOMB.=s|GENRE=f|CAS=r
XPam_w_000013	volentez	volenté	NOMcom	NOMB.=s|GENRE=f|CAS=r
XPam_w_000014	Si	si	ADVgen	DEGRE=-
XPam_w_000015	m	je	PROper	PERS.=1|NOMB.=s|GENRE=m|CAS=r
XPam_w_000016	aïst	aidier	VERcjg	MODE=sub|TEMPS=pst|PERS.=3|NOMB.=s
XPam_w_000017	Deus	dieu	NOMpro	NOMB.=s|GENRE=m|CAS=n
XPam_w_000018	li	le	DETdef	NOMB.=s|GENRE=m|CAS=n
XPam_w_000019	dons	don	NOMcom	NOMB.=s|GENRE=m|CAS=n
XPam_w_000020	vos	vos	PROper	PERS.=2|NOMB.=p|GENRE=m|CAS=i
XPam_w_000021	est	estre1	VERcjg	MODE=ind|TEMPS=pst|PERS.=3|NOMB.=s
XPam_w_000022	donez	doner	VERppe	NOMB.=s|GENRE=m|CAS=n
XPam_w_000023	Sire	seignor	NOMcom	NOMB.=s|GENRE=m|CAS=n
XPam_w_000024	dist	dire	VERcjg	MODE=ind|TEMPS=pst|PERS.=3|NOMB.=s
XPam_w_000025	elle	il	PROper	PERS.=3|NOMB.=s|GENRE=f|CAS=n
XPam_w_000026	Deus	dieu	NOMpro	NOMB.=s|GENRE=m|CAS=n
XPam_w_000027	vos	vos	PROper	PERS.=2|NOMB.=p|GENRE=m|CAS=i
XPam_w_000028	en	en2	PROadv	MORPH=empty
XPam_w_000029	sache	savoir	VERcjg	MODE=sub|TEMPS=pst|PERS.=3|NOMB.=s
XPam_w_000030	grei	gré2	NOMcom	NOMB.=s|GENRE=m|CAS=r
XPam_w_000031	Teis	tel	ADJind	NOMB.=s|GENRE=m|CAS=n
XPam_w_000032	est	estre1	VERcjg	MODE=ind|TEMPS=pst|PERS.=3|NOMB.=s
XPam_w_000033	li	le	DETdef	NOMB.=s|GENRE=m|CAS=n
XPam_w_000034	dons	don	NOMcom	NOMB.=s|GENRE=m|CAS=n
XPam_w_000035	ke	que2	PROrel	NOMB.=s|GENRE=m|CAS=r
XPam_w_000036	vos	vos	PROper	PERS.=2|NOMB.=p|GENRE=m|CAS=i
XPam_w_000037	veul	voloir	VERcjg	MODE=ind|TEMPS=pst|PERS.=1|NOMB.=s
XPam_w_000038	demander	demander	VERinf	MORPH=empty
XPam_w_000039	Ralez	raler	VERcjg	MODE=imp|PERS.=2|NOMB.=p
XPam_w_000040	vos	vos	PROper	PERS.=2|NOMB.=p|GENRE=m|CAS=r
XPam_w_000041	an	en2	PROadv	MORPH=empty
XPam_w_000042	et	et	CONcoo	MORPH=empty
XPam_w_000043	vos	vos	PROper	PERS.=2|NOMB.=p|GENRE=m|CAS=n
XPam_w_000044	et	et	CONcoo	MORPH=empty
XPam_w_000045	vo	vostre	DETpos	PERS.=2|NOMB.=s|GENRE=m|CAS=n
XPam_w_000046	barnez	barné	NOMcom	NOMB.=s|GENRE=m|CAS=n
XPam_w_000047	Car	car	CONcoo	MORPH=empty
XPam_w_000048	plus	plus	ADVgen	DEGRE=-
XPam_w_000049	avant	avant	ADVgen	DEGRE=-
XPam_w_000050	peire	pere	NOMcom	NOMB.=s|GENRE=m|CAS=n
XPam_w_000051	nel	ne1+il	ADVneg.PROper	PERS.=3|NOMB.=s|GENRE=m|CAS=r
XPam_w_000052	mecreez	mescroire	VERcjg	MODE=ind|TEMPS=pst|PERS.=2|NOMB.=p
XPam_w_000053	Vos	vos	PROper	PERS.=2|NOMB.=p|GENRE=m|CAS=n
XPam_w_000054	ne	ne2	CONcoo	MORPH=empty
XPam_w_000055	mes	mon1	DETpos	PERS.=1|NOMB.=s|GENRE=m|CAS=n
XPam_w_000056	freires	frere	NOMcom	NOMB.=s|GENRE=m|CAS=n
XPam_w_000057	avec	avuec	PRE	MORPH=empty
XPam_w_000058	moi	je	PROper	PERS.=1|NOMB.=s|GENRE=f|CAS=i
XPam_w_000059	ne	ne1	ADVneg	MORPH=empty
XPam_w_000060	vanrez	venir	VERcjg	MODE=ind|TEMPS=fut|PERS.=2|NOMB.=p
XPam_w_000061	Mais	mais1	CONcoo	MORPH=empty
XPam_w_000062	la	le	DETdef	NOMB.=s|GENRE=f|CAS=r
XPam_w_000063	roine	röine1	NOMcom	NOMB.=s|GENRE=f|CAS=r
XPam_w_000064	por	por2	PRE	MORPH=empty
XPam_w_000065	Deu	dieu	NOMpro	NOMB.=s|GENRE=m|CAS=r
XPam_w_000066	me	je	PROper	PERS.=1|NOMB.=s|GENRE=f|CAS=i
XPam_w_000067	saluez	salüer	VERcjg	MODE=imp|PERS.=2|NOMB.=p
XPam_w_000068	Floires	Floires	NOMpro	NOMB.=s|GENRE=m|CAS=n
XPam_w_000069	l	il	PROper	PERS.=3|NOMB.=s|GENRE=f|CAS=r
XPam_w_000070	entent	entendre	VERcjg	MODE=ind|TEMPS=pst|PERS.=3|NOMB.=s
XPam_w_000071	le	le	DETdef	NOMB.=s|GENRE=m|CAS=r
XPam_w_000072	sanc	sanc	NOMcom	NOMB.=s|GENRE=m|CAS=r
XPam_w_000073	cuide	cuidier1	VERcjg	MODE=ind|TEMPS=pst|PERS.=3|NOMB.=s
XPam_w_000074	derver	desver	VERinf	MORPH=empty
XPam_w_000075	Voit	vëoir	VERcjg	MODE=ind|TEMPS=pst|PERS.=3|NOMB.=s
XPam_w_000076	Bïatrix	jeter	NOMcom	NOMB.=s|GENRE=m|CAS=r
XPam_w_000077	sel	si+il	ADVgen.PROper	PERS.=3|NOMB.=s|GENRE=f|CAS=r
XPam_w_000078	prant	prendre	VERcjg	MODE=ind|TEMPS=pst|PERS.=3|NOMB.=s
XPam_w_000079	a	a3	PRE	MORPH=empty
XPam_w_000080	ranponer	ramponer	VERinf	MORPH=empty
XPam_w_000081	Folle	fol3	NOMcom	NOMB.=s|GENRE=f|CAS=n
XPam_w_000082	dist	dire	VERcjg	MODE=ind|TEMPS=pst|PERS.=3|NOMB.=s
XPam_w_000083	il	il	PROper	PERS.=3|NOMB.=s|GENRE=m|CAS=n
XPam_w_000084	con	come1	CONsub	MORPH=empty
XPam_w_000085	de	de	PRE	MORPH=empty
XPam_w_000086	honte	honte	NOMcom	NOMB.=s|GENRE=f|CAS=r
XPam_w_000087	savez	savoir	VERcjg	MODE=ind|TEMPS=pst|PERS.=2|NOMB.=p
XPam_w_000088	Car	car	CONcoo	MORPH=empty
XPam_w_000089	por	por2	PRE	MORPH=empty
XPam_w_000090	aucun	aucun	DETind	NOMB.=s|GENRE=f|CAS=r
XPam_w_000091	malice	malice	NOMcom	NOMB.=s|GENRE=f|CAS=r
XPam_w_000092	dit	dire	VERcjg	MODE=ind|TEMPS=pst|PERS.=3|NOMB.=s
XPam_w_000093	l	il	PROper	PERS.=3|NOMB.=s|GENRE=m|CAS=r
XPam_w_000094	avez	avoir	VERcjg	MODE=ind|TEMPS=pst|PERS.=2|NOMB.=p
XPam_w_000095	Non	non	ADVneg	MORPH=empty
XPam_w_000096	n	ne1	ADVneg	MORPH=empty
XPam_w_000097	ai	avoir	VERcjg	MODE=ind|TEMPS=pst|PERS.=3|NOMB.=s
XPam_w_000098	biau	bel1	ADJqua	NOMB.=s|GENRE=m|CAS=n|DEGRE=p
XPam_w_000099	freire	frere	NOMcom	NOMB.=s|GENRE=m|CAS=n
XPam_w_000100	mais	mais1	CONcoo	MORPH=empty
XPam_w_000101	por	por2	PRE	MORPH=empty
XPam_w_000102	Deu	dieu	NOMpro	NOMB.=s|GENRE=m|CAS=r
XPam_w_000103	retornez	retorner	VERcjg	MODE=imp|PERS.=2|NOMB.=p
XPam_w_000104	Ke	que4	CONsub	MORPH=empty
XPam_w_000105	plus	plus	ADVgen	DEGRE=-
XPam_w_000106	avant	avant	ADVgen	DEGRE=-
XPam_w_000107	avec	avuec	PRE	MORPH=empty
XPam_w_000108	moi	je	PROper	PERS.=1|NOMB.=s|GENRE=f|CAS=i
XPam_w_000109	ne	ne1	ADVneg	MORPH=empty
XPam_w_000110	vanrez	venir	VERcjg	MODE=ind|TEMPS=fut|PERS.=2|NOMB.=p
XPam_w_000111	Floires	Floires	NOMpro	NOMB.=s|GENRE=m|CAS=n
XPam_w_000112	l	il	PROper	PERS.=3|NOMB.=s|GENRE=m|CAS=r
XPam_w_000113	entent	entendre	VERcjg	MODE=ind|TEMPS=pst|PERS.=3|NOMB.=s
XPam_w_000114	le	le	DETdef	NOMB.=s|GENRE=m|CAS=r
XPam_w_000115	sanc	sanc	NOMcom	NOMB.=s|GENRE=m|CAS=r
XPam_w_000116	cuide	cuidier1	VERcjg	MODE=ind|TEMPS=pst|PERS.=3|NOMB.=s
XPam_w_000117	derver	desver	VERinf	MORPH=empty
XPam_w_000118	Filz	fil2	NOMcom	NOMB.=s|GENRE=m|CAS=n
XPam_w_000119	dist	dire	VERcjg	MODE=ind|TEMPS=pst|PERS.=3|NOMB.=s
XPam_w_000120	li	le	DETdef	NOMB.=s|GENRE=m|CAS=n
XPam_w_000121	peires	pere	NOMcom	NOMB.=s|GENRE=m|CAS=n
XPam_w_000122	tot	tot	DETind	NOMB.=s|GENRE=m|CAS=r
XPam_w_000123	ceu	ce1	PROdem	NOMB.=s|GENRE=m|CAS=r
XPam_w_000124	lasciés	laissier	VERcjg	MODE=imp|PERS.=2|NOMB.=p
XPam_w_000125	ester	ester	VERinf	MORPH=empty
XPam_w_000126	Li	le	DETdef	NOMB.=s|GENRE=m|CAS=n
XPam_w_000127	dons	don	NOMcom	NOMB.=s|GENRE=m|CAS=n
XPam_w_000128	l	il	PROper	PERS.=3|NOMB.=s|GENRE=f|CAS=i
XPam_w_000129	en	en2	PROadv	MORPH=empty
XPam_w_000130	est	estre1	VERcjg	MODE=ind|TEMPS=pst|PERS.=3|NOMB.=s
XPam_w_000131	otroiez	otroiier	VERppe	NOMB.=s|GENRE=m|CAS=n
XPam_w_000132	et	et	CONcoo	MORPH=empty
XPam_w_000133	donez	doner	VERppe	NOMB.=s|GENRE=m|CAS=n
XPam_w_000134	Les	le	DETdef	NOMB.=p|GENRE=m|CAS=r
XPam_w_000135	trois	trois	ADJcar	NOMB.=p|GENRE=m|CAS=r
XPam_w_000136	rois	roi2	NOMcom	NOMB.=p|GENRE=m|CAS=r
XPam_w_000137	ait	avoir	VERcjg	MODE=ind|TEMPS=pst|PERS.=3|NOMB.=s
XPam_w_000138	doucement	doucement	ADVgen	DEGRE=-
XPam_w_000139	apellez	apeler	VERppe	NOMB.=p|GENRE=m|CAS=r
XPam_w_000140	Signors	seignor	NOMcom	NOMB.=p|GENRE=m|CAS=n
XPam_w_000141	dist	dire	VERcjg	MODE=ind|TEMPS=pst|PERS.=3|NOMB.=s
XPam_w_000142	il	il	PROper	PERS.=3|NOMB.=s|GENRE=m|CAS=n
XPam_w_000143	vers	vers2	PRE	MORPH=empty
XPam_w_000144	moi	je	PROper	PERS.=1|NOMB.=s|GENRE=m|CAS=i
XPam_w_000145	en	en2	PROadv	MORPH=empty
XPam_w_000146	entendez	entendre	VERcjg	MODE=imp|PERS.=2|NOMB.=p
XPam_w_000147	Por	por2	PRE	MORPH=empty
XPam_w_000148	Deu	dieu	NOMpro	NOMB.=s|GENRE=m|CAS=r
XPam_w_000149	ma	mon1	DETpos	PERS.=1|NOMB.=s|GENRE=f|CAS=r
XPam_w_000150	fille	fille	NOMcom	NOMB.=s|GENRE=f|CAS=r
XPam_w_000151	en	en1	PRE	MORPH=empty
XPam_w_000152	bone	bon	ADJqua	NOMB.=s|GENRE=f|CAS=r|DEGRE=p
XPam_w_000153	leautez	lëauté	NOMcom	NOMB.=s|GENRE=f|CAS=r
XPam_w_000154	Me	je	PROper	PERS.=1|NOMB.=s|GENRE=m|CAS=i
XPam_w_000155	conduisiez	conduire	VERcjg	MODE=imp|PERS.=2|NOMB.=p
XPam_w_000156	au	a3+le	PRE.DETdef	NOMB.=s|GENRE=m|CAS=r
XPam_w_000157	roi	roi2	NOMcom	NOMB.=s|GENRE=m|CAS=r
XPam_w_000158	la	il	PROper	PERS.=3|NOMB.=s|GENRE=f|CAS=r
XPam_w_000159	presentez	presenter	VERcjg	MODE=imp|PERS.=2|NOMB.=p
XPam_w_000160	Et	et	CONcoo	MORPH=empty
XPam_w_000161	cest	cest	DETdem	NOMB.=s|GENRE=m|CAS=r
XPam_w_000162	avoir	avoir	NOMcom	NOMB.=s|GENRE=m|CAS=r
XPam_w_000163	dont	dont	PROrel	NOMB.=s|GENRE=m|CAS=i
XPam_w_000164	il	il	PROper	PERS.=3|NOMB.=s|GENRE=m|CAS=n
XPam_w_000165	i	i2	PROadv	MORPH=empty
XPam_w_000166	ait	avoir	VERcjg	MODE=ind|TEMPS=pst|PERS.=3|NOMB.=s
XPam_w_000167	plantez	plenté	NOMcom	NOMB.=s|GENRE=f|CAS=r
XPam_w_000168	.L.	cincante	PROcar	NOMB.=p|GENRE=m|CAS=n
XPam_w_000169	certes	certes	ADVgen	DEGRE=-
XPam_w_000170	somiers	somier2	NOMcom	NOMB.=p|GENRE=m|CAS=r
XPam_w_000171	trestoz	trestot	ADVgen	DEGRE=-
XPam_w_000172	trosez	torser2	VERppe	NOMB.=p|GENRE=m|CAS=r
XPam_w_000173	D	de	PRE	MORPH=empty
XPam_w_000174	or	or1	NOMcom	NOMB.=s|GENRE=m|CAS=r
XPam_w_000175	et	et	CONcoo	MORPH=empty
XPam_w_000176	d	de	PRE	MORPH=empty
XPam_w_000177	argent	argent	NOMcom	NOMB.=s|GENRE=m|CAS=r
XPam_w_000178	et	et	CONcoo	MORPH=empty
XPam_w_000179	de	de	PRE	MORPH=empty
XPam_w_000180	paille	paile	NOMcom	NOMB.=s|GENRE=m|CAS=r
XPam_w_000181	roez	röer2	VERppe	NOMB.=s|GENRE=m|CAS=r|DEGRE=p
XPam_w_000182	Et	et	CONcoo	MORPH=empty
XPam_w_000183	ces	ce2	DETdem	NOMB.=p|GENRE=m|CAS=r
XPam_w_000184	lieons	lïon	NOMcom	NOMB.=p|GENRE=m|CAS=r
XPam_w_000185	et	et	CONcoo	MORPH=empty
XPam_w_000186	ces	ce2	DETdem	NOMB.=p|GENRE=m|CAS=r
XPam_w_000187	ors	ors	NOMcom	NOMB.=p|GENRE=m|CAS=r
XPam_w_000188	enchainez	enchäener	VERppe	NOMB.=p|GENRE=m|CAS=r
XPam_w_000189	Boins	bon	ADJqua	NOMB.=s|GENRE=m|CAS=n|DEGRE=p
XPam_w_000190	rois	roi2	NOMcom	NOMB.=s|GENRE=m|CAS=n
XPam_w_000191	font	faire	VERcjg	MODE=ind|TEMPS=pst|PERS.=3|NOMB.=p
XPam_w_000192	il	il	PROper	PERS.=3|NOMB.=p|GENRE=m|CAS=n
XPam_w_000193	si	si	ADVgen	DEGRE=-
XPam_w_000194	con	come1	CONsub	MORPH=empty
XPam_w_000195	vos	vos	PROper	PERS.=2|NOMB.=p|GENRE=m|CAS=n
XPam_w_000196	comandez	comander	VERcjg	MODE=ind|TEMPS=pst|PERS.=2|NOMB.=p
XPam_w_000197	Atant	atant	ADVgen	DEGRE=-
XPam_w_000198	s	soi1	PROper	PERS.=3|NOMB.=p|GENRE=m|CAS=r
XPam_w_000199	acollent	acoler	VERcjg	MODE=ind|TEMPS=pst|PERS.=3|NOMB.=p
XPam_w_000200	par	par	PRE	MORPH=empty
XPam_w_000201	molt	mout	ADVgen	DEGRE=-
XPam_w_000202	grans	grant	ADJqua	NOMB.=p|GENRE=f|CAS=r|DEGRE=p
XPam_w_000203	amistez	amistié	NOMcom	NOMB.=p|GENRE=f|CAS=r
XPam_w_000204	Au	a3+le	PRE.DETdef	NOMB.=s|GENRE=m|CAS=r
XPam_w_000205	departir	departir	NOMcom	NOMB.=s|GENRE=m|CAS=r
XPam_w_000206	l	le	DETdef	NOMB.=s|GENRE=m|CAS=n
XPam_w_000207	un	un	PROind	NOMB.=s|GENRE=m|CAS=n
XPam_w_000208	l	le	DETdef	NOMB.=s|GENRE=m|CAS=r
XPam_w_000209	autre	autre	PROind	NOMB.=s|GENRE=m|CAS=r
XPam_w_000210	ait	avoir	VERcjg	MODE=ind|TEMPS=pst|PERS.=3|NOMB.=s
XPam_w_000211	comandei	comander	VERppe	NOMB.=s|GENRE=m|CAS=r
XPam_w_000212	A	a3	PRE	MORPH=empty
XPam_w_000213	Deu	dieu	NOMpro	NOMB.=s|GENRE=m|CAS=r
XPam_w_000214	de	de	PRE	MORPH=empty
XPam_w_000215	gloire	gloire	NOMcom	NOMB.=s|GENRE=f|CAS=r
XPam_w_000216	le	le	DETdef	NOMB.=s|GENRE=m|CAS=r
XPam_w_000217	roi	roi2	NOMcom	NOMB.=s|GENRE=m|CAS=r
XPam_w_000218	de	de	PRE	MORPH=empty
XPam_w_000219	maïsté	majesté	NOMcom	NOMB.=s|GENRE=f|CAS=r
XPam_w_000220	Et	et	CONcoo	MORPH=empty
XPam_w_000221	li	le	DETdef	NOMB.=s|GENRE=m|CAS=n
XPam_w_000222	rois	roi2	NOMcom	NOMB.=s|GENRE=m|CAS=n
XPam_w_000223	ait	avoir	VERcjg	MODE=ind|TEMPS=pst|PERS.=3|NOMB.=s
XPam_w_000224	Bïatrix	Biatrix	NOMpro	NOMB.=s|GENRE=f|CAS=r
XPam_w_000225	apellez	apeler	VERppe	NOMB.=s|GENRE=m|CAS=r
XPam_w_000226	Fille	fille	NOMcom	NOMB.=s|GENRE=f|CAS=n
XPam_w_000227	dist	dire	VERcjg	MODE=ind|TEMPS=pst|PERS.=3|NOMB.=s
XPam_w_000228	il	il	PROper	PERS.=3|NOMB.=s|GENRE=m|CAS=n
XPam_w_000229	je	je	PROper	PERS.=1|NOMB.=s|GENRE=m|CAS=n
XPam_w_000230	vos	vos	PROper	PERS.=2|NOMB.=p|GENRE=f|CAS=r
XPam_w_000231	comant	comander	VERcjg	MODE=ind|TEMPS=pst|PERS.=1|NOMB.=s
XPam_w_000232	à	a3	PRE	MORPH=empty
XPam_w_000233	Dei	dieu	NOMpro	NOMB.=s|GENRE=m|CAS=r
XPam_w_000234	Tenez	tenir1	VERcjg	MODE=imp|PERS.=2|NOMB.=p
XPam_w_000235	lou	le	DETdef	NOMB.=s|GENRE=m|CAS=r
XPam_w_000236	roi	roi2	NOMcom	NOMB.=s|GENRE=m|CAS=r
XPam_w_000237	et	et	CONcoo	MORPH=empty
XPam_w_000238	foi	foi	NOMcom	NOMB.=s|GENRE=f|CAS=r
XPam_w_000239	et	et	CONcoo	MORPH=empty
XPam_w_000240	leauteit	lëauté	NOMcom	NOMB.=s|GENRE=f|CAS=r
XPam_w_000241	Sire	seignor	NOMcom	NOMB.=s|GENRE=m|CAS=n
XPam_w_000242	dist	dire	VERcjg	MODE=ind|TEMPS=pst|PERS.=3|NOMB.=s
XPam_w_000243	elle	il	PROper	PERS.=3|NOMB.=s|GENRE=f|CAS=n
XPam_w_000244	si	si	ADVgen	DEGRE=-
XPam_w_000245	con	come1	CONsub	MORPH=empty
XPam_w_000246	vos	vos	PROper	PERS.=2|NOMB.=p|GENRE=m|CAS=n
XPam_w_000247	comandez	comander	VERcjg	MODE=ind|TEMPS=pst|PERS.=2|NOMB.=p
XPam_w_000248	En	en1	PRE	MORPH=empty
XPam_w_000249	tel	tel	DETind	NOMB.=s|GENRE=f|CAS=r
XPam_w_000250	maniere	maniere	NOMcom	NOMB.=s|GENRE=f|CAS=r
XPam_w_000251	bien	bien1	ADVgen	DEGRE=p
XPam_w_000252	en	en2	PROadv	MORPH=empty
XPam_w_000253	orez	öir	VERcjg	MODE=ind|TEMPS=fut|PERS.=2|NOMB.=p
XPam_w_000254	parler	parler	VERinf	MORPH=empty
XPam_w_000255	Fille	fille	NOMcom	NOMB.=s|GENRE=f|CAS=n
XPam_w_000256	dist	dire	VERcjg	MODE=ind|TEMPS=pst|PERS.=3|NOMB.=s
XPam_w_000257	il	il	PROper	PERS.=3|NOMB.=s|GENRE=m|CAS=n
XPam_w_000258	Deus	dieu	NOMpro	NOMB.=s|GENRE=m|CAS=n
XPam_w_000259	vos	vos	PROper	PERS.=2|NOMB.=p|GENRE=f|CAS=i
XPam_w_000260	en	en2	PROadv	MORPH=empty
XPam_w_000261	sache	savoir	VERcjg	MODE=sub|TEMPS=ipf|PERS.=3|NOMB.=s
XPam_w_000262	grei	gré2	NOMcom	NOMB.=s|GENRE=m|CAS=r
XPam_w_000263	Atant	atant	ADVgen	DEGRE=-
XPam_w_000264	la	il	PROper	PERS.=3|NOMB.=s|GENRE=f|CAS=r
XPam_w_000265	baisse	baissier	VERcjg	MODE=ind|TEMPS=pst|PERS.=3|NOMB.=s
XPam_w_000266	cant	cant1	CONsub	MORPH=empty
XPam_w_000267	vint	venir	VERcjg	MODE=ind|TEMPS=psp|PERS.=3|NOMB.=s
XPam_w_000268	au	a3+le	PRE.DETdef	NOMB.=s|GENRE=m|CAS=r
XPam_w_000269	decevrer	dessevrer	NOMcom	NOMB.=s|GENRE=m|CAS=r
XPam_w_000270	A	a3	PRE	MORPH=empty
XPam_w_000271	Damedeu	damnedeu	NOMpro	NOMB.=s|GENRE=m|CAS=r
XPam_w_000272	a	avoir	VERcjg	MODE=ind|TEMPS=pst|PERS.=3|NOMB.=s
XPam_w_000273	son	son4	DETpos	PERS.=3|NOMB.=s|GENRE=m|CAS=r
XPam_w_000274	cors	cors1	NOMcom	NOMB.=s|GENRE=m|CAS=r
XPam_w_000275	comandei	comander	VERppe	NOMB.=s|GENRE=m|CAS=r
XPam_w_000276	Atant	atant	ADVgen	DEGRE=-
XPam_w_000277	retorne	retorner	VERcjg	MODE=ind|TEMPS=pst|PERS.=3|NOMB.=s
XPam_w_000278	li	le	DETdef	NOMB.=s|GENRE=m|CAS=n
XPam_w_000279	rois	roi2	NOMcom	NOMB.=s|GENRE=m|CAS=n
XPam_w_000280	et	et	CONcoo	MORPH=empty
XPam_w_000281	ces	son4	DETpos	PERS.=3|NOMB.=s|GENRE=m|CAS=n
XPam_w_000282	barnez	barné	NOMcom	NOMB.=s|GENRE=m|CAS=n
XPam_w_000283	Li	le	DETdef	NOMB.=s|GENRE=m|CAS=n
XPam_w_000284	rois	roi2	NOMcom	NOMB.=s|GENRE=m|CAS=n
XPam_w_000285	Eustaice	Eustaice	NOMpro	NOMB.=s|GENRE=m|CAS=n
XPam_w_000286	devers	devers	PRE	MORPH=empty
XPam_w_000287	Tir	Tir	NOMpro	NOMB.=s|GENRE=x|CAS=r
XPam_w_000288	la	le	DETdef	NOMB.=s|GENRE=f|CAS=r
XPam_w_000289	cité	cité	NOMcom	NOMB.=s|GENRE=f|CAS=r
XPam_w_000290	Li	le	DETdef	NOMB.=p|GENRE=m|CAS=n
XPam_w_000291	messagiers	messagier	NOMcom	NOMB.=p|GENRE=m|CAS=n
XPam_w_000292	penserent	penser	VERcjg	MODE=ind|TEMPS=psp|PERS.=3|NOMB.=p
XPam_w_000293	de	de	PRE	MORPH=empty
XPam_w_000294	l	le	DETdef	NOMB.=s|GENRE=m|CAS=r
XPam_w_000295	errer	errer2	NOMcom	NOMB.=s|GENRE=m|CAS=r
XPam_w_000296	Droit	droit	ADVgen	DEGRE=-
XPam_w_000297	vers	vers2	PRE	MORPH=empty
XPam_w_000298	Espaigne	Espagne	NOMpro	NOMB.=s|GENRE=f|CAS=r
XPam_w_000299	ont	avoir	VERcjg	MODE=ind|TEMPS=pst|PERS.=3|NOMB.=p
XPam_w_000300	lor	lor2	DETpos	PERS.=3|NOMB.=s|GENRE=m|CAS=r
XPam_w_000301	chemin	chemin	NOMcom	NOMB.=s|GENRE=m|CAS=r
XPam_w_000302	tornei	torner	VERppe	NOMB.=s|GENRE=m|CAS=r
XPam_w_000303	Tresc	tresque1	PRE	MORPH=empty
XPam_w_000304	ai	a3	PRE	MORPH=empty
XPam_w_000305	vers	vers2	PRE	MORPH=empty
XPam_w_000306	nonne	none2	NOMcom	NOMB.=s|GENRE=f|CAS=r
XPam_w_000307	ont	avoir	VERcjg	MODE=ind|TEMPS=pst|PERS.=3|NOMB.=p
XPam_w_000308	molt	mout	ADVgen	DEGRE=-
XPam_w_000309	bien	bien1	ADVgen	DEGRE=p
XPam_w_000310	cheminei	cheminer	VERppe	NOMB.=s|GENRE=m|CAS=r
XPam_w_000311	A	a3	PRE	MORPH=empty
XPam_w_000312	une	un	DETndf	NOMB.=s|GENRE=f|CAS=r
XPam_w_000313	liue	lieue	NOMcom	NOMB.=s|GENRE=f|CAS=r
XPam_w_000314	pres	près	ADVgen	DEGRE=-
XPam_w_000315	dou	de+le	PRE.DETdef	NOMB.=s|GENRE=m|CAS=r
XPam_w_000316	brulet	bruillet	NOMcom	NOMB.=s|GENRE=m|CAS=r
XPam_w_000317	ramei	ramé	ADJqua	NOMB.=s|GENRE=m|CAS=r|DEGRE=p
XPam_w_000318	Ou	où	PROrel	NOMB.=s|GENRE=m|CAS=i
XPam_w_000319	Hervis	Hervis	NOMpro	NOMB.=s|GENRE=m|CAS=n
XPam_w_000320	iert	estre1	VERcjg	MODE=ind|TEMPS=ipf|PERS.=3|NOMB.=s
XPam_w_000321	et	et	CONcoo	MORPH=empty
XPam_w_000322	ces	son4	DETpos	PERS.=3|NOMB.=s|GENRE=m|CAS=n
XPam_w_000323	riches	riche	ADJqua	NOMB.=s|GENRE=m|CAS=n|DEGRE=p
XPam_w_000324	barnez	barné	NOMcom	NOMB.=s|GENRE=m|CAS=n
XPam_w_000325	Et	et	CONcoo	MORPH=empty
XPam_w_000326	Bïatrix	Biatrix	NOMpro	NOMB.=s|GENRE=f|CAS=n
XPam_w_000327	la	le	DETdef	NOMB.=s|GENRE=f|CAS=n
XPam_w_000328	belle	bel1	NOMcom	NOMB.=s|GENRE=f|CAS=n
XPam_w_000329	o	o4	PRE	MORPH=empty
XPam_w_000330	le	le	DETdef	NOMB.=s|GENRE=m|CAS=r
XPam_w_000331	vis	vis1	NOMcom	NOMB.=s|GENRE=m|CAS=r
XPam_w_000332	cler	cler	ADJqua	NOMB.=s|GENRE=m|CAS=r|DEGRE=p
XPam_w_000333	Le	le	DETdef	NOMB.=s|GENRE=m|CAS=r
XPam_w_000334	brulet	bruillet	NOMcom	NOMB.=s|GENRE=m|CAS=r
XPam_w_000335	ait	avoir	VERcjg	MODE=ind|TEMPS=pst|PERS.=3|NOMB.=s
XPam_w_000336	molt	mout	ADVgen	DEGRE=-
XPam_w_000337	bien	bien1	ADVgen	DEGRE=p
XPam_w_000338	avisei	aviser	VERppe	NOMB.=s|GENRE=m|CAS=r
XPam_w_000339	Or	or4	ADVgen	DEGRE=-
XPam_w_000340	ecoutez	escouter	VERcjg	MODE=imp|PERS.=2|NOMB.=p
XPam_w_000341	de	de	PRE	MORPH=empty
XPam_w_000342	la	le	DETdef	NOMB.=s|GENRE=f|CAS=r
XPam_w_000343	dame	dame	NOMcom	NOMB.=s|GENRE=f|CAS=r
XPam_w_000344	a	a3	PRE	MORPH=empty
XPam_w_000345	vis	vis1	NOMcom	NOMB.=s|GENRE=m|CAS=r
XPam_w_000346	cler	cler	ADJqua	NOMB.=s|GENRE=m|CAS=r|DEGRE=p
XPam_w_000347	Comment	coment1	ADVsub	MORPH=empty
XPam_w_000348	elle	il	PROper	PERS.=3|NOMB.=s|GENRE=f|CAS=n
XPam_w_000349	ait	avoir	VERcjg	MODE=ind|TEMPS=pst|PERS.=3|NOMB.=s
XPam_w_000350	aploitié	esploitier	VERppe	NOMB.=s|GENRE=m|CAS=r
XPam_w_000351	et	et	CONcoo	MORPH=empty
XPam_w_000352	errei	errer2	VERppe	NOMB.=s|GENRE=m|CAS=r
XPam_w_000353	Les	le	DETdef	NOMB.=p|GENRE=m|CAS=r
XPam_w_000354	trois	trois	ADJcar	NOMB.=p|GENRE=m|CAS=r
XPam_w_000355	rois	roi2	NOMcom	NOMB.=p|GENRE=m|CAS=r
XPam_w_000356	ait	avoir	VERcjg	MODE=ind|TEMPS=pst|PERS.=3|NOMB.=s
XPam_w_000357	maintenant	maintenant	ADVgen	DEGRE=-
XPam_w_000358	apellei	apeler	VERppe	NOMB.=s|GENRE=m|CAS=r
XPam_w_000359	Signors	seignor	NOMcom	NOMB.=p|GENRE=m|CAS=n
XPam_w_000360	dist	dire	VERcjg	MODE=ind|TEMPS=pst|PERS.=3|NOMB.=s
XPam_w_000361	elle	il	PROper	PERS.=3|NOMB.=s|GENRE=f|CAS=n
XPam_w_000362	vers	vers2	PRE	MORPH=empty
XPam_w_000363	moi	je	PROper	PERS.=1|NOMB.=s|GENRE=m|CAS=i
XPam_w_000364	entendez	entendre	VERcjg	MODE=imp|PERS.=2|NOMB.=p
XPam_w_000365	Un	un	DETndf	NOMB.=s|GENRE=m|CAS=r
XPam_w_000366	petitet	petitet	PROind	NOMB.=s|GENRE=m|CAS=r
XPam_w_000367	veul	voloir	VERcjg	MODE=ind|TEMPS=pst|PERS.=1|NOMB.=s
XPam_w_000368	mon	mon1	DETpos	PERS.=1|NOMB.=s|GENRE=m|CAS=r
XPam_w_000369	cors	cors1	NOMcom	NOMB.=s|GENRE=m|CAS=r
XPam_w_000370	reposser	reposer	VERinf	MORPH=empty
XPam_w_000371	Por	por2	PRE	MORPH=empty
XPam_w_000372	la	le	DETdef	NOMB.=s|GENRE=f|CAS=r
XPam_w_000373	chalour	chalor	NOMcom	NOMB.=s|GENRE=f|CAS=r
XPam_w_000374	ki	cui	PROrel	NOMB.=s|GENRE=f|CAS=n
XPam_w_000375	ou	en1+le	PRE.DETdef	NOMB.=s|GENRE=m|CAS=r
XPam_w_000376	chief	chief1	NOMcom	NOMB.=s|GENRE=m|CAS=r
XPam_w_000377	me	je	PROper	PERS.=1|NOMB.=s|GENRE=f|CAS=i
XPam_w_000378	fait	faire	VERcjg	MODE=ind|TEMPS=pst|PERS.=3|NOMB.=s
XPam_w_000379	meil	mal1	NOMcom	NOMB.=s|GENRE=m|CAS=r
XPam_w_000380	Deleis	dalez	PRE	MORPH=empty
XPam_w_000381	cel	cel	DETdem	NOMB.=s|GENRE=m|CAS=r
XPam_w_000382	treif	tref2	NOMcom	NOMB.=s|GENRE=m|CAS=r
XPam_w_000383	faites	faire	VERcjg	MODE=imp|PERS.=2|NOMB.=p
XPam_w_000384	tandre	tendre1	VERinf	MORPH=empty
XPam_w_000385	mon	mon1	DETpos	PERS.=1|NOMB.=s|GENRE=m|CAS=r
XPam_w_000386	treif	tref2	NOMcom	NOMB.=s|GENRE=m|CAS=r
XPam_w_000387	Por	por2	PRE	MORPH=empty
XPam_w_000388	le	le	DETdef	NOMB.=s|GENRE=m|CAS=r
XPam_w_000389	mien	mien	ADJpos	PERS.=1|NOMB.=s|GENRE=m|CAS=r
XPam_w_000390	cors	cors1	NOMcom	NOMB.=s|GENRE=m|CAS=r
XPam_w_000391	un	un	DETndf	NOMB.=s|GENRE=m|CAS=r
XPam_w_000392	petitet	petitet	PROind	NOMB.=s|GENRE=m|CAS=r
XPam_w_000393	reposser	reposer	VERinf	MORPH=empty
XPam_w_000394	Dame	dame	NOMcom	NOMB.=s|GENRE=f|CAS=n
XPam_w_000395	font	faire	VERcjg	MODE=ind|TEMPS=pst|PERS.=3|NOMB.=p
XPam_w_000396	il	il	PROper	PERS.=3|NOMB.=p|GENRE=m|CAS=n
XPam_w_000397	si	si	ADVgen	DEGRE=-
XPam_w_000398	con	come1	CONsub	MORPH=empty
XPam_w_000399	vos	vos	PROper	PERS.=2|NOMB.=p|GENRE=f|CAS=n
XPam_w_000400	comandez	comander	VERcjg	MODE=ind|TEMPS=pst|PERS.=2|NOMB.=p
XPam_w_000401	Lors	lors	ADVgen	DEGRE=-
XPam_w_000402	descendirent	descendre	VERcjg	MODE=ind|TEMPS=psp|PERS.=3|NOMB.=p
XPam_w_000403	Bïatrix	Biatrix	NOMpro	NOMB.=s|GENRE=f|CAS=r
XPam_w_000404	a	a3	PRE	MORPH=empty
XPam_w_000405	vis	vis1	NOMcom	NOMB.=s|GENRE=m|CAS=r
XPam_w_000406	cler	cler	ADJqua	NOMB.=s|GENRE=m|CAS=r|DEGRE=p
XPam_w_000407	Delez	dalez	PRE	MORPH=empty
XPam_w_000408	lou	le	DETdef	NOMB.=s|GENRE=m|CAS=r
XPam_w_000409	preit	pré	NOMcom	NOMB.=s|GENRE=m|CAS=r
XPam_w_000410	li	il	PROper	PERS.=3|NOMB.=s|GENRE=f|CAS=i
XPam_w_000411	font	faire	VERcjg	MODE=ind|TEMPS=pst|PERS.=3|NOMB.=p
XPam_w_000412	tandre	tendre1	VERinf	MORPH=empty
XPam_w_000413	son	son4	DETpos	PERS.=3|NOMB.=s|GENRE=m|CAS=r
XPam_w_000414	treif	tref2	NOMcom	NOMB.=s|GENRE=m|CAS=r
XPam_w_000415	La	le	DETdef	NOMB.=s|GENRE=f|CAS=n
XPam_w_000416	dame	dame	NOMcom	NOMB.=s|GENRE=f|CAS=n
XPam_w_000417	i	i2	PROadv	MORPH=empty
XPam_w_000418	antre	entrer	VERcjg	MODE=ind|TEMPS=pst|PERS.=3|NOMB.=s
XPam_w_000419	por	por2	PRE	MORPH=empty
XPam_w_000420	son	son4	DETpos	PERS.=3|NOMB.=s|GENRE=m|CAS=r
XPam_w_000421	cors	cors1	NOMcom	NOMB.=s|GENRE=m|CAS=r
XPam_w_000422	reposser	reposer	VERinf	MORPH=empty
XPam_w_000423	Et	et	CONcoo	MORPH=empty
XPam_w_000424	sa	son4	DETpos	PERS.=3|NOMB.=s|GENRE=f|CAS=r
XPam_w_000425	maistresse	maistresse	NOMcom	NOMB.=s|GENRE=f|CAS=r
XPam_w_000426	Martine	Martine	NOMpro	NOMB.=s|GENRE=f|CAS=r
XPam_w_000427	o	o4	PRE	MORPH=empty
XPam_w_000428	le	le	DETdef	NOMB.=s|GENRE=m|CAS=r
XPam_w_000429	vis	vis1	NOMcom	NOMB.=s|GENRE=m|CAS=r
XPam_w_000430	cler	cler	ADJqua	NOMB.=s|GENRE=m|CAS=r|DEGRE=p
XPam_w_000431	Un	un	DETndf	NOMB.=s|GENRE=m|CAS=r
XPam_w_000432	lit	lit1	NOMcom	NOMB.=s|GENRE=m|CAS=r
XPam_w_000433	li	il	PROper	PERS.=3|NOMB.=s|GENRE=m|CAS=i
XPam_w_000434	ont	avoir	VERcjg	MODE=ind|TEMPS=pst|PERS.=3|NOMB.=p
XPam_w_000435	fait	faire	VERppe	NOMB.=s|GENRE=m|CAS=r
XPam_w_000436	en	en1	PRE	MORPH=empty
XPam_w_000437	meileu	milieu	NOMcom	NOMB.=s|GENRE=m|CAS=r
XPam_w_000438	dou	de+le	PRE.DETdef	NOMB.=s|GENRE=m|CAS=r
XPam_w_000439	treif	tref2	NOMcom	NOMB.=s|GENRE=m|CAS=r
XPam_w_000440	Bïatrix	Biatrix	NOMpro	NOMB.=s|GENRE=f|CAS=r
XPam_w_000441	couchent	couchier	VERcjg	MODE=ind|TEMPS=pst|PERS.=3|NOMB.=p
XPam_w_000442	la	le	DETdef	NOMB.=s|GENRE=f|CAS=r
XPam_w_000443	belle	bel1	NOMcom	NOMB.=s|GENRE=f|CAS=r
XPam_w_000444	o	o4	PRE	MORPH=empty
XPam_w_000445	le	le	DETdef	NOMB.=s|GENRE=m|CAS=r
XPam_w_000446	vis	vis1	NOMcom	NOMB.=s|GENRE=m|CAS=r
XPam_w_000447	cler	cler	ADJqua	NOMB.=s|GENRE=m|CAS=r|DEGRE=p
XPam_w_000448	Tost	tost1	ADVgen	DEGRE=-
XPam_w_000449	s	soi1	PROper	PERS.=3|NOMB.=s|GENRE=f|CAS=r
XPam_w_000450	endormit	endormir	VERcjg	MODE=ind|TEMPS=psp|PERS.=3|NOMB.=s
XPam_w_000451	car	car	CONcoo	MORPH=empty
XPam_w_000452	le	le	DETdef	NOMB.=s|GENRE=m|CAS=r
XPam_w_000453	cuer	cuer2	NOMcom	NOMB.=s|GENRE=m|CAS=r
XPam_w_000454	or	avoir	VERcjg	MODE=ind|TEMPS=psp|PERS.=3|NOMB.=s
XPam_w_000455	irei	irier	VERppe	NOMB.=s|GENRE=m|CAS=r
XPam_w_000456	Por	por2	PRE	MORPH=empty
XPam_w_000457	son	son4	DETpos	PERS.=3|NOMB.=s|GENRE=m|CAS=r
XPam_w_000458	signor	seignor	NOMcom	NOMB.=s|GENRE=m|CAS=r
XPam_w_000459	k	que2	PROrel	NOMB.=s|GENRE=m|CAS=r
XPam_w_000460	elle	il	PROper	PERS.=3|NOMB.=s|GENRE=f|CAS=n
XPam_w_000461	puet	pöoir	VERcjg	MODE=ind|TEMPS=pst|PERS.=3|NOMB.=s
XPam_w_000462	tant	tant	ADVgen	DEGRE=-
XPam_w_000463	amer	amer1	VERinf	MORPH=empty
XPam_w_000464	Endormie	endormir	VERppe	NOMB.=s|GENRE=f|CAS=n
XPam_w_000465	est	estre1	VERcjg	MODE=ind|TEMPS=pst|PERS.=3|NOMB.=s
XPam_w_000466	la	le	DETdef	NOMB.=s|GENRE=f|CAS=n
XPam_w_000467	belle	bel1	ADJqua	NOMB.=s|GENRE=f|CAS=n|DEGRE=p
XPam_w_000468	Bïatrix	Biatrix	NOMpro	NOMB.=s|GENRE=f|CAS=n
XPam_w_000469	Or	or4	ADVgen	DEGRE=-
XPam_w_000470	vos	vos	PROper	PERS.=2|NOMB.=p|GENRE=m|CAS=i
XPam_w_000471	dirons	dire	VERcjg	MODE=ind|TEMPS=fut|PERS.=1|NOMB.=p
XPam_w_000472	dou	de+le	PRE.DETdef	NOMB.=s|GENRE=m|CAS=r
XPam_w_000473	barnage	barnage	NOMcom	NOMB.=s|GENRE=m|CAS=r
XPam_w_000474	de	de	PRE	MORPH=empty
XPam_w_000475	prix	pris1	NOMcom	NOMB.=s|GENRE=m|CAS=r
XPam_w_000476	Ki	qui	PROrel	NOMB.=p|GENRE=m|CAS=n
XPam_w_000477	descendirent	descendre	VERcjg	MODE=ind|TEMPS=psp|PERS.=3|NOMB.=p
XPam_w_000478	par	par	PRE	MORPH=empty
XPam_w_000479	mei	mi2	NOMcom	NOMB.=s|GENRE=m|CAS=r
XPam_w_000480	lez	lez	DETdef	NOMB.=p|GENRE=m|CAS=r
XPam_w_000481	floris	florir	VERppe	NOMB.=p|GENRE=m|CAS=r
XPam_w_000482	Ce	ce1	PROdem	NOMB.=s|GENRE=n|CAS=n
XPam_w_000483	fut	estre1	VERcjg	MODE=ind|TEMPS=psp|PERS.=3|NOMB.=s
XPam_w_000484	en	en1	PRE	MORPH=empty
XPam_w_000485	mai	mai	NOMcom	NOMB.=s|GENRE=m|CAS=r
XPam_w_000486	c	que2	PROrel	NOMB.=s|GENRE=m|CAS=r
XPam_w_000487	on	on	PROind	NOMB.=s|GENRE=n|CAS=n
XPam_w_000488	dist	dire	VERcjg	MODE=ind|TEMPS=pst|PERS.=3|NOMB.=s
XPam_w_000489	aprés	après	PRE	MORPH=empty
XPam_w_000490	avril	avril	NOMcom	NOMB.=s|GENRE=m|CAS=r
XPam_w_000491	Biaus	bel1	ADJqua	NOMB.=s|GENRE=m|CAS=n|DEGRE=p
XPam_w_000492	est	estre1	VERcjg	MODE=ind|TEMPS=pst|PERS.=3|NOMB.=s
XPam_w_000493	li	le	DETdef	NOMB.=s|GENRE=m|CAS=n
XPam_w_000494	tans	tens	NOMcom	NOMB.=s|GENRE=m|CAS=n
XPam_w_000495	et	et	CONcoo	MORPH=empty
XPam_w_000496	li	le	DETdef	NOMB.=p|GENRE=m|CAS=n
XPam_w_000497	boix	bois	NOMcom	NOMB.=p|GENRE=m|CAS=n
XPam_w_000498	sont	estre1	VERcjg	MODE=ind|TEMPS=pst|PERS.=3|NOMB.=p
XPam_w_000499	foillis	foillir	VERppe	NOMB.=p|GENRE=m|CAS=n
XPam_w_000500	Cil	cel	DETdem	NOMB.=p|GENRE=m|CAS=n
XPam_w_000501	oixel	oisel	NOMcom	NOMB.=p|GENRE=m|CAS=n
XPam_w_000502	chantent	chanter	VERcjg	MODE=ind|TEMPS=pst|PERS.=3|NOMB.=p
XPam_w_000503	doucement	doucement	ADVgen	DEGRE=-
XPam_w_000504	aceri	asserir	VERppe	NOMB.=s|GENRE=m|CAS=r
XPam_w_000505	De	de	PRE	MORPH=empty
XPam_w_000506	l	le	DETdef	NOMB.=s|GENRE=f|CAS=r
XPam_w_000507	autre	autre	ADJind	NOMB.=s|GENRE=f|CAS=r
XPam_w_000508	part	part1	NOMcom	NOMB.=s|GENRE=f|CAS=r
XPam_w_000509	dou	de+le	PRE.DETdef	NOMB.=s|GENRE=m|CAS=r
XPam_w_000510	boix	bois	NOMcom	NOMB.=s|GENRE=m|CAS=r
XPam_w_000511	estoit	estre1	VERcjg	MODE=ind|TEMPS=ipf|PERS.=3|NOMB.=s
XPam_w_000512	Hervis	Hervis	NOMpro	NOMB.=s|GENRE=m|CAS=n
XPam_w_000513	Ou	où	PROrel	NOMB.=s|GENRE=m|CAS=i
XPam_w_000514	il	il	PROper	PERS.=3|NOMB.=s|GENRE=m|CAS=n
XPam_w_000515	atant	atendre	VERcjg	MODE=ind|TEMPS=pst|PERS.=3|NOMB.=s
XPam_w_000516	les	le	DETdef	NOMB.=p|GENRE=m|CAS=r
XPam_w_000517	messagiers	messagier	NOMcom	NOMB.=p|GENRE=m|CAS=r
XPam_w_000518	de	de	PRE	MORPH=empty
XPam_w_000519	pris	pris1	NOMcom	NOMB.=s|GENRE=m|CAS=r
XPam_w_000520	qui	qui	PROrel	NOMB.=p|GENRE=m|CAS=n
XPam_w_000521	menoient	mener	VERcjg	MODE=ind|TEMPS=ipf|PERS.=3|NOMB.=p
XPam_w_000522	sa	son4	DETpos	PERS.=3|NOMB.=s|GENRE=f|CAS=r
XPam_w_000523	femme	feme	NOMcom	NOMB.=s|GENRE=f|CAS=r
XPam_w_000524	Bïatrix	Biatrix	NOMpro	NOMB.=s|GENRE=f|CAS=r
XPam_w_000525	Au	a3+le	PRE.DETdef	NOMB.=s|GENRE=m|CAS=r
XPam_w_000526	roi	roi2	NOMcom	NOMB.=s|GENRE=m|CAS=r
XPam_w_000527	d	de	PRE	MORPH=empty
XPam_w_000528	Espaigne	Espagne	NOMpro	NOMB.=s|GENRE=f|CAS=r
XPam_w_000529	ki	qui	PROrel	NOMB.=s|GENRE=m|CAS=n
XPam_w_000530	tant	tant	ADVgen	DEGRE=-
XPam_w_000531	est	estre1	VERcjg	MODE=ind|TEMPS=pst|PERS.=3|NOMB.=s
XPam_w_000532	posteïs	pöestëif	ADJqua	NOMB.=s|GENRE=m|CAS=n|DEGRE=p
XPam_w_000533	Presenter	presenter	VERinf	MORPH=empty
XPam_w_000534	cuident	cuidier1	VERcjg	MODE=ind|TEMPS=pst|PERS.=3|NOMB.=p
XPam_w_000535	la	le	DETdef	NOMB.=s|GENRE=f|CAS=r
XPam_w_000536	belle	bel1	NOMcom	NOMB.=s|GENRE=f|CAS=r
XPam_w_000537	o	o4	PRE	MORPH=empty
XPam_w_000538	le	le	DETdef	NOMB.=s|GENRE=m|CAS=r
XPam_w_000539	cler	cler	ADJqua	NOMB.=s|GENRE=m|CAS=r|DEGRE=p
XPam_w_000540	vis	vis1	NOMcom	NOMB.=s|GENRE=m|CAS=r
XPam_w_000541	Mais	mais1	CONcoo	MORPH=empty
XPam_w_000542	non	non	ADVneg	MORPH=empty
XPam_w_000543	feront	faire	VERcjg	MODE=ind|TEMPS=fut|PERS.=3|NOMB.=p
XPam_w_000544	con	come1	CONsub	MORPH=empty
XPam_w_000545	vos	vos	PROper	PERS.=2|NOMB.=p|GENRE=m|CAS=n
XPam_w_000546	porez	pöoir	VERcjg	MODE=ind|TEMPS=fut|PERS.=2|NOMB.=p
XPam_w_000547	oïr	öir	VERinf	MORPH=empty
XPam_w_000548	Ains	ainz	ADVgen	DEGRE=-
XPam_w_000549	sofferont	sofrir	VERcjg	MODE=ind|TEMPS=fut|PERS.=3|NOMB.=p
XPam_w_000550	un	un	DETndf	NOMB.=s|GENRE=m|CAS=r
XPam_w_000551	estor	estor2	NOMcom	NOMB.=s|GENRE=m|CAS=r
XPam_w_000552	abaubi	abaubir	VERppe	NOMB.=s|GENRE=m|CAS=r
XPam_w_000553	Dont	dont	PROrel	NOMB.=s|GENRE=m|CAS=i
XPam_w_000554	covanra	covenir	VERcjg	MODE=ind|TEMPS=fut|PERS.=3|NOMB.=s
XPam_w_000555	mains	maint	DETind	NOMB.=p|GENRE=m|CAS=r
XPam_w_000556	chevaliers	chevalier	NOMcom	NOMB.=p|GENRE=m|CAS=r
XPam_w_000557	morir	morir	VERinf	MORPH=empty
XPam_w_000558	Cil	cel	DETdem	NOMB.=s|GENRE=m|CAS=n
XPam_w_000559	auferrant	auferrant	NOMcom	NOMB.=s|GENRE=m|CAS=n
XPam_w_000560	comance	comencier	VERcjg	MODE=ind|TEMPS=pst|PERS.=3|NOMB.=s
XPam_w_000561	a	a3	PRE	MORPH=empty
XPam_w_000562	braidir	braidir	VERinf	MORPH=empty
XPam_w_000563	L	le	DETdef	NOMB.=s|GENRE=m|CAS=n
XPam_w_000564	uns	un	PROind	NOMB.=s|GENRE=m|CAS=n
XPam_w_000565	sant	sentir	VERcjg	MODE=ind|TEMPS=pst|PERS.=3|NOMB.=s
XPam_w_000566	bien	bien1	ADVgen	DEGRE=p
XPam_w_000567	l	le	DETdef	NOMB.=s|GENRE=m|CAS=r
XPam_w_000568	autre	autre	PROind	NOMB.=s|GENRE=m|CAS=r
XPam_w_000569	signors	seignor	NOMcom	NOMB.=p|GENRE=m|CAS=n
XPam_w_000570	sachiés	savoir	VERcjg	MODE=imp|PERS.=2|NOMB.=p
XPam_w_000571	de	de	PRE	MORPH=empty
XPam_w_000572	fi	fi2	ADJqua	NOMB.=s|GENRE=m|CAS=r|DEGRE=p
XPam_w_000573	Adont	adonc	ADVgen	DEGRE=-
XPam_w_000574	parla	parler	VERcjg	MODE=ind|TEMPS=psp|PERS.=3|NOMB.=s
XPam_w_000575	li	le	DETdef	NOMB.=s|GENRE=m|CAS=n
XPam_w_000576	gentis	gentil	ADJqua	NOMB.=s|GENRE=m|CAS=n|DEGRE=p
XPam_w_000577	dus	duc2	NOMcom	NOMB.=s|GENRE=m|CAS=n
XPam_w_000578	Hervis	Hervis	NOMpro	NOMB.=s|GENRE=m|CAS=n
XPam_w_000579	Il	il	PROper	PERS.=3|NOMB.=s|GENRE=m|CAS=n
XPam_w_000580	en	en2	PROadv	MORPH=empty
XPam_w_000581	apelle	apeler	VERcjg	MODE=ind|TEMPS=pst|PERS.=3|NOMB.=s
XPam_w_000582	isnelement	isnelement	ADVgen	DEGRE=-
XPam_w_000583	Thieri	Thierri	NOMpro	NOMB.=s|GENRE=m|CAS=r
XPam_w_000584	Amins	ami	NOMcom	NOMB.=s|GENRE=m|CAS=n
XPam_w_000585	biau	bel1	ADJqua	NOMB.=s|GENRE=m|CAS=n|DEGRE=p
XPam_w_000586	freire	frere	NOMcom	NOMB.=s|GENRE=m|CAS=n
XPam_w_000587	fïer	fïer	VERinf	MORPH=empty
XPam_w_000588	me	je	PROper	PERS.=1|NOMB.=s|GENRE=m|CAS=r
XPam_w_000589	doi	devoir	VERcjg	MODE=ind|TEMPS=pst|PERS.=1|NOMB.=s
XPam_w_000590	en	en1	PRE	MORPH=empty
XPam_w_000591	ti	tu	PROper	PERS.=2|NOMB.=s|GENRE=m|CAS=i
XPam_w_000592	Va	aler	VERcjg	MODE=imp|PERS.=2|NOMB.=s
XPam_w_000593	tost	tost1	ADVgen	DEGRE=-
XPam_w_000594	si	si	ADVgen	DEGRE=-
XPam_w_000595	monte	monter	VERcjg	MODE=imp|PERS.=2|NOMB.=s
XPam_w_000596	sus	sus	PRE	MORPH=empty
XPam_w_000597	ton	ton4	DETpos	PERS.=2|NOMB.=s|GENRE=m|CAS=r
XPam_w_000598	cheval	cheval	NOMcom	NOMB.=s|GENRE=m|CAS=r
XPam_w_000599	de	de	PRE	MORPH=empty
XPam_w_000600	prix	pris1	NOMcom	NOMB.=s|GENRE=m|CAS=r
XPam_w_000601	Si	si	ADVgen	DEGRE=-
XPam_w_000602	me	je	PROper	PERS.=1|NOMB.=s|GENRE=m|CAS=i
XPam_w_000603	trespasse	trespasser	VERcjg	MODE=imp|PERS.=2|NOMB.=s
XPam_w_000604	outre	outre1	ADVgen	DEGRE=-
XPam_w_000605	sou	soz	PRE	MORPH=empty
XPam_w_000606	boix	bois	NOMcom	NOMB.=s|GENRE=m|CAS=r
XPam_w_000607	foilliz	foillir	VERppe	NOMB.=s|GENRE=m|CAS=r
XPam_w_000608	Revien	revenir	VERcjg	MODE=imp|PERS.=2|NOMB.=s
XPam_w_000609	errant	errer2	VERppa	NOMB.=s|GENRE=m|CAS=n
XPam_w_000610	biaus	bel1	ADJqua	NOMB.=s|GENRE=m|CAS=n|DEGRE=p
XPam_w_000611	amins	ami	NOMcom	NOMB.=s|GENRE=m|CAS=n
XPam_w_000612	si	si	ADVgen	DEGRE=-
XPam_w_000613	me	je	PROper	PERS.=1|NOMB.=s|GENRE=m|CAS=i
XPam_w_000614	di	dire	VERcjg	MODE=imp|PERS.=2|NOMB.=s
XPam_w_000615	Keis	quel1	DETint	NOMB.=p|GENRE=m|CAS=n
XPam_w_000616	gens	gent1	NOMcom	NOMB.=p|GENRE=m|CAS=n
XPam_w_000617	se	soi1	PROper	PERS.=3|NOMB.=p|GENRE=m|CAS=r
XPam_w_000618	sont	estre1	VERcjg	MODE=ind|TEMPS=pst|PERS.=3|NOMB.=p
XPam_w_000619	delai	dalez	PRE	MORPH=empty
XPam_w_000620	cel	cel	DETdem	NOMB.=s|GENRE=m|CAS=r
XPam_w_000621	boix	bois	NOMcom	NOMB.=s|GENRE=m|CAS=r
XPam_w_000622	foilli	foillir	VERppe	NOMB.=s|GENRE=m|CAS=r
XPam_w_000623	Car	car	CONcoo	MORPH=empty
XPam_w_000624	mains	maint	DETind	NOMB.=p|GENRE=m|CAS=r
XPam_w_000625	destrier	destrier1	NOMcom	NOMB.=p|GENRE=m|CAS=r
XPam_w_000626	oïr	öir	VERinf	MORPH=empty
XPam_w_000627	braidir	braidir	VERinf	MORPH=empty
XPam_w_000628	Volentiers	volentiers	ADVgen	DEGRE=-
XPam_w_000629	sire	seignor	NOMcom	NOMB.=s|GENRE=m|CAS=n
XPam_w_000630	ce	ce1	PROdem	NOMB.=s|GENRE=n|CAS=r
XPam_w_000631	li	il	PROper	PERS.=3|NOMB.=s|GENRE=m|CAS=i
XPam_w_000632	a	avoir	VERcjg	MODE=ind|TEMPS=pst|PERS.=3|NOMB.=s
XPam_w_000633	dit	dire	VERppe	NOMB.=s|GENRE=m|CAS=r
XPam_w_000634	Thieris	Thierri	NOMpro	NOMB.=s|GENRE=m|CAS=n
XPam_w_000635	Ou	en1+le	PRE.DETdef	NOMB.=s|GENRE=m|CAS=r
XPam_w_000636	cheval	cheval	NOMcom	NOMB.=s|GENRE=m|CAS=r
XPam_w_000637	monte	monter	VERcjg	MODE=ind|TEMPS=pst|PERS.=3|NOMB.=s
XPam_w_000638	passe	passer1	VERcjg	MODE=ind|TEMPS=pst|PERS.=3|NOMB.=s
XPam_w_000639	le	le	DETdef	NOMB.=s|GENRE=m|CAS=r
XPam_w_000640	bruel	bruil1	NOMcom	NOMB.=s|GENRE=m|CAS=r
XPam_w_000641	foilli	foillir	VERppe	NOMB.=s|GENRE=m|CAS=r
XPam_w_000642	Et	et	CONcoo	MORPH=empty
XPam_w_000643	vit	vëoir	VERcjg	MODE=ind|TEMPS=psp|PERS.=3|NOMB.=s
XPam_w_000644	le	le	DETdef	NOMB.=s|GENRE=m|CAS=r
XPam_w_000645	treif	tref2	NOMcom	NOMB.=s|GENRE=m|CAS=r
XPam_w_000646	le	le	DETdef	NOMB.=s|GENRE=f|CAS=r
XPam_w_000647	belle	bel1	ADJqua	NOMB.=s|GENRE=f|CAS=r|DEGRE=p
XPam_w_000648	Bïatrix	Biatrix	NOMpro	NOMB.=s|GENRE=f|CAS=r
XPam_w_000649	Voit	vëoir	VERcjg	MODE=ind|TEMPS=pst|PERS.=3|NOMB.=s
XPam_w_000650	lou	le	DETdef	NOMB.=s|GENRE=m|CAS=r
XPam_w_000651	barnage	barnage	NOMcom	NOMB.=s|GENRE=m|CAS=r
XPam_w_000652	et	et	CONcoo	MORPH=empty
XPam_w_000653	aler	aler	VERinf	MORPH=empty
XPam_w_000654	et	et	CONcoo	MORPH=empty
XPam_w_000655	venir	venir	VERinf	MORPH=empty
XPam_w_000656	Deus	dieu	NOMpro	NOMB.=s|GENRE=m|CAS=n
XPam_w_000657	tans	tant	DETind	NOMB.=p|GENRE=m|CAS=r
XPam_w_000658	somiers	somier2	NOMcom	NOMB.=p|GENRE=m|CAS=r
XPam_w_000659	ke	que1	CONsub	MORPH=empty
XPam_w_000660	d	de	PRE	MORPH=empty
XPam_w_000661	argent	argent	NOMcom	NOMB.=s|GENRE=m|CAS=r
XPam_w_000662	ke	que1	CONsub	MORPH=empty
XPam_w_000663	d	de	PRE	MORPH=empty
XPam_w_000664	or	or1	NOMcom	NOMB.=s|GENRE=m|CAS=r
XPam_w_000665	fin	fin2	ADJqua	NOMB.=s|GENRE=m|CAS=r|DEGRE=p
XPam_w_000666	Ke	que1	CONsub	MORPH=empty
XPam_w_000667	presenter	presenter	VERinf	MORPH=empty
XPam_w_000668	li	le	DETdef	NOMB.=s|GENRE=m|CAS=r
XPam_w_000669	riches	riche	ADJqua	NOMB.=s|GENRE=m|CAS=r|DEGRE=p
XPam_w_000670	rois	roi2	NOMcom	NOMB.=s|GENRE=m|CAS=r
XPam_w_000671	de	de	PRE	MORPH=empty
XPam_w_000672	Tir	Tir	NOMpro	NOMB.=s|GENRE=x|CAS=r
XPam_w_000673	Veut	voloir	VERcjg	MODE=ind|TEMPS=pst|PERS.=3|NOMB.=s
XPam_w_000674	li	le	DETdef	NOMB.=s|GENRE=m|CAS=n
XPam_w_000675	boins	bon	ADJqua	NOMB.=s|GENRE=m|CAS=n|DEGRE=p
XPam_w_000676	rois	roi2	NOMcom	NOMB.=s|GENRE=m|CAS=n
XPam_w_000677	avec	avuec	PRE	MORPH=empty
XPam_w_000678	Bïatrix	Biatrix	NOMpro	NOMB.=s|GENRE=f|CAS=r
XPam_w_000679	Au	a3+le	PRE.DETdef	NOMB.=s|GENRE=m|CAS=r
XPam_w_000680	roi	roi2	NOMcom	NOMB.=s|GENRE=m|CAS=r
XPam_w_000681	d	de	PRE	MORPH=empty
XPam_w_000682	Espaigne	Espagne	NOMpro	NOMB.=s|GENRE=f|CAS=r
XPam_w_000683	ki	qui	PROrel	NOMB.=s|GENRE=m|CAS=n
XPam_w_000684	tant	tant	ADVgen	DEGRE=-
XPam_w_000685	est	estre1	VERcjg	MODE=ind|TEMPS=pst|PERS.=3|NOMB.=s
XPam_w_000686	signoris	seignori	ADJqua	NOMB.=s|GENRE=m|CAS=n|DEGRE=p
XPam_w_000687	E	et	CONcoo	MORPH=empty
XPam_w_000688	vos	aler	VERcjg	MODE=ind|TEMPS=pst|PERS.=3|NOMB.=s
XPam_w_000689	ou	en1+le	PRE.DETdef	NOMB.=s|GENRE=m|CAS=r
XPam_w_000690	tertre	tertre	NOMcom	NOMB.=s|GENRE=m|CAS=r
XPam_w_000691	lou	le	DETdef	NOMB.=s|GENRE=m|CAS=r
XPam_w_000692	damoisel	damoisel	NOMcom	NOMB.=s|GENRE=m|CAS=r
XPam_w_000693	Thierit	Thierri	NOMpro	NOMB.=s|GENRE=m|CAS=r
XPam_w_000694	Les	le	DETdef	NOMB.=s|GENRE=m|CAS=n
XPam_w_000695	barons	baron	NOMcom	NOMB.=s|GENRE=m|CAS=n
XPam_w_000696	ait	avoir	VERcjg	MODE=ind|TEMPS=pst|PERS.=3|NOMB.=s
XPam_w_000697	conçut	concevoir	VERppe	NOMB.=s|GENRE=m|CAS=r
XPam_w_000698	et	et	CONcoo	MORPH=empty
XPam_w_000699	choisi	choisir	VERppe	NOMB.=s|GENRE=m|CAS=r
XPam_w_000700	Il	il	PROper	PERS.=3|NOMB.=s|GENRE=m|CAS=n
XPam_w_000701	trestorna	trestorner	VERcjg	MODE=ind|TEMPS=psp|PERS.=3|NOMB.=s
XPam_w_000702	et	et	CONcoo	MORPH=empty
XPam_w_000703	vint	venir	VERcjg	MODE=ind|TEMPS=psp|PERS.=3|NOMB.=s
XPam_w_000704	au	a3+le	PRE.DETdef	NOMB.=s|GENRE=m|CAS=r
XPam_w_000705	duc	duc2	NOMcom	NOMB.=s|GENRE=m|CAS=r
XPam_w_000706	Hervi	Hervis	NOMpro	NOMB.=s|GENRE=m|CAS=r
XPam_w_000707	A	a3	PRE	MORPH=empty
XPam_w_000708	haute	haut	ADJqua	NOMB.=s|GENRE=f|CAS=r|DEGRE=p
XPam_w_000709	voix	voiz	NOMcom	NOMB.=s|GENRE=f|CAS=r
XPam_w_000710	a	a3	PRE	MORPH=empty
XPam_w_000711	escrier	escrïer	VERinf	MORPH=empty
XPam_w_000712	ce	soi1	PROper	PERS.=3|NOMB.=s|GENRE=m|CAS=r
XPam_w_000713	prist	prendre	VERcjg	MODE=ind|TEMPS=psp|PERS.=3|NOMB.=s
XPam_w_000714	Hé	e2	INJ	MORPH=empty
XPam_w_000715	dus	duc2	NOMcom	NOMB.=s|GENRE=m|CAS=n
XPam_w_000716	de	de	PRE	MORPH=empty
XPam_w_000717	Mes	Mès	NOMpro	NOMB.=s|GENRE=x|CAS=r
XPam_w_000718	por	por2	PRE	MORPH=empty
XPam_w_000719	Deu	dieu	NOMpro	NOMB.=s|GENRE=m|CAS=r
XPam_w_000720	ki	qui	PROrel	NOMB.=s|GENRE=m|CAS=n
XPam_w_000721	ne	ne1	ADVneg	MORPH=empty
XPam_w_000722	mentit	mentir	VERcjg	MODE=ind|TEMPS=psp|PERS.=3|NOMB.=s
XPam_w_000723	Ve	vëoir	VERcjg	MODE=imp|PERS.=2|NOMB.=p
XPam_w_000724	ci	ci	ADVgen	DEGRE=-
XPam_w_000725	ta	ton4	DETpos	PERS.=2|NOMB.=s|GENRE=f|CAS=r
XPam_w_000726	feme	feme	NOMcom	NOMB.=s|GENRE=f|CAS=r
XPam_w_000727	la	le	DETdef	NOMB.=s|GENRE=f|CAS=r
XPam_w_000728	belle	bel1	ADJqua	NOMB.=s|GENRE=f|CAS=r|DEGRE=p
XPam_w_000729	Bïatrix	Biatrix	NOMpro	NOMB.=s|GENRE=f|CAS=r
XPam_w_000730	Illuc	iluec	ADVgen	DEGRE=-
XPam_w_000731	logie	logier	VERcjg	MODE=ind|TEMPS=pst|PERS.=3|NOMB.=s
XPam_w_000732	delai	dalez	PRE	MORPH=empty
XPam_w_000733	cel	cel	DETdem	NOMB.=s|GENRE=m|CAS=r
XPam_w_000734	boix	bois	NOMcom	NOMB.=s|GENRE=m|CAS=r
XPam_w_000735	foilli	foillir	VERppe	NOMB.=s|GENRE=m|CAS=r
XPam_w_000736	Bers	baron	NOMcom	NOMB.=s|GENRE=m|CAS=n
XPam_w_000737	fai	faire	VERcjg	MODE=imp|PERS.=2|NOMB.=p
XPam_w_000738	armer	armer	VERinf	MORPH=empty
XPam_w_000739	ton	ton4	DETpos	PERS.=2|NOMB.=s|GENRE=m|CAS=r
XPam_w_000740	barnage	barnage	NOMcom	NOMB.=s|GENRE=m|CAS=r
XPam_w_000741	de	de	PRE	MORPH=empty
XPam_w_000742	pris	pris1	NOMcom	NOMB.=s|GENRE=m|CAS=r
XPam_w_000743	Et	et	CONcoo	MORPH=empty
XPam_w_000744	si	si	ADVgen	DEGRE=-
XPam_w_000745	rekier	requerre	VERcjg	MODE=imp|PERS.=2|NOMB.=s
XPam_w_000746	tes	ton4	DETpos	PERS.=2|NOMB.=p|GENRE=m|CAS=r
XPam_w_000747	mortelz	mortel	ADJqua	NOMB.=p|GENRE=m|CAS=r|DEGRE=p
XPam_w_000748	anemins	enemi	NOMcom	NOMB.=p|GENRE=m|CAS=r
XPam_w_000749	Tant	tant	ADVgen	DEGRE=-
XPam_w_000750	ke	que4	CONsub	MORPH=empty
XPam_w_000751	raeimes	raiembre	VERcjg	MODE=ind|TEMPS=pst|PERS.=2|NOMB.=s
XPam_w_000752	madame	dame	NOMcom	NOMB.=s|GENRE=f|CAS=r
XPam_w_000753	Bïatrix	Biatrix	NOMpro	NOMB.=s|GENRE=f|CAS=r
XPam_w_000754	Buer	buer	ADVgen	DEGRE=-
XPam_w_000755	lou	il	PROper	PERS.=3|NOMB.=s|GENRE=m|CAS=r
XPam_w_000756	desistes	dire	VERcjg	MODE=ind|TEMPS=psp|PERS.=3|NOMB.=p
XPam_w_000757	signors	seignor	NOMcom	NOMB.=s|GENRE=m|CAS=n
XPam_w_000758	ce	ce1	PROdem	NOMB.=s|GENRE=n|CAS=r
XPam_w_000759	dist	dire	VERcjg	MODE=ind|TEMPS=pst|PERS.=3|NOMB.=s
XPam_w_000760	Hervis	Hervis	NOMpro	NOMB.=s|GENRE=m|CAS=n
XPam_w_000761	Li	le	DETdef	NOMB.=p|GENRE=m|CAS=n
XPam_w_000762	barons	baron	NOMcom	NOMB.=p|GENRE=m|CAS=n
XPam_w_000763	out	avoir	VERcjg	MODE=ind|TEMPS=psp|PERS.=3|NOMB.=p
XPam_w_000764	la	le	DETdef	NOMB.=s|GENRE=f|CAS=r
XPam_w_000765	parolle	parole	NOMcom	NOMB.=s|GENRE=f|CAS=r
XPam_w_000766	acoutei	escouter	VERppe	NOMB.=s|GENRE=f|CAS=r
XPam_w_000767	A	a3	PRE	MORPH=empty
XPam_w_000768	lor	lor2	DETpos	PERS.=3|NOMB.=s|GENRE=f|CAS=r
XPam_w_000769	vois	voiz	NOMcom	NOMB.=s|GENRE=f|CAS=r
XPam_w_000770	cleire	cler	ADJqua	NOMB.=s|GENRE=f|CAS=r|DEGRE=p
XPam_w_000771	comance	comencier	VERcjg	MODE=ind|TEMPS=pst|PERS.=3|NOMB.=s
XPam_w_000772	à	a3	PRE	MORPH=empty
XPam_w_000773	crïer	crïer2	VERinf	MORPH=empty
XPam_w_000774	Hé	e2	INJ	MORPH=empty
XPam_w_000775	dus	duc2	NOMcom	NOMB.=s|GENRE=m|CAS=n
XPam_w_000776	de	de	PRE	MORPH=empty
XPam_w_000777	Mes	Mès	NOMpro	NOMB.=s|GENRE=x|CAS=r
XPam_w_000778	tu	tu	PROper	PERS.=2|NOMB.=s|GENRE=m|CAS=n
XPam_w_000779	puez	pöoir	VERcjg	MODE=ind|TEMPS=pst|PERS.=2|NOMB.=s
XPam_w_000780	trop	trop	ADVgen	DEGRE=-
XPam_w_000781	arester	arester	VERinf	MORPH=empty
XPam_w_000782	Chevache	chevauchier	VERcjg	MODE=imp|PERS.=2|NOMB.=s
XPam_w_000783	fort	fort	ADVgen	DEGRE=p
XPam_w_000784	passons	passer1	VERcjg	MODE=imp|PERS.=1|NOMB.=p
XPam_w_000785	le	le	DETdef	NOMB.=s|GENRE=m|CAS=r
XPam_w_000786	bruel	bruil1	NOMcom	NOMB.=s|GENRE=m|CAS=r
XPam_w_000787	ramei	ramé	ADJqua	NOMB.=s|GENRE=m|CAS=r|DEGRE=p
XPam_w_000788	Si	si	ADVgen	DEGRE=-
XPam_w_000789	rekerons	requerre	VERcjg	MODE=ind|TEMPS=pst|PERS.=1|NOMB.=p
XPam_w_000790	nos	nostre	DETpos	PERS.=1|NOMB.=p|GENRE=m|CAS=r
XPam_w_000791	mortelz	mortel	ADJqua	NOMB.=p|GENRE=m|CAS=r|DEGRE=p
XPam_w_000792	anemins	enemi	NOMcom	NOMB.=p|GENRE=m|CAS=r
XPam_w_000793	Ne	ne1	ADVneg	MORPH=empty
XPam_w_000794	te	tu	PROper	PERS.=2|NOMB.=s|GENRE=m|CAS=i
XPam_w_000795	faudrons	falir	VERcjg	MODE=ind|TEMPS=fut|PERS.=1|NOMB.=p
XPam_w_000796	tresc	tresque1		MORPH=empty
XPam_w_000797	au	a3+le	PRE.DETdef	NOMB.=p|GENRE=m|CAS=r
XPam_w_000798	manbres	membre	NOMcom	NOMB.=p|GENRE=m|CAS=r
XPam_w_000799	couper	coper	VERinf	MORPH=empty
XPam_w_000800	Et	et	CONcoo	MORPH=empty
XPam_w_000801	dist	dire	VERcjg	MODE=ind|TEMPS=pst|PERS.=3|NOMB.=s
XPam_w_000802	Hervis	Hervis	NOMpro	NOMB.=s|GENRE=m|CAS=n
XPam_w_000803	Deu	dieu	NOMpro	NOMB.=s|GENRE=m|CAS=n
XPam_w_000804	vos	vos	PROper	PERS.=2|NOMB.=p|GENRE=m|CAS=i
XPam_w_000805	en	en2	PROadv	MORPH=empty
XPam_w_000806	sache	savoir	VERcjg	MODE=sub|TEMPS=pst|PERS.=3|NOMB.=s
XPam_w_000807	grei	gré2	NOMcom	NOMB.=s|GENRE=m|CAS=r
XPam_w_000808	Or	or4	ADVgen	DEGRE=-
XPam_w_000809	vairai	vëoir	VERcjg	MODE=ind|TEMPS=fut|PERS.=1|NOMB.=s
XPam_w_000810	ge	je	PROper	PERS.=1|NOMB.=s|GENRE=m|CAS=n
XPam_w_000811	ki	qui	PROrel	NOMB.=s|GENRE=m|CAS=n
XPam_w_000812	de	de	PRE	MORPH=empty
XPam_w_000813	cuer	cuer2	NOMcom	NOMB.=s|GENRE=m|CAS=r
XPam_w_000814	m	je	PROper	PERS.=1|NOMB.=s|GENRE=m|CAS=r
XPam_w_000815	ait	avoir	VERcjg	MODE=ind|TEMPS=pst|PERS.=3|NOMB.=s
XPam_w_000816	amei	amer1	VERppe	NOMB.=s|GENRE=m|CAS=r
XPam_w_000817	Per	por2	PRE	MORPH=empty
XPam_w_000818	lou	le	DETdef	NOMB.=s|GENRE=m|CAS=r
XPam_w_000819	cepucre	sepulcre	NOMcom	NOMB.=s|GENRE=m|CAS=r
XPam_w_000820	c	que2	PROrel	NOMB.=s|GENRE=m|CAS=r
XPam_w_000821	on	on	PROind	NOMB.=s|GENRE=n|CAS=n
XPam_w_000822	rekiert	requerre	VERcjg	MODE=ind|TEMPS=pst|PERS.=3|NOMB.=s
XPam_w_000823	outre	outre1	PRE	MORPH=empty
XPam_w_000824	mer	mer	NOMcom	NOMB.=s|GENRE=f|CAS=r
XPam_w_000825	Se	se	CONsub	MORPH=empty
XPam_w_000826	ravoir	ravoir2	VERinf	MORPH=empty
XPam_w_000827	puis	pöoir	VERcjg	MODE=ind|TEMPS=pst|PERS.=1|NOMB.=s
XPam_w_000828	Bïatrix	Biatrix	NOMpro	NOMB.=s|GENRE=f|CAS=r
XPam_w_000829	a	a3	PRE	MORPH=empty
XPam_w_000830	vis	vis1	NOMcom	NOMB.=s|GENRE=m|CAS=r
XPam_w_000831	cler	cler	ADJqua	NOMB.=s|GENRE=m|CAS=r|DEGRE=p
XPam_w_000832	Li	le	DETdef	NOMB.=s|GENRE=m|CAS=n
XPam_w_000833	gueredons	guerredon	NOMcom	NOMB.=s|GENRE=m|CAS=n
XPam_w_000834	vos	vos	PROper	PERS.=2|NOMB.=s|GENRE=m|CAS=i
XPam_w_000835	en	en2	PROadv	MORPH=empty
XPam_w_000836	iert	estre1	VERcjg	MODE=ind|TEMPS=fut|PERS.=3|NOMB.=s
XPam_w_000837	bons	bon	ADVgen	DEGRE=p
XPam_w_000838	donei	doner	VERppe	NOMB.=s|GENRE=m|CAS=n
XPam_w_000839	Adont	adonc	ADVgen	DEGRE=-
XPam_w_000840	ce	soi1	PROper	PERS.=3|NOMB.=p|GENRE=m|CAS=r
XPam_w_000841	vont	aler	VERcjg	MODE=ind|TEMPS=pst|PERS.=3|NOMB.=p
XPam_w_000842	fervestir	fervestir	VERinf	MORPH=empty
XPam_w_000843	et	et	CONcoo	MORPH=empty
XPam_w_000844	armer	armer	VERinf	MORPH=empty
XPam_w_000845	Vestent	vestir	VERcjg	MODE=ind|TEMPS=pst|PERS.=3|NOMB.=p
XPam_w_000846	haubers	hauberc	NOMcom	NOMB.=p|GENRE=m|CAS=r
XPam_w_000847	s	si	ADVgen	DEGRE=-
XPam_w_000848	ont	avoir	VERcjg	MODE=ind|TEMPS=pst|PERS.=3|NOMB.=p
XPam_w_000849	les	le	DETdef	NOMB.=p|GENRE=m|CAS=r
XPam_w_000850	helmes	heaume	NOMcom	NOMB.=p|GENRE=m|CAS=r
XPam_w_000851	fermei	fermer	VERppe	NOMB.=p|GENRE=m|CAS=r
XPam_w_000852	Caingnent	ceindre	VERcjg	MODE=ind|TEMPS=pst|PERS.=3|NOMB.=p
XPam_w_000853	espeées	espee	NOMcom	NOMB.=p|GENRE=f|CAS=r
XPam_w_000854	au	a3+le	PRE.DETdef	NOMB.=p|GENRE=m|CAS=r
XPam_w_000855	chevas	cheval	NOMcom	NOMB.=p|GENRE=m|CAS=r
XPam_w_000856	sont	estre1	VERcjg	MODE=ind|TEMPS=pst|PERS.=3|NOMB.=p
XPam_w_000857	montez	monter	VERppe	NOMB.=p|GENRE=m|CAS=n
XPam_w_000858	A	a3	PRE	MORPH=empty
XPam_w_000859	lor	lor2	DETpos	PERS.=3|NOMB.=p|GENRE=m|CAS=r
XPam_w_000860	colz	col	NOMcom	NOMB.=p|GENRE=m|CAS=r
XPam_w_000861	pendent	pendre	VERcjg	MODE=ind|TEMPS=pst|PERS.=3|NOMB.=p
XPam_w_000862	les	le	DETdef	NOMB.=p|GENRE=m|CAS=n
XPam_w_000863	fors	fort	ADJqua	NOMB.=p|GENRE=m|CAS=n|DEGRE=p
XPam_w_000864	escus	escu	NOMcom	NOMB.=p|GENRE=m|CAS=n
XPam_w_000865	bendez	bender	VERppe	NOMB.=p|GENRE=m|CAS=n
XPam_w_000866	Prenent	prendre	VERcjg	MODE=ind|TEMPS=pst|PERS.=3|NOMB.=p
XPam_w_000867	lor	lor2	DETpos	PERS.=3|NOMB.=p|GENRE=f|CAS=r
XPam_w_000868	lances	lance	NOMcom	NOMB.=p|GENRE=f|CAS=r
XPam_w_000869	au	a3+le	PRE.DETdef	NOMB.=s|GENRE=m|CAS=r
XPam_w_000870	confenon	gonfanon	NOMcom	NOMB.=s|GENRE=m|CAS=r
XPam_w_000871	fremei	fermer	VERppe	NOMB.=s|GENRE=m|CAS=r
XPam_w_000872	Isnelement	isnelement	ADVgen	DEGRE=-
XPam_w_000873	les	le	DETdef	NOMB.=p|GENRE=m|CAS=r
XPam_w_000874	frains	frein	NOMcom	NOMB.=p|GENRE=m|CAS=r
XPam_w_000875	abandonez	abandoner	VERppe	NOMB.=p|GENRE=m|CAS=r
XPam_w_000876	Ont	avoir	VERcjg	MODE=ind|TEMPS=pst|PERS.=3|NOMB.=p
XPam_w_000877	trespassez	trespasser	VERppe	NOMB.=s|GENRE=m|CAS=r
XPam_w_000878	outre	outre1	ADVgen	DEGRE=-
XPam_w_000879	le	le	DETdef	NOMB.=s|GENRE=m|CAS=r
XPam_w_000880	bruel	bruil1	NOMcom	NOMB.=s|GENRE=m|CAS=r
XPam_w_000881	ramei	ramé	ADJqua	NOMB.=s|GENRE=m|CAS=r|DEGRE=p
XPam_w_000882	De	de	PRE	MORPH=empty
XPam_w_000883	l	le	DETdef	NOMB.=s|GENRE=f|CAS=r
XPam_w_000884	autre	autre	ADJind	NOMB.=s|GENRE=f|CAS=r
XPam_w_000885	part	part1	NOMcom	NOMB.=s|GENRE=f|CAS=r
XPam_w_000886	Hervis	Hervis	NOMpro	NOMB.=s|GENRE=m|CAS=n
XPam_w_000887	choisit	choisir	VERcjg	MODE=ind|TEMPS=psp|PERS.=3|NOMB.=s
XPam_w_000888	le	le	DETdef	NOMB.=s|GENRE=m|CAS=r
XPam_w_000889	treif	tref2	NOMcom	NOMB.=s|GENRE=m|CAS=r
XPam_w_000890	Voit	vëoir	VERcjg	MODE=ind|TEMPS=pst|PERS.=3|NOMB.=s
XPam_w_000891	le	le	DETdef	NOMB.=s|GENRE=m|CAS=r
XPam_w_000892	barnage	barnage	NOMcom	NOMB.=s|GENRE=m|CAS=r
XPam_w_000893	et	et	CONcoo	MORPH=empty
XPam_w_000894	venir	venir	VERinf	MORPH=empty
XPam_w_000895	et	et	CONcoo	MORPH=empty
XPam_w_000896	aler	aler	VERinf	MORPH=empty
XPam_w_000897	Et	et	CONcoo	MORPH=empty
XPam_w_000898	cil	cel	PROdem	NOMB.=p|GENRE=m|CAS=n
XPam_w_000899	de	de	PRE	MORPH=empty
XPam_w_000900	l	le	DETdef	NOMB.=s|GENRE=f|CAS=r
XPam_w_000901	ost	ost	NOMcom	NOMB.=s|GENRE=f|CAS=r
XPam_w_000902	les	il	PROper	PERS.=3|NOMB.=p|GENRE=m|CAS=r
XPam_w_000903	ont	avoir	VERcjg	MODE=ind|TEMPS=pst|PERS.=3|NOMB.=p
XPam_w_000904	bien	bien1	ADVgen	DEGRE=p
XPam_w_000905	avisei	aviser	VERppe	NOMB.=p|GENRE=m|CAS=r
XPam_w_000906	Quant	cant1	CONsub	MORPH=empty
XPam_w_000907	aparsurent	apercevoir	VERcjg	MODE=ind|TEMPS=psp|PERS.=3|NOMB.=p
XPam_w_000908	Hervi	Hervis	NOMpro	NOMB.=s|GENRE=m|CAS=r
XPam_w_000909	et	et	CONcoo	MORPH=empty
XPam_w_000910	son	son4	DETpos	PERS.=3|NOMB.=s|GENRE=m|CAS=r
XPam_w_000911	barné	barné	NOMcom	NOMB.=s|GENRE=m|CAS=r
XPam_w_000912	As	a3+le	PRE.DETdef	NOMB.=p|GENRE=f|CAS=r
XPam_w_000913	armes	arme	NOMcom	NOMB.=p|GENRE=f|CAS=r
XPam_w_000914	corrent	corir	VERcjg	MODE=ind|TEMPS=pst|PERS.=3|NOMB.=p
XPam_w_000915	sans	sans	PRE	MORPH=empty
XPam_w_000916	point	point	ADVneg	MORPH=empty
XPam_w_000917	de	de	PRE	MORPH=empty
XPam_w_000918	l	le	DETdef	NOMB.=s|GENRE=m|CAS=r
XPam_w_000919	arester	arester	NOMcom	NOMB.=s|GENRE=m|CAS=r
XPam_w_000920	Vestent	vestir	VERcjg	MODE=ind|TEMPS=pst|PERS.=3|NOMB.=p
XPam_w_000921	haubers	hauberc	NOMcom	NOMB.=p|GENRE=m|CAS=r
XPam_w_000922	s	si	ADVgen	DEGRE=-
XPam_w_000923	ont	avoir	VERcjg	MODE=ind|TEMPS=pst|PERS.=3|NOMB.=p
XPam_w_000924	lor	lor2	DETpos	PERS.=3|NOMB.=p|GENRE=m|CAS=r
XPam_w_000925	helmes	heaume	NOMcom	NOMB.=p|GENRE=m|CAS=r
XPam_w_000926	fermez	fermer	VERppe	NOMB.=p|GENRE=m|CAS=r
XPam_w_000927	As	a3+le	PRE.DETdef	NOMB.=p|GENRE=m|CAS=r
XPam_w_000928	chevas	cheval	NOMcom	NOMB.=p|GENRE=m|CAS=r
XPam_w_000929	montent	monter	VERcjg	MODE=ind|TEMPS=pst|PERS.=3|NOMB.=p
XPam_w_000930	corrans	corir	VERppa	NOMB.=p|GENRE=m|CAS=r
XPam_w_000931	et	et	CONcoo	MORPH=empty
XPam_w_000932	abrivez	abriver	VERppe	NOMB.=p|GENRE=m|CAS=r
XPam_w_000933	Hanste	hanste	NOMcom	NOMB.=s|GENRE=f|CAS=r
XPam_w_000934	brandie	brandir1	VERppe	NOMB.=s|GENRE=f|CAS=r
XPam_w_000935	les	le	DETdef	NOMB.=p|GENRE=m|CAS=r
XPam_w_000936	escus	escu	NOMcom	NOMB.=p|GENRE=m|CAS=r
XPam_w_000937	acolez	acoler	VERppe	NOMB.=p|GENRE=m|CAS=r
XPam_w_000938	Se	soi1	PROper	PERS.=3|NOMB.=p|GENRE=m|CAS=r
XPam_w_000939	vont	aler	VERcjg	MODE=ind|TEMPS=pst|PERS.=3|NOMB.=p
XPam_w_000940	ferir	ferir	VERinf	MORPH=empty
XPam_w_000941	sans	sans	PRE	MORPH=empty
XPam_w_000942	point	point	ADVneg	MORPH=empty
XPam_w_000943	de	de	PRE	MORPH=empty
XPam_w_000944	refuser	refuser	VERinf	MORPH=empty
XPam_w_000945	Granz	grant	ADJqua	NOMB.=p|GENRE=m|CAS=r|DEGRE=p
XPam_w_000946	cols	coup1	NOMcom	NOMB.=p|GENRE=m|CAS=r
XPam_w_000947	ce	soi1	PROper	PERS.=3|NOMB.=p|GENRE=m|CAS=i
XPam_w_000948	donent	doner	VERcjg	MODE=ind|TEMPS=pst|PERS.=3|NOMB.=p
XPam_w_000949	en	en1	PRE	MORPH=empty
XPam_w_000950	fors	fort	ADJqua	NOMB.=p|GENRE=m|CAS=r|DEGRE=p
XPam_w_000951	escus	escu	NOMcom	NOMB.=p|GENRE=m|CAS=r
XPam_w_000952	bandez	bender	VERppe	NOMB.=p|GENRE=m|CAS=r
XPam_w_000953	Desoz	desoz	PRE	MORPH=empty
XPam_w_000954	les	le	DETdef	NOMB.=p|GENRE=f|CAS=r
XPam_w_000955	boucles	bocle	NOMcom	NOMB.=p|GENRE=f|CAS=r
XPam_w_000956	les	il	PROper	PERS.=3|NOMB.=p|GENRE=m|CAS=r
XPam_w_000957	ont	avoir	VERcjg	MODE=ind|TEMPS=pst|PERS.=3|NOMB.=p
XPam_w_000958	frains	fraindre	VERppe	NOMB.=p|GENRE=m|CAS=r
XPam_w_000959	et	et	CONcoo	MORPH=empty
XPam_w_000960	troez	tröer	VERppe	NOMB.=p|GENRE=m|CAS=r
XPam_w_000961	A	a3	PRE	MORPH=empty
XPam_w_000962	l	le	DETdef	NOMB.=s|GENRE=m|CAS=r
XPam_w_000963	asambler	assembler	NOMcom	NOMB.=s|GENRE=m|CAS=r
XPam_w_000964	fut	estre1	VERcjg	MODE=ind|TEMPS=psp|PERS.=3|NOMB.=s
XPam_w_000965	li	le	DETdef	NOMB.=s|GENRE=m|CAS=n
XPam_w_000966	chaples	chaple	NOMcom	NOMB.=s|GENRE=m|CAS=n
XPam_w_000967	mortelz	mortel	ADJqua	NOMB.=s|GENRE=m|CAS=n|DEGRE=p
XPam_w_000968	Tant	tant	DETind	NOMB.=s|GENRE=f|CAS=r
XPam_w_000969	hanste	hanste	NOMcom	NOMB.=s|GENRE=f|CAS=r
XPam_w_000970	fendre	fendre	VERinf	MORPH=empty
XPam_w_000971	et	et	CONcoo	MORPH=empty
XPam_w_000972	tans	tant	DETind	NOMB.=p|GENRE=m|CAS=r
XPam_w_000973	†c†escus	escu	NOMcom	NOMB.=p|GENRE=m|CAS=r|DEGRE=p
XPam_w_000974	troer	tröer	VERinf	MORPH=empty
XPam_w_000975	Tans	tant	DETind	NOMB.=p|GENRE=m|CAS=r
XPam_w_000976	piez	pié	NOMcom	NOMB.=p|GENRE=m|CAS=r
XPam_w_000977	tant	tant	DETind	NOMB.=p|GENRE=m|CAS=r
XPam_w_000978	poing	poing	NOMcom	NOMB.=p|GENRE=m|CAS=r
XPam_w_000979	et	et	CONcoo	MORPH=empty
XPam_w_000980	tant	tant	DETind	NOMB.=p|GENRE=f|CAS=r
XPam_w_000981	teste	teste	NOMcom	NOMB.=p|GENRE=f|CAS=r
XPam_w_000982	couper	coper	VERinf	MORPH=empty
XPam_w_000983	L	le	DETdef	NOMB.=s|GENRE=m|CAS=n
XPam_w_000984	un	un	PROind	NOMB.=s|GENRE=m|CAS=n
XPam_w_000985	mort	morir	VERppe	NOMB.=s|GENRE=m|CAS=r
XPam_w_000986	sor	sor2	PRE	MORPH=empty
XPam_w_000987	l	le	DETdef	NOMB.=s|GENRE=m|CAS=r
XPam_w_000988	autre	autre	PROind	NOMB.=s|GENRE=m|CAS=r
XPam_w_000989	trabuchier	trebuchier	VERinf	MORPH=empty
XPam_w_000990	et	et	CONcoo	MORPH=empty
XPam_w_000991	verser	verser1	VERinf	MORPH=empty
XPam_w_000992	Tot	tot	ADVgen	DEGRE=-
XPam_w_000993	droit	droit	ADVgen	DEGRE=-
XPam_w_000994	a	a3	PRE	MORPH=empty
XPam_w_000995	Tir	Tir	NOMpro	NOMB.=s|GENRE=x|CAS=r
XPam_w_000996	la	le	DETdef	NOMB.=s|GENRE=f|CAS=r
XPam_w_000997	cité	cité	NOMcom	NOMB.=s|GENRE=f|CAS=r
XPam_w_000998	m	je	PROper	PERS.=1|NOMB.=s|GENRE=m|CAS=r
XPam_w_000999	an	en2	PROadv	MORPH=empty
XPam_w_001000	irez	aler	VERcjg	MODE=ind|TEMPS=fut|PERS.=2|NOMB.=p
XPam_w_001001	Au	a3+le	PRE.DETdef	NOMB.=s|GENRE=m|CAS=r
XPam_w_001002	roi	roi2	NOMcom	NOMB.=s|GENRE=m|CAS=r
XPam_w_001003	Eustaice	Eustaice	NOMpro	NOMB.=s|GENRE=m|CAS=r
XPam_w_001004	de	de	PRE	MORPH=empty
XPam_w_001005	part	part1	NOMcom	NOMB.=s|GENRE=f|CAS=r
XPam_w_001006	moi	je	PROper	PERS.=1|NOMB.=s|GENRE=m|CAS=i
XPam_w_001007	le	il	PROper	PERS.=3|NOMB.=s|GENRE=m|CAS=r
XPam_w_001008	direz	dire	VERcjg	MODE=ind|TEMPS=fut|PERS.=2|NOMB.=p
XPam_w_001009	Faice	faire	VERcjg	MODE=sub|TEMPS=pst|PERS.=3|NOMB.=s
XPam_w_001010	ces	son4	DETpos	PERS.=3|NOMB.=p|GENRE=m|CAS=r
XPam_w_001011	os	ost	NOMcom	NOMB.=p|GENRE=m|CAS=r
XPam_w_001012	venir	venir	VERinf	MORPH=empty
XPam_w_001013	et	et	CONcoo	MORPH=empty
XPam_w_001014	ajoster	ajoster	VERinf	MORPH=empty
XPam_w_001015	Il	il	PROper	PERS.=3|NOMB.=s|GENRE=m|CAS=n
XPam_w_001016	et	et	CONcoo	MORPH=empty
XPam_w_001017	ces	son4	DETpos	PERS.=3|NOMB.=s|GENRE=m|CAS=n
XPam_w_001018	filz	fil2	NOMcom	NOMB.=s|GENRE=m|CAS=n
XPam_w_001019	rois	roi2	NOMcom	NOMB.=s|GENRE=m|CAS=n
XPam_w_001020	Floires	Floires	NOMpro	NOMB.=s|GENRE=m|CAS=n
XPam_w_001021	li	le	DETdef	NOMB.=s|GENRE=m|CAS=n
XPam_w_001022	manbrez	membré1	ADJqua	NOMB.=s|GENRE=m|CAS=n|DEGRE=p
XPam_w_001023	D	de	PRE	MORPH=empty
XPam_w_001024	eu	il	PROper	PERS.=3|NOMB.=p|GENRE=m|CAS=i
XPam_w_001025	en	en1	PRE	MORPH=empty
XPam_w_001026	huit	uit	DETcar	NOMB.=p|GENRE=m|CAS=r
XPam_w_001027	mois	mois	NOMcom	NOMB.=p|GENRE=m|CAS=r
XPam_w_001028	aurez	avoir	VERcjg	MODE=ind|TEMPS=fut|PERS.=2|NOMB.=p
XPam_w_001029	la	le	DETdef	NOMB.=s|GENRE=f|CAS=r
XPam_w_001030	fort	fort	ADJqua	NOMB.=s|GENRE=f|CAS=r|DEGRE=p
XPam_w_001031	citez	cité	NOMcom	NOMB.=s|GENRE=f|CAS=r
XPam_w_001032	Soit	estre1	VERcjg	MODE=sub|TEMPS=pst|PERS.=3|NOMB.=s
XPam_w_001033	lai	là	ADVgen	DEGRE=-
XPam_w_001034	li	le	DETdef	NOMB.=s|GENRE=m|CAS=n
XPam_w_001035	rois	roi2	NOMcom	NOMB.=s|GENRE=m|CAS=n
XPam_w_001036	et	et	CONcoo	MORPH=empty
XPam_w_001037	il	il	PROper	PERS.=3|NOMB.=s|GENRE=m|CAS=n
XPam_w_001038	et	et	CONcoo	MORPH=empty
XPam_w_001039	ces	son4	DETpos	PERS.=3|NOMB.=s|GENRE=m|CAS=n
XPam_w_001040	barnez	barné	NOMcom	NOMB.=s|GENRE=m|CAS=n
XPam_w_001041	Et	et	CONcoo	MORPH=empty
XPam_w_001042	c	se	CONsub	MORPH=empty
XPam_w_001043	il	il	PROper	PERS.=3|NOMB.=p|GENRE=m|CAS=n
XPam_w_001044	n	ne1	ADVneg	MORPH=empty
XPam_w_001045	i	i2	PROadv	MORPH=empty
XPam_w_001046	vienent	venir	VERcjg	MODE=ind|TEMPS=pst|PERS.=3|NOMB.=p
XPam_w_001047	bien	bien1	ADVgen	DEGRE=p
XPam_w_001048	soit	estre1	VERcjg	MODE=sub|TEMPS=pst|PERS.=3|NOMB.=s
XPam_w_001049	asseürez	assëurer	VERppe	NOMB.=s|GENRE=m|CAS=n
XPam_w_001050	Je	je	PROper	PERS.=1|NOMB.=s|GENRE=m|CAS=n
XPam_w_001051	lou	il	PROper	PERS.=3|NOMB.=s|GENRE=m|CAS=r
XPam_w_001052	defi	desfïer	VERcjg	MODE=ind|TEMPS=pst|PERS.=1|NOMB.=s
XPam_w_001053	et	et	CONcoo	MORPH=empty
XPam_w_001054	ju	je	PROper	PERS.=1|NOMB.=s|GENRE=m|CAS=n
XPam_w_001055	et	et	CONcoo	MORPH=empty
XPam_w_001056	mes	mon1	DETpos	PERS.=1|NOMB.=s|GENRE=m|CAS=n
XPam_w_001057	barnez	barné	NOMcom	NOMB.=s|GENRE=m|CAS=n
XPam_w_001058	Ne	ne1	ADVneg	MORPH=empty
XPam_w_001059	li	il	PROper	PERS.=3|NOMB.=s|GENRE=m|CAS=i
XPam_w_001060	lairai	laissier	VERcjg	MODE=ind|TEMPS=fut|PERS.=1|NOMB.=s
XPam_w_001061	ne	ne2	CONcoo	MORPH=empty
XPam_w_001062	chastial	chastel	NOMcom	NOMB.=s|GENRE=m|CAS=r
XPam_w_001063	ne	ne2	CONcoo	MORPH=empty
XPam_w_001064	cité	cité	NOMcom	NOMB.=s|GENRE=f|CAS=r
XPam_w_001065	Ne	ne2	CONcoo	MORPH=empty
XPam_w_001066	borc	borc	NOMcom	NOMB.=s|GENRE=m|CAS=r
XPam_w_001067	ne	ne2	CONcoo	MORPH=empty
XPam_w_001068	ville	vile	NOMcom	NOMB.=s|GENRE=f|CAS=r
XPam_w_001069	recet	recet	NOMcom	NOMB.=s|GENRE=m|CAS=r
XPam_w_001070	ne	ne2	CONcoo	MORPH=empty
XPam_w_001071	fermetez	fermeté	NOMcom	NOMB.=s|GENRE=f|CAS=r
XPam_w_001072	Si	se	CONsub	MORPH=empty
XPam_w_001073	je	je	PROper	PERS.=1|NOMB.=s|GENRE=m|CAS=n
XPam_w_001074	le	il	PROper	PERS.=3|NOMB.=s|GENRE=m|CAS=r
XPam_w_001075	puis	pöoir	VERcjg	MODE=ind|TEMPS=pst|PERS.=1|NOMB.=s
XPam_w_001076	ne	ne2	CONcoo	MORPH=empty
XPam_w_001077	tenir	tenir1	VERinf	MORPH=empty
XPam_w_001078	ne	ne2	CONcoo	MORPH=empty
XPam_w_001079	covrer	covrer	VERinf	MORPH=empty
XPam_w_001080	Je	je	PROper	PERS.=1|NOMB.=s|GENRE=m|CAS=n
XPam_w_001081	lou	il	PROper	PERS.=3|NOMB.=s|GENRE=m|CAS=r
XPam_w_001082	pandrai	pendre	VERcjg	MODE=ind|TEMPS=fut|PERS.=1|NOMB.=s
XPam_w_001083	com	come1	CONsub	MORPH=empty
XPam_w_001084	un	un	DETndf	NOMB.=s|GENRE=m|CAS=r
XPam_w_001085	larron	larron	NOMcom	NOMB.=s|GENRE=m|CAS=r
XPam_w_001086	provez	prover	VERppe	NOMB.=s|GENRE=m|CAS=r
XPam_w_001087	Se	se	CONsub	MORPH=empty
XPam_w_001088	il	il	PROper	PERS.=3|NOMB.=s|GENRE=m|CAS=n
XPam_w_001089	ne	ne1	ADVneg	MORPH=empty
XPam_w_001090	vient	venir	VERcjg	MODE=ind|TEMPS=pst|PERS.=3|NOMB.=s
XPam_w_001091	à	a3	PRE	MORPH=empty
XPam_w_001092	Mes	Mès	NOMpro	NOMB.=s|GENRE=x|CAS=r
XPam_w_001093	la	le	DETdef	NOMB.=s|GENRE=f|CAS=r
XPam_w_001094	fort	fort	ADJqua	NOMB.=s|GENRE=f|CAS=r|DEGRE=p
XPam_w_001095	cité	cité	NOMcom	NOMB.=s|GENRE=f|CAS=r
XPam_w_001096	Sire	seignor	NOMcom	NOMB.=s|GENRE=m|CAS=n
XPam_w_001097	dist	dire	VERcjg	MODE=ind|TEMPS=pst|PERS.=3|NOMB.=s
XPam_w_001098	il	il	PROper	PERS.=3|NOMB.=s|GENRE=m|CAS=n
XPam_w_001099	bien	bien1	ADVgen	DEGRE=p
XPam_w_001100	le	il	PROper	PERS.=3|NOMB.=s|GENRE=m|CAS=r
XPam_w_001101	saurai	savoir	VERcjg	MODE=ind|TEMPS=fut|PERS.=1|NOMB.=s
XPam_w_001102	conter	conter	VERinf	MORPH=empty
XPam_w_001103	Ou	en1+le	PRE.DETdef	NOMB.=s|GENRE=m|CAS=r
XPam_w_001104	cheval	cheval	NOMcom	NOMB.=s|GENRE=m|CAS=r
XPam_w_001105	monte	monter	VERcjg	MODE=ind|TEMPS=pst|PERS.=3|NOMB.=s
XPam_w_001106	corrant	corir	VERppa	NOMB.=s|GENRE=m|CAS=r
XPam_w_001107	et	et	CONcoo	MORPH=empty
XPam_w_001108	abrivei	abriver	VERppe	NOMB.=s|GENRE=m|CAS=r
XPam_w_001109	Passe	passer1	VERcjg	MODE=ind|TEMPS=pst|PERS.=3|NOMB.=s
XPam_w_001110	les	le	DETdef	NOMB.=p|GENRE=f|CAS=r
XPam_w_001111	terres	terre	NOMcom	NOMB.=p|GENRE=f|CAS=r
XPam_w_001112	les	le	DETdef	NOMB.=p|GENRE=m|CAS=r
XPam_w_001113	puis	puiz	NOMcom	NOMB.=p|GENRE=m|CAS=r
XPam_w_001114	et	et	CONcoo	MORPH=empty
XPam_w_001115	les	le	DETdef	NOMB.=p|GENRE=m|CAS=r
XPam_w_001116	agueiz	agait	NOMcom	NOMB.=p|GENRE=m|CAS=r
XPam_w_001117	De	de	PRE	MORPH=empty
XPam_w_001118	ces	ce2	DETdem	NOMB.=p|GENRE=f|CAS=r
XPam_w_001119	jornées	jornee	NOMcom	NOMB.=p|GENRE=f|CAS=r
XPam_w_001120	ne	ne1	ADVneg	MORPH=empty
XPam_w_001121	sai	savoir	VERcjg	MODE=ind|TEMPS=pst|PERS.=1|NOMB.=s
XPam_w_001122	comte	conte2	NOMcom	NOMB.=s|GENRE=m|CAS=r
XPam_w_001123	nombrer	nombrer	VERinf	MORPH=empty
XPam_w_001124	En	en1	PRE	MORPH=empty
XPam_w_001125	la	le	DETdef	NOMB.=s|GENRE=f|CAS=r
XPam_w_001126	ville	vile	NOMcom	NOMB.=s|GENRE=f|CAS=r
XPam_w_001127	antrent	entrer	VERcjg	MODE=ind|TEMPS=pst|PERS.=3|NOMB.=p
XPam_w_001128	s	si	ADVgen	DEGRE=-
XPam_w_001129	est	estre1	VERcjg	MODE=ind|TEMPS=pst|PERS.=3|NOMB.=s
XPam_w_001130	ou	en1+le	PRE.DETdef	NOMB.=s|GENRE=m|CAS=r
XPam_w_001131	palais	palais2	NOMcom	NOMB.=s|GENRE=m|CAS=r
XPam_w_001132	montez	monter	VERppe	NOMB.=s|GENRE=m|CAS=n
XPam_w_001133	A	a3	PRE	MORPH=empty
XPam_w_001134	haute	haut	ADJqua	NOMB.=s|GENRE=f|CAS=r|DEGRE=p
XPam_w_001135	vois	voiz	NOMcom	NOMB.=s|GENRE=f|CAS=r
XPam_w_001136	comança	comencier	VERcjg	MODE=ind|TEMPS=psp|PERS.=3|NOMB.=s
XPam_w_001137	à	a3	PRE	MORPH=empty
XPam_w_001138	crier	crïer2	VERinf	MORPH=empty
XPam_w_001139	He	e2	INJ	MORPH=empty
XPam_w_001140	rois	roi2	NOMcom	NOMB.=s|GENRE=m|CAS=n
XPam_w_001141	Eustaice	Eustaice	NOMpro	NOMB.=s|GENRE=m|CAS=n
XPam_w_001142	dist	dire	VERcjg	MODE=ind|TEMPS=pst|PERS.=3|NOMB.=s
XPam_w_001143	il	il	PROper	PERS.=3|NOMB.=s|GENRE=m|CAS=n
XPam_w_001144	or	or4	ADVgen	DEGRE=-
XPam_w_001145	m	je	PROper	PERS.=1|NOMB.=s|GENRE=m|CAS=r
XPam_w_001146	entendez	entendre	VERcjg	MODE=imp|PERS.=2|NOMB.=p
XPam_w_001147	Li	le	DETdef	NOMB.=s|GENRE=m|CAS=n
XPam_w_001148	rois	roi2	NOMcom	NOMB.=s|GENRE=m|CAS=n
XPam_w_001149	d	de	PRE	MORPH=empty
XPam_w_001150	Espaigne	Espagne	NOMpro	NOMB.=s|GENRE=f|CAS=r
XPam_w_001151	t	tu	PROper	PERS.=2|NOMB.=s|GENRE=m|CAS=r
XPam_w_001152	ait	avoir	VERcjg	MODE=ind|TEMPS=pst|PERS.=3|NOMB.=s
XPam_w_001153	par	par	PRE	MORPH=empty
XPam_w_001154	ces	son4	DETpos	PERS.=3|NOMB.=p|GENRE=m|CAS=r
XPam_w_001155	briés	brief	NOMcom	NOMB.=p|GENRE=m|CAS=r
XPam_w_001156	mandez	mander	VERppe	NOMB.=s|GENRE=m|CAS=r
XPam_w_001157	Ke	que4	CONsub	MORPH=empty
XPam_w_001158	faices	faire	VERcjg	MODE=sub|TEMPS=pst|PERS.=2|NOMB.=s
XPam_w_001159	os	ost	NOMcom	NOMB.=s|GENRE=f|CAS=r
XPam_w_001160	et	et	CONcoo	MORPH=empty
XPam_w_001161	cemonre	semondre	VERinf	MORPH=empty
XPam_w_001162	et	et	CONcoo	MORPH=empty
XPam_w_001163	mander	mander	VERinf	MORPH=empty
XPam_w_001164	Et	et	CONcoo	MORPH=empty
XPam_w_001165	ton	ton4	DETpos	PERS.=2|NOMB.=s|GENRE=m|CAS=r
XPam_w_001166	barnage	barnage	NOMcom	NOMB.=s|GENRE=m|CAS=r
XPam_w_001167	venir	venir	VERinf	MORPH=empty
XPam_w_001168	et	et	CONcoo	MORPH=empty
XPam_w_001169	ajoster	ajoster	VERinf	MORPH=empty
XPam_w_001170	Toi	tu	PROper	PERS.=2|NOMB.=s|GENRE=m|CAS=n
XPam_w_001171	et	et	CONcoo	MORPH=empty
XPam_w_001172	tes	ton4	DETpos	PERS.=2|NOMB.=s|GENRE=m|CAS=n
XPam_w_001173	filz	fil2	NOMcom	NOMB.=s|GENRE=m|CAS=n
XPam_w_001174	roi	roi2	NOMcom	NOMB.=s|GENRE=m|CAS=n
XPam_w_001175	Floires	Floires	NOMpro	NOMB.=s|GENRE=m|CAS=n
XPam_w_001176	li	le	DETdef	NOMB.=s|GENRE=m|CAS=n
XPam_w_001177	menbrez	membré1	ADJqua	NOMB.=s|GENRE=m|CAS=n|DEGRE=p
XPam_w_001178	Et	et	CONcoo	MORPH=empty
XPam_w_001179	ce	se	CONsub	MORPH=empty
XPam_w_001180	n	ne1	ADVneg	MORPH=empty
XPam_w_001181	i	i2	PROadv	MORPH=empty
XPam_w_001182	viens	venir	VERcjg	MODE=ind|TEMPS=pst|PERS.=2|NOMB.=s
XPam_w_001183	tu	tu	PROper	PERS.=2|NOMB.=s|GENRE=m|CAS=n
XPam_w_001184	soies	estre1	VERcjg	MODE=sub|TEMPS=pst|PERS.=2|NOMB.=s
XPam_w_001185	defez	desfaire	VERppe	NOMB.=s|GENRE=m|CAS=n
XPam_w_001186	Sor	sor2	PRE	MORPH=empty
XPam_w_001187	toi	tu	PROper	PERS.=2|NOMB.=s|GENRE=m|CAS=i
XPam_w_001188	vanra	venir	VERcjg	MODE=ind|TEMPS=fut|PERS.=3|NOMB.=s
XPam_w_001189	et	et	CONcoo	MORPH=empty
XPam_w_001190	il	il	PROper	PERS.=3|NOMB.=s|GENRE=m|CAS=n
XPam_w_001191	et	et	CONcoo	MORPH=empty
XPam_w_001192	ces	son4	DETpos	PERS.=3|NOMB.=s|GENRE=m|CAS=n
XPam_w_001193	barnez	barné	NOMcom	NOMB.=s|GENRE=m|CAS=n
XPam_w_001194	Ne	ne1	ADVneg	MORPH=empty
XPam_w_001195	te	tu	PROper	PERS.=2|NOMB.=s|GENRE=m|CAS=i
XPam_w_001196	lairait	laissier	VERcjg	MODE=ind|TEMPS=fut|PERS.=3|NOMB.=s
XPam_w_001197	ne	ne2	CONcoo	MORPH=empty
XPam_w_001198	chastial	chastel	NOMcom	NOMB.=s|GENRE=m|CAS=r
XPam_w_001199	ne	ne2	CONcoo	MORPH=empty
XPam_w_001200	cité	cité	NOMcom	NOMB.=s|GENRE=f|CAS=r
XPam_w_001201	Se	se	CONsub	MORPH=empty
XPam_w_001202	il	il	PROper	PERS.=3|NOMB.=s|GENRE=m|CAS=n
XPam_w_001203	te	tu	PROper	PERS.=2|NOMB.=s|GENRE=m|CAS=r
XPam_w_001204	puet	pöoir	VERcjg	MODE=ind|TEMPS=pst|PERS.=3|NOMB.=s
XPam_w_001205	ne	ne2	CONcoo	MORPH=empty
XPam_w_001206	tenir	tenir1	VERinf	MORPH=empty
XPam_w_001207	ne	ne2	CONcoo	MORPH=empty
XPam_w_001208	courer	covrer	VERinf	MORPH=empty
XPam_w_001209	Il	il	PROper	PERS.=3|NOMB.=s|GENRE=m|CAS=n
XPam_w_001210	te	tu	PROper	PERS.=2|NOMB.=s|GENRE=m|CAS=r
XPam_w_001211	panra	prendre	VERcjg	MODE=ind|TEMPS=fut|PERS.=3|NOMB.=s
XPam_w_001212	com	come1	CONsub	MORPH=empty
XPam_w_001213	un	un	DETndf	NOMB.=s|GENRE=m|CAS=r
XPam_w_001214	larron	larron	NOMcom	NOMB.=s|GENRE=m|CAS=r
XPam_w_001215	provei	prover	VERppe	NOMB.=s|GENRE=m|CAS=r
XPam_w_001216	Li	le	DETdef	NOMB.=s|GENRE=m|CAS=n
XPam_w_001217	rois	roi2	NOMcom	NOMB.=s|GENRE=m|CAS=n
XPam_w_001218	l	il	PROper	PERS.=3|NOMB.=s|GENRE=m|CAS=r
XPam_w_001219	entent	entendre	VERcjg	MODE=ind|TEMPS=pst|PERS.=3|NOMB.=s
XPam_w_001220	color	color	NOMcom	NOMB.=s|GENRE=f|CAS=r
XPam_w_001221	prist	prendre	VERcjg	MODE=ind|TEMPS=psp|PERS.=3|NOMB.=s
XPam_w_001222	à	a3	PRE	MORPH=empty
XPam_w_001223	muer	müer	VERinf	MORPH=empty
XPam_w_001224	Ou	où	PROrel	NOMB.=s|GENRE=n|CAS=i
XPam_w_001225	voit	vëoir	VERcjg	MODE=ind|TEMPS=pst|PERS.=3|NOMB.=s
XPam_w_001226	son	son4	DETpos	PERS.=3|NOMB.=s|GENRE=m|CAS=r
XPam_w_001227	fil	fil2	NOMcom	NOMB.=s|GENRE=m|CAS=r
XPam_w_001228	si	si	ADVgen	DEGRE=-
XPam_w_001229	l	il	PROper	PERS.=3|NOMB.=s|GENRE=m|CAS=r
XPam_w_001230	en	en2	PROadv	MORPH=empty
XPam_w_001231	ait	avoir	VERcjg	MODE=ind|TEMPS=pst|PERS.=3|NOMB.=s
XPam_w_001232	apelei	apeler	VERppe	NOMB.=s|GENRE=m|CAS=r
XPam_w_001233	He	e2	INJ	MORPH=empty
XPam_w_001234	biaus	bel1	ADJqua	NOMB.=s|GENRE=m|CAS=n|DEGRE=p
XPam_w_001235	filz	fil2	NOMcom	NOMB.=s|GENRE=m|CAS=n
XPam_w_001236	por	por2	PRE	MORPH=empty
XPam_w_001237	Deu	dieu	NOMpro	NOMB.=s|GENRE=m|CAS=r
XPam_w_001238	ne	ne1	ADVneg	MORPH=empty
XPam_w_001239	me	je	PROper	PERS.=1|NOMB.=s|GENRE=m|CAS=i
XPam_w_001240	cellez	celer1	VERcjg	MODE=imp|PERS.=2|NOMB.=p
XPam_w_001241	De	de	PRE	MORPH=empty
XPam_w_001242	cest	cest	DETdem	NOMB.=s|GENRE=f|CAS=r
XPam_w_001243	afaire	afaire2	NOMcom	NOMB.=s|GENRE=f|CAS=r
XPam_w_001244	keil	quel1	DETint	NOMB.=s|GENRE=m|CAS=r
XPam_w_001245	conseil	conseil	NOMcom	NOMB.=s|GENRE=m|CAS=r
XPam_w_001246	vos	vos	PROper	PERS.=2|NOMB.=p|GENRE=m|CAS=n
XPam_w_001247	donez	doner	VERcjg	MODE=ind|TEMPS=pst|PERS.=2|NOMB.=p
XPam_w_001248	Dist	dire	VERcjg	MODE=ind|TEMPS=pst|PERS.=3|NOMB.=s
XPam_w_001249	li	le	DETdef	NOMB.=s|GENRE=m|CAS=n
XPam_w_001250	rois	roi2	NOMcom	NOMB.=s|GENRE=m|CAS=n
XPam_w_001251	Floires	Floires	NOMpro	NOMB.=s|GENRE=m|CAS=n
XPam_w_001252	Nos	nos1	PROper	PERS.=1|NOMB.=p|GENRE=m|CAS=n
XPam_w_001253	n	ne1	ADVneg	MORPH=empty
XPam_w_001254	en	en2	PROadv	MORPH=empty
XPam_w_001255	poons	pöoir	VERcjg	MODE=ind|TEMPS=pst|PERS.=1|NOMB.=p
XPam_w_001256	faire	faire	VERinf	MORPH=empty
XPam_w_001257	el	el1	PROind	NOMB.=s|GENRE=n|CAS=r
XPam_w_001258	Tanpre	tempre2	ADVgen	DEGRE=-
XPam_w_001259	serai	estre1	VERcjg	MODE=ind|TEMPS=fut|PERS.=1|NOMB.=s
XPam_w_001260	garis	garir	VERppe	NOMB.=s|GENRE=m|CAS=n
XPam_w_001261	et	et	CONcoo	MORPH=empty
XPam_w_001262	respassez	respasser	VERppe	NOMB.=s|GENRE=m|CAS=n
XPam_w_001263	An	en1	PRE	MORPH=empty
XPam_w_001264	Hunguerie	Hongrie	NOMpro	NOMB.=s|GENRE=f|CAS=r
XPam_w_001265	peres	pere	NOMcom	NOMB.=s|GENRE=m|CAS=n
XPam_w_001266	Illuec	iluec	ADVgen	DEGRE=-
XPam_w_001267	ferai	faire	VERcjg	MODE=ind|TEMPS=fut|PERS.=1|NOMB.=s
XPam_w_001268	Peire	pere	NOMcom	NOMB.=s|GENRE=m|CAS=n
XPam_w_001269	refaites	refaire2	VERcjg	MODE=imp|PERS.=2|NOMB.=p
XPam_w_001270	Je	je	PROper	PERS.=1|NOMB.=s|GENRE=m|CAS=n
XPam_w_001271	hai	avoir	VERcjg	MODE=ind|TEMPS=pst|PERS.=1|NOMB.=s
XPam_w_001272	Hervi	Hervis	NOMpro	NOMB.=s|GENRE=m|CAS=r
XPam_w_001273	S	si	ADVgen	DEGRE=-
XPam_w_001274	alons	aler	VERcjg	MODE=imp|PERS.=1|NOMB.=p
XPam_w_001275	à	a3	PRE	MORPH=empty
XPam_w_001276	Mes	Mès	NOMpro	NOMB.=s|GENRE=x|CAS=r
XPam_w_001277	la	le	DETdef	NOMB.=s|GENRE=f|CAS=r
XPam_w_001278	mirable	mirable	ADJqua	NOMB.=s|GENRE=f|CAS=r|DEGRE=p
XPam_w_001279	cite	cité	NOMcom	NOMB.=s|GENRE=f|CAS=r
XPam_w_001280	Puis	puis	ADVgen	DEGRE=-
XPam_w_001281	ke	que4	CONsub	MORPH=empty
XPam_w_001282	li	le	DETdef	NOMB.=s|GENRE=m|CAS=n
XPam_w_001283	rois	roi2	NOMcom	NOMB.=s|GENRE=m|CAS=n
XPam_w_001284	i	i2	PROadv	MORPH=empty
XPam_w_001285	ert	estre1	VERcjg	MODE=ind|TEMPS=fut|PERS.=3|NOMB.=s
XPam_w_001286	o	o4	PRE	MORPH=empty
XPam_w_001287	son	son4	DETpos	PERS.=3|NOMB.=s|GENRE=m|CAS=r
XPam_w_001288	Jai	ja	ADVgen	DEGRE=-
XPam_w_001289	li	le	DETdef	NOMB.=s|GENRE=m|CAS=n
XPam_w_001290	lechieres	lechëor	NOMcom	NOMB.=s|GENRE=m|CAS=n
XPam_w_001291	ne	ne1	ADVneg	MORPH=empty
XPam_w_001292	lou	il	OUT	MORPH=empty
XPam_w_001293	por	por2	PRE	MORPH=empty
XPam_w_001294	Filz	fil2	NOMcom	NOMB.=s|GENRE=m|CAS=n
XPam_w_001295	dist	dire	VERcjg	MODE=ind|TEMPS=pst|PERS.=3|NOMB.=s
XPam_w_001296	li	le	DETdef	NOMB.=s|GENRE=m|CAS=n
XPam_w_001297	peires	pere	NOMcom	NOMB.=s|GENRE=m|CAS=n
XPam_w_001298	si	si	ADVgen	DEGRE=-
XPam_w_001299	com	come1	CONsub	MORPH=empty
XPam_w_001300	vos	vos	PROper	PERS.=2|NOMB.=p|GENRE=m|CAS=n
XPam_w_001301	Puis	puis	ADVgen	DEGRE=-
XPam_w_001302	ke	que4	CONsub	MORPH=empty
XPam_w_001303	li	le	DETdef	NOMB.=s|GENRE=m|CAS=n
XPam_w_001304	rois	roi2	NOMcom	NOMB.=s|GENRE=m|CAS=n
XPam_w_001305	l	il	PROper	PERS.=3|NOMB.=s|GENRE=m|CAS=r
XPam_w_001306	ait	avoir	VERcjg	MODE=ind|TEMPS=pst|PERS.=3|NOMB.=s
XPam_w_001307	dit	dire	VERppe	NOMB.=s|GENRE=m|CAS=r
XPam_w_001308	et	et	CONcoo	MORPH=empty
XPam_w_001309	Il	il	PROimp	PERS.=0|NOMB.=s|GENRE=n|CAS=n
XPam_w_001310	m	je	PROper	PERS.=1|NOMB.=s|GENRE=m|CAS=i
XPam_w_001311	estuet	estovoir1	VERcjg	MODE=ind|TEMPS=pst|PERS.=3|NOMB.=s
XPam_w_001312	faite	faire	OUT	MORPH=empty
XPam_w_001313	toutes	tot	OUT	MORPH=empty
XPam_w_001314	Voit	vëoir	VERcjg	MODE=ind|TEMPS=pst|PERS.=3|NOMB.=s
XPam_w_001315	le	le	DETdef	NOMB.=s|GENRE=m|CAS=r
XPam_w_001316	message	message2	NOMcom	NOMB.=s|GENRE=m|CAS=r
XPam_w_001317	sou	soi1	OUT	MORPH=empty
XPam_w_001318	prent	prendre	VERcjg	MODE=ind|TEMPS=pst|PERS.=3|NOMB.=s
XPam_w_001319	Amins	ami	NOMcom	NOMB.=s|GENRE=m|CAS=n
XPam_w_001320	biaus	bel1	ADJqua	NOMB.=s|GENRE=m|CAS=n|DEGRE=p
XPam_w_001321	freires	frere	NOMcom	NOMB.=s|GENRE=m|CAS=n
XPam_w_001322	au	a3+le	PRE.DETdef	NOMB.=s|GENRE=m|CAS=r
XPam_w_001323	fort	fort	ADJqua	NOMB.=s|GENRE=m|CAS=r|DEGRE=p
XPam_w_001324	A	a3	PRE	MORPH=empty
XPam_w_001325	Mes	Mès	NOMpro	NOMB.=s|GENRE=x|CAS=r
XPam_w_001326	serai	estre1	VERcjg	MODE=ind|TEMPS=fut|PERS.=1|NOMB.=s
XPam_w_001327	au	a3+le	PRE.DETdef	NOMB.=s|GENRE=m|CAS=r
XPam_w_001328	jor	jor	NOMcom	NOMB.=s|GENRE=m|CAS=r
XPam_w_001329	k	que2	PROrel	NOMB.=s|GENRE=m|CAS=r
XPam_w_001330	il	il	PROper	PERS.=3|NOMB.=s|GENRE=m|CAS=n
XPam_w_001331	m	je	PROper	PERS.=1|NOMB.=s|GENRE=m|CAS=i
XPam_w_001332	ait	avoir	VERcjg	MODE=ind|TEMPS=pst|PERS.=3|NOMB.=s
XPam_w_001333	Je	je	PROper	PERS.=1|NOMB.=s|GENRE=m|CAS=n
XPam_w_001334	et	et	CONcoo	MORPH=empty
XPam_w_001335	mes	mon1	DETpos	PERS.=1|NOMB.=s|GENRE=m|CAS=n
XPam_w_001336	filz	fil2	NOMcom	NOMB.=s|GENRE=m|CAS=n
XPam_w_001337	et	et	CONcoo	MORPH=empty
XPam_w_001338	nos	nostre	DETpos	PERS.=1|NOMB.=s|GENRE=m|CAS=n
XPam_w_001339	riches	riche	ADJqua	NOMB.=s|GENRE=m|CAS=n|DEGRE=p
XPam_w_001340	Dist	dire	VERcjg	MODE=ind|TEMPS=pst|PERS.=3|NOMB.=s
XPam_w_001341	li	le	DETdef	NOMB.=s|GENRE=m|CAS=n
XPam_w_001342	mes	mes3	NOMcom	NOMB.=s|GENRE=m|CAS=n
XPam_w_001343	Bien	bien1	ADVgen	DEGRE=p
XPam_w_001344	li	il	PROper	PERS.=3|NOMB.=s|GENRE=m|CAS=r
XPam_w_001345	saurai	savoir	VERcjg	MODE=ind|TEMPS=fut|PERS.=1|NOMB.=s
XPam_w_001346	Li	le	DETdef	NOMB.=s|GENRE=m|CAS=n
XPam_w_001347	rois	roi2	NOMcom	NOMB.=s|GENRE=m|CAS=n
XPam_w_001348	li	il	PROper	PERS.=3|NOMB.=s|GENRE=m|CAS=i
XPam_w_001349	fait	faire	VERcjg	MODE=ind|TEMPS=pst|PERS.=3|NOMB.=s
XPam_w_001350	un	un	PROind	NOMB.=s|GENRE=m|CAS=r
XPam_w_001351	boin	bon	ADJqua	NOMB.=s|GENRE=m|CAS=r|DEGRE=p
XPam_w_001352	destrier	destrier1	NOMcom	NOMB.=s|GENRE=m|CAS=r
XPam_w_001353	Atant	atant	ADVgen	DEGRE=-
XPam_w_001354	s	soi1	PROper	PERS.=3|NOMB.=s|GENRE=m|CAS=r
XPam_w_001355	en	en2	PROadv	MORPH=empty
XPam_w_001356	torne	torner	VERcjg	MODE=ind|TEMPS=pst|PERS.=3|NOMB.=s
XPam_w_001357	congiet	congié	NOMcom	NOMB.=s|GENRE=m|CAS=r
XPam_w_001358	a	avoir	VERcjg	MODE=ind|TEMPS=pst|PERS.=3|NOMB.=s
XPam_w_001359	demandei	demander	VERppe	NOMB.=s|GENRE=m|CAS=r
XPam_w_001360	Atant	atant	ADVgen	DEGRE=-
XPam_w_001361	c	soi1	PROper	PERS.=3|NOMB.=s|GENRE=m|CAS=r
XPam_w_001362	en	en2	PROadv	MORPH=empty
XPam_w_001363	torne	torner	VERcjg	MODE=ind|TEMPS=pst|PERS.=3|NOMB.=s
XPam_w_001364	si	si	ADVgen	DEGRE=-
XPam_w_001365	akeut	acoillir	VERcjg	MODE=ind|TEMPS=pst|PERS.=3|NOMB.=s
XPam_w_001366	son	son4	DETpos	PERS.=3|NOMB.=s|GENRE=m|CAS=r
XPam_w_001367	Droit	droit	ADVgen	DEGRE=-
XPam_w_001368	vers	vers2	PRE	MORPH=empty
XPam_w_001369	Espaigne	Espagne	NOMpro	NOMB.=s|GENRE=f|CAS=r
XPam_w_001370	c	soi1	PROper	PERS.=3|NOMB.=s|GENRE=m|CAS=r
XPam_w_001371	en	en2	PROadv	MORPH=empty
XPam_w_001372	est	estre1	VERcjg	MODE=ind|TEMPS=pst|PERS.=3|NOMB.=s
XPam_w_001373	Or	or4	ADVgen	DEGRE=-
XPam_w_001374	vos	vos	PROper	PERS.=2|NOMB.=p|GENRE=m|CAS=r
XPam_w_001375	lairons	laissier	VERcjg	MODE=ind|TEMPS=fut|PERS.=1|NOMB.=p
XPam_w_001376	dou	de+le	PRE.DETdef	NOMB.=s|GENRE=m|CAS=r
XPam_w_001377	message	message2	NOMcom	NOMB.=s|GENRE=m|CAS=r
XPam_w_001378	ester	ester	VERinf	MORPH=empty
XPam_w_001379	Et	et	CONcoo	MORPH=empty
XPam_w_001380	li	le	DETdef	NOMB.=p|GENRE=m|CAS=n
XPam_w_001381	roi	roi2	NOMcom	NOMB.=p|GENRE=m|CAS=n
XPam_w_001382	font	faire	VERcjg	MODE=ind|TEMPS=pst|PERS.=3|NOMB.=p
XPam_w_001383	lor	il	PROper	PERS.=3|NOMB.=s|GENRE=m|CAS=r
XPam_w_001384	gran	grant	ADJqua	NOMB.=s|GENRE=m|CAS=r|DEGRE=p
XPam_w_001385	os	ost	NOMcom	NOMB.=s|GENRE=m|CAS=r
XPam_w_001386	ajoster	ajoster	VERinf	MORPH=empty
XPam_w_001387	Hui	ui	ADVgen	DEGRE=-
XPam_w_001388	mais	mais1	ADVgen	DEGRE=-
XPam_w_001389	devomes	devoir	VERcjg	MODE=ind|TEMPS=pst|PERS.=1|NOMB.=p
XPam_w_001390	dou	de+le	PRE.DETdef	NOMB.=s|GENRE=m|CAS=r
XPam_w_001391	duc	duc2	NOMcom	NOMB.=s|GENRE=m|CAS=r
XPam_w_001392	Hervi	Hervis	NOMpro	NOMB.=s|GENRE=m|CAS=r
XPam_w_001393	Ki	qui	PROrel	NOMB.=s|GENRE=m|CAS=n
XPam_w_001394	chevaucha	chevauchier	VERcjg	MODE=ind|TEMPS=psp|PERS.=3|NOMB.=s
XPam_w_001395	et	et	CONcoo	MORPH=empty
XPam_w_001396	il	il	PROper	PERS.=3|NOMB.=s|GENRE=m|CAS=n
XPam_w_001397	et	et	CONcoo	MORPH=empty
XPam_w_001398	ces	son4	DETpos	PERS.=3|NOMB.=s|GENRE=m|CAS=n
XPam_w_001399	barnez	barné	NOMcom	NOMB.=s|GENRE=m|CAS=n
XPam_w_001400	Passent	passer1	VERcjg	MODE=ind|TEMPS=pst|PERS.=3|NOMB.=p
XPam_w_001401	les	le	DETdef	NOMB.=p|GENRE=f|CAS=r
XPam_w_001402	terres	terre	NOMcom	NOMB.=p|GENRE=f|CAS=r
XPam_w_001403	le	le	DETdef	NOMB.=s|GENRE=m|CAS=r
XPam_w_001404	puis	puiz	NOMcom	NOMB.=s|GENRE=m|CAS=r
XPam_w_001405	et	et	CONcoo	MORPH=empty
XPam_w_001406	les	le	DETdef	NOMB.=p|GENRE=m|CAS=r
XPam_w_001407	De	de	PRE	MORPH=empty
XPam_w_001408	lor	lor2	DETpos	PERS.=3|NOMB.=p|GENRE=f|CAS=r
XPam_w_001409	jornées	jornee	NOMcom	NOMB.=p|GENRE=f|CAS=r
XPam_w_001410	ne	ne1	ADVneg	MORPH=empty
XPam_w_001411	sai	savoir	VERcjg	MODE=ind|TEMPS=pst|PERS.=1|NOMB.=s
XPam_w_001412	comte	conte2	NOMcom	NOMB.=s|GENRE=m|CAS=r
XPam_w_001413	nonbrer	nombrer	VERinf	MORPH=empty
XPam_w_001414	Treskait	tresque1	PRE	MORPH=empty
XPam_w_001415	à	a3	PRE	MORPH=empty
XPam_w_001416	Mes	Mès	NOMpro	NOMB.=s|GENRE=x|CAS=r
XPam_w_001417	ne	ne1	ADVneg	MORPH=empty
XPam_w_001418	ce	soi1	PROper	PERS.=3|NOMB.=p|GENRE=m|CAS=r
XPam_w_001419	sont	estre1	VERcjg	MODE=ind|TEMPS=pst|PERS.=3|NOMB.=p
XPam_w_001420	arestez	arester	VERppe	NOMB.=p|GENRE=m|CAS=n
XPam_w_001421	Ainz	ainz	ADVgen	DEGRE=-
XPam_w_001422	ke	que4	CONsub	MORPH=empty
XPam_w_001423	Hervis	Hervis	NOMpro	NOMB.=s|GENRE=m|CAS=n
XPam_w_001424	li	le	DETdef	NOMB.=s|GENRE=m|CAS=n
XPam_w_001425	gentis	gentil	ADJqua	NOMB.=s|GENRE=m|CAS=n|DEGRE=p
XPam_w_001426	et	et	CONcoo	MORPH=empty
XPam_w_001427	li	le	DETdef	NOMB.=s|GENRE=m|CAS=n
XPam_w_001428	bers	baron	NOMcom	NOMB.=s|GENRE=m|CAS=n
XPam_w_001429	Ains	ainz	ADVgen	DEGRE=-
XPam_w_001430	ke	que4	CONsub	MORPH=empty
XPam_w_001431	il	il	PROper	PERS.=3|NOMB.=s|GENRE=m|CAS=n
XPam_w_001432	antre	entrer	VERcjg	MODE=ind|TEMPS=pst|PERS.=3|NOMB.=s
XPam_w_001433	dedens	dedenz	ADVgen	DEGRE=-
XPam_w_001434	Mes	Mès	NOMpro	NOMB.=s|GENRE=x|CAS=r
XPam_w_001435	la	le	DETdef	NOMB.=s|GENRE=f|CAS=r
XPam_w_001436	citei	cité	NOMcom	NOMB.=s|GENRE=f|CAS=r
XPam_w_001437	Ou	où	PROrel	NOMB.=s|GENRE=n|CAS=r
XPam_w_001438	voit	vëoir	VERcjg	MODE=ind|TEMPS=pst|PERS.=3|NOMB.=s
XPam_w_001439	Thierit	Thierri	NOMpro	NOMB.=s|GENRE=m|CAS=r
XPam_w_001440	si	si	ADVgen	DEGRE=-
XPam_w_001441	l	il	PROper	PERS.=3|NOMB.=s|GENRE=m|CAS=r
XPam_w_001442	en	en2	PROadv	MORPH=empty
XPam_w_001443	ait	avoir	VERcjg	MODE=ind|TEMPS=pst|PERS.=3|NOMB.=s
XPam_w_001444	apellez	apeler	VERppe	NOMB.=s|GENRE=m|CAS=r
XPam_w_001445	Amins	ami	NOMcom	NOMB.=s|GENRE=m|CAS=n
XPam_w_001446	dist	dire	VERcjg	MODE=ind|TEMPS=pst|PERS.=3|NOMB.=s
XPam_w_001447	il	il	PROper	PERS.=3|NOMB.=s|GENRE=m|CAS=n
XPam_w_001448	dedens	dedenz	PRE	MORPH=empty
XPam_w_001449	Mes	Mès	NOMpro	NOMB.=s|GENRE=x|CAS=r
XPam_w_001450	an	en2	PROadv	MORPH=empty
XPam_w_001451	alez	aler	VERcjg	MODE=imp|PERS.=2|NOMB.=p
XPam_w_001452	Et	et	CONcoo	MORPH=empty
XPam_w_001453	à	a3	PRE	MORPH=empty
XPam_w_001454	prevost	prevost	NOMcom	NOMB.=s|GENRE=m|CAS=r
XPam_w_001455	mon	mon1	DETpos	PERS.=1|NOMB.=s|GENRE=m|CAS=r
XPam_w_001456	peire	pere	NOMcom	NOMB.=s|GENRE=m|CAS=r
XPam_w_001457	vos	vos	PROper	PERS.=2|NOMB.=p|GENRE=m|CAS=n
XPam_w_001458	direz	dire	VERcjg	MODE=ind|TEMPS=fut|PERS.=2|NOMB.=p
XPam_w_001459	Ke	que4	CONsub	MORPH=empty
XPam_w_001460	je	je	PROper	PERS.=1|NOMB.=s|GENRE=m|CAS=n
XPam_w_001461	ramoing	ramener	VERcjg	MODE=ind|TEMPS=pst|PERS.=1|NOMB.=s
XPam_w_001462	Bïatrix	Biatrix	NOMpro	NOMB.=s|GENRE=f|CAS=r
XPam_w_001463	à	a3	PRE	MORPH=empty
XPam_w_001464	vis	vis1	NOMcom	NOMB.=s|GENRE=m|CAS=r
XPam_w_001465	cler	cler	ADJqua	NOMB.=s|GENRE=m|CAS=r|DEGRE=p
XPam_w_001466	Contre	contre	PRE	MORPH=empty
XPam_w_001467	moi	je	PROper	PERS.=1|NOMB.=s|GENRE=m|CAS=i
XPam_w_001468	vigne	venir	VERcjg	MODE=sub|TEMPS=pst|PERS.=3|NOMB.=s
XPam_w_001469	et	et	CONcoo	MORPH=empty
XPam_w_001470	il	il	PROper	PERS.=3|NOMB.=s|GENRE=m|CAS=n
XPam_w_001471	et	et	CONcoo	MORPH=empty
XPam_w_001472	ces	son4	DETpos	PERS.=3|NOMB.=s|GENRE=m|CAS=n
XPam_w_001473	barnez	barné	NOMcom	NOMB.=s|GENRE=m|CAS=n
XPam_w_001474	Dist	dire	VERcjg	MODE=ind|TEMPS=pst|PERS.=3|NOMB.=s
XPam_w_001475	Thieris	Thierri	NOMpro	NOMB.=s|GENRE=m|CAS=n
XPam_w_001476	Sire	seignor	NOMcom	NOMB.=s|GENRE=m|CAS=n
XPam_w_001477	si	si	ADVgen	DEGRE=-
XPam_w_001478	com	come1	CONsub	MORPH=empty
XPam_w_001479	vos	vos	PROper	PERS.=2|NOMB.=p|GENRE=m|CAS=n
XPam_w_001480	comandez	comander	VERcjg	MODE=ind|TEMPS=pst|PERS.=2|NOMB.=p
XPam_w_001481	Lou	le	DETdef	NOMB.=s|GENRE=m|CAS=r
XPam_w_001482	cheval	cheval	NOMcom	NOMB.=s|GENRE=m|CAS=r
XPam_w_001483	broche	brochier	VERcjg	MODE=ind|TEMPS=pst|PERS.=3|NOMB.=s
XPam_w_001484	arester	arester	VERinf	MORPH=empty
XPam_w_001485	[con]tei	conter	VERppe	NOMB.=s|GENRE=m|CAS=r
XPam_w_001486	montez	monter	VERcjg	MODE=imp|PERS.=2|NOMB.=p
XPam_w_001487	manbrez	membré1	ADJqua	NOMB.=s|GENRE=m|CAS=n|DEGRE=p
XPam_w_001488	conkestei	conquerre	VERppe	NOMB.=s|GENRE=f|CAS=r
XPam_w_001489	grant	grant	ADJqua	NOMB.=s|GENRE=f|CAS=r|DEGRE=p
XPam_w_001490	joie	joie	NOMcom	NOMB.=s|GENRE=f|CAS=r
XPam_w_001491	an	en2	PROadv	MORPH=empty
XPam_w_001492	ait	avoir	VERcjg	MODE=ind|TEMPS=pst|PERS.=3|NOMB.=s
XPam_w_001493	menéz	mener	VERppe	NOMB.=s|GENRE=m|CAS=r
XPam_w_001494	tost	tost1	ADVgen	DEGRE=-
XPam_w_001495	la	le	DETdef	NOMB.=s|GENRE=f|CAS=r
XPam_w_001496	cloche	cloche1	NOMcom	NOMB.=s|GENRE=f|CAS=r
XPam_w_001497	soner	soner	VERinf	MORPH=empty
XPam_w_001498	par	par	PRE	MORPH=empty
XPam_w_001499	la	le	DETdef	NOMB.=s|GENRE=f|CAS=r
XPam_w_001500	ville	vile	NOMcom	NOMB.=s|GENRE=f|CAS=r
XPam_w_001501	crier	crïer2	VERinf	MORPH=empty
XPam_w_001502	de	de	PRE	MORPH=empty
XPam_w_001503	la	le	DETdef	NOMB.=s|GENRE=f|CAS=r
XPam_w_001504	bone	bon	ADJqua	NOMB.=s|GENRE=f|CAS=r|DEGRE=p
XPam_w_001505	citei	cité	NOMcom	NOMB.=s|GENRE=f|CAS=r
XPam_w_001506	Bïatrix	Biatrix	NOMpro	NOMB.=s|GENRE=f|CAS=r
XPam_w_001507	à	a3	PRE	MORPH=empty
XPam_w_001508	vis	vis1	NOMcom	NOMB.=s|GENRE=m|CAS=r
XPam_w_001509	cler	cler	ADJqua	NOMB.=s|GENRE=m|CAS=r|DEGRE=p
XPam_w_001510	conkesté	conquerre	VERppe	NOMB.=s|GENRE=m|CAS=r
XPam_w_001511	dedens	dedenz	PRE	MORPH=empty
XPam_w_001512	Mes	Mès	NOMpro	NOMB.=s|GENRE=x|CAS=r
XPam_w_001513	la	le	DETdef	NOMB.=s|GENRE=f|CAS=r
XPam_w_001514	cité	cité	NOMcom	NOMB.=s|GENRE=f|CAS=r
XPam_w_001515	vont	aler	VERcjg	MODE=ind|TEMPS=pst|PERS.=3|NOMB.=p
XPam_w_001516	cil	cel	PROdem	NOMB.=p|GENRE=m|CAS=n
XPam_w_001517	legier	legier2	ADJqua	NOMB.=p|GENRE=m|CAS=n|DEGRE=p
XPam_w_001518	bacheler	bacheler	NOMcom	NOMB.=p|GENRE=m|CAS=n
XPam_w_001519	hautement	hautement	ADVgen	DEGRE=-
XPam_w_001520	ont	avoir	VERcjg	MODE=ind|TEMPS=pst|PERS.=3|NOMB.=p
XPam_w_001521	chantei	chanter	VERppe	NOMB.=s|GENRE=m|CAS=r
XPam_w_001522	ne	ne1	ADVneg	MORPH=empty
XPam_w_001523	ce	soi1	PROper	PERS.=3|NOMB.=p|GENRE=m|CAS=r
XPam_w_001524	vont	aler	VERcjg	MODE=ind|TEMPS=pst|PERS.=3|NOMB.=p
XPam_w_001525	arester	arester	VERinf	MORPH=empty
XPam_w_001526	[b]aisse	baisier	VERcjg	MODE=ind|TEMPS=pst|PERS.=3|NOMB.=s
XPam_w_001527	par	par	PRE	MORPH=empty
XPam_w_001528	molt	mout	ADVgen	DEGRE=-
XPam_w_001529	grant	grant	ADJqua	NOMB.=s|GENRE=f|CAS=r|DEGRE=p
XPam_w_001530	amistez	amistié	NOMcom	NOMB.=s|GENRE=f|CAS=r
XPam_w_001531	Puis	puis	ADVgen	DEGRE=-
XPam_w_001532	acollait	acoler	VERcjg	MODE=ind|TEMPS=psp|PERS.=3|NOMB.=s
XPam_w_001533	Bïatrix	Biatrix	NOMpro	NOMB.=s|GENRE=f|CAS=r
XPam_w_001534	à	a3	PRE	MORPH=empty
XPam_w_001535	vis	vis1	NOMcom	NOMB.=s|GENRE=m|CAS=r
XPam_w_001536	cler	cler	ADJqua	NOMB.=s|GENRE=m|CAS=r|DEGRE=p
XPam_w_001537	dame	dame	NOMcom	NOMB.=s|GENRE=f|CAS=n
XPam_w_001538	comança	comencier	VERcjg	MODE=ind|TEMPS=psp|PERS.=3|NOMB.=s
XPam_w_001539	à	a3	PRE	MORPH=empty
XPam_w_001540	crier	crïer2	VERinf	MORPH=empty
XPam_w_001541	enfans	enfant	NOMcom	NOMB.=p|GENRE=m|CAS=r
XPam_w_001542	et	et	CONcoo	MORPH=empty
XPam_w_001543	car	car	CONcoo	MORPH=empty
XPam_w_001544	les	il	PROper	PERS.=3|NOMB.=p|GENRE=m|CAS=r
XPam_w_001545	me	je	PROper	PERS.=1|NOMB.=s|GENRE=m|CAS=i
XPam_w_001546	randez	rendre	VERcjg	MODE=imp|PERS.=2|NOMB.=p
XPam_w_001547	serorge	serorge2	NOMcom	NOMB.=s|GENRE=f|CAS=r
XPam_w_001548	ki	qui	PROrel	NOMB.=s|GENRE=f|CAS=n
XPam_w_001549	tant	tant	ADVgen	DEGRE=-
XPam_w_001550	ait	avoir	VERcjg	MODE=ind|TEMPS=pst|PERS.=3|NOMB.=s
XPam_w_001551	de	de	PRE	MORPH=empty
XPam_w_001552	bonté	bonté	NOMcom	NOMB.=s|GENRE=f|CAS=r
XPam_w_001553	[amen]oit	amener	VERcjg	MODE=ind|TEMPS=ipf|PERS.=3|NOMB.=s
XPam_w_001554	Garinet	Garinet	NOMpro	NOMB.=s|GENRE=m|CAS=r
XPam_w_001555	le	le	DETdef	NOMB.=s|GENRE=m|CAS=r
XPam_w_001556	manbrez	membré1	ADJqua	NOMB.=s|GENRE=m|CAS=r|DEGRE=p
XPam_w_001557	[Bego]net	Begonet	NOMpro	NOMB.=s|GENRE=f|CAS=r
XPam_w_001558	sa	son4	DETpos	PERS.=3|NOMB.=s|GENRE=f|CAS=r
XPam_w_001559	fillette	fillete	NOMcom	NOMB.=s|GENRE=f|CAS=r
XPam_w_001560	autretel	autretel	ADVgen	NOMB.=s|GENRE=f|CAS=r
XPam_w_001561	belle	bel1	NOMcom	NOMB.=s|GENRE=f|CAS=n
XPam_w_001562	o	o4	PRE	MORPH=empty
XPam_w_001563	le	le	DETdef	NOMB.=s|GENRE=m|CAS=r
XPam_w_001564	vis	vis1	NOMcom	NOMB.=s|GENRE=m|CAS=r
XPam_w_001565	cler	cler	ADJqua	NOMB.=s|GENRE=m|CAS=r|DEGRE=p
XPam_w_001566	ses	son4	DETpos	PERS.=3|NOMB.=p|GENRE=m|CAS=r
XPam_w_001567	enfans	enfant	NOMcom	NOMB.=p|GENRE=m|CAS=r
XPam_w_001568	dousement	doucement	ADVgen	DEGRE=-
XPam_w_001569	acoller	acoler	VERinf	MORPH=empty
XPam_w_001570	grant	grant	ADJqua	NOMB.=s|GENRE=f|CAS=r|DEGRE=p
XPam_w_001571	joie	joie	NOMcom	NOMB.=s|GENRE=f|CAS=r
XPam_w_001572	entrent	entrer	VERcjg	MODE=ind|TEMPS=pst|PERS.=3|NOMB.=p
XPam_w_001573	en	en1	PRE	MORPH=empty
XPam_w_001574	la	le	DETdef	NOMB.=s|GENRE=f|CAS=r
XPam_w_001575	cité	cité	NOMcom	NOMB.=s|GENRE=f|CAS=r
XPam_w_001576	douce	douz	ADJqua	NOMB.=s|GENRE=f|CAS=n|DEGRE=p
XPam_w_001577	meire	mere	NOMcom	NOMB.=s|GENRE=f|CAS=n
XPam_w_001578	dist	dire	VERcjg	MODE=ind|TEMPS=pst|PERS.=3|NOMB.=s
XPam_w_001579	Garines	Garinet	NOMpro	NOMB.=s|GENRE=m|CAS=n
XPam_w_001580	li	le	DETdef	NOMB.=s|GENRE=m|CAS=n
XPam_w_001581	bers	baron	NOMcom	NOMB.=s|GENRE=m|CAS=n
XPam_w_001582	me	je	PROper	PERS.=1|NOMB.=s|GENRE=m|CAS=i
XPam_w_001583	dites	dire	VERcjg	MODE=imp|PERS.=2|NOMB.=p
XPam_w_001584	ou	où	PROint	MORPH=empty
XPam_w_001585	avez	avoir	VERcjg	MODE=ind|TEMPS=pst|PERS.=2|NOMB.=p
XPam_w_001586	tant	tant	ADVgen	DEGRE=-
XPam_w_001587	esteit	estre1	VERppe	NOMB.=s|GENRE=m|CAS=r
XPam_w_001588	s	si	ADVgen	DEGRE=-
XPam_w_001589	ait	avoir	VERcjg	MODE=ind|TEMPS=pst|PERS.=3|NOMB.=s
XPam_w_001590	tanrement	tendrement	ADVgen	DEGRE=-
XPam_w_001591	ploré	plorer	VERppe	NOMB.=s|GENRE=m|CAS=r
XPam_w_001592	filz	fil2	NOMcom	NOMB.=s|GENRE=m|CAS=n
XPam_w_001593	dist	dire	VERcjg	MODE=ind|TEMPS=pst|PERS.=3|NOMB.=s
XPam_w_001594	elle	il	PROper	PERS.=3|NOMB.=s|GENRE=f|CAS=n
XPam_w_001595	par	par	PRE	MORPH=empty
XPam_w_001596	Deu	dieu	NOMpro	NOMB.=s|GENRE=m|CAS=r
XPam_w_001597	de	de	PRE	MORPH=empty
XPam_w_001598	maïsté	majesté	NOMcom	NOMB.=s|GENRE=f|CAS=r
XPam_w_001599	un	un	DETndf	NOMB.=s|GENRE=m|CAS=r
XPam_w_001600	poc	poi	NOMcom	NOMB.=s|GENRE=m|CAS=r
XPam_w_001601	perdue	perdre	VERppe	NOMB.=s|GENRE=f|CAS=r
XPam_w_001602	ne	ne1	ADVneg	MORPH=empty
XPam_w_001603	m	je	PROper	PERS.=1|NOMB.=s|GENRE=f|CAS=r
XPam_w_001604	avez	avoir	VERcjg	MODE=ind|TEMPS=pst|PERS.=2|NOMB.=p
XPam_w_001605	entrerent	entrer	VERcjg	MODE=ind|TEMPS=psp|PERS.=3|NOMB.=p
XPam_w_001606	dedens	dedenz	PRE	MORPH=empty
XPam_w_001607	Mes	Mès	NOMpro	NOMB.=s|GENRE=x|CAS=r
XPam_w_001608	la	le	DETdef	NOMB.=s|GENRE=f|CAS=r
XPam_w_001609	cité	cité	NOMcom	NOMB.=s|GENRE=f|CAS=r
XPam_w_001610	eglise	eglise	NOMcom	NOMB.=s|GENRE=f|CAS=r
XPam_w_001611	vont	aler	VERcjg	MODE=ind|TEMPS=pst|PERS.=3|NOMB.=p
XPam_w_001612	la	le	DETdef	NOMB.=s|GENRE=f|CAS=r
XPam_w_001613	messe	messe	NOMcom	NOMB.=s|GENRE=f|CAS=r
XPam_w_001614	acouter	escouter	VERinf	MORPH=empty
XPam_w_001615	chanteit	chanter	VERppe	NOMB.=s|GENRE=m|CAS=r
XPam_w_001616	Grans	grant	ADJqua	NOMB.=s|GENRE=f|CAS=n|DEGRE=p
XPam_w_001617	fut	estre1	VERcjg	MODE=ind|TEMPS=psp|PERS.=3|NOMB.=s
XPam_w_001618	l	le	DETdef	NOMB.=s|GENRE=f|CAS=n
XPam_w_001619	ofrande	ofrende	NOMcom	NOMB.=s|GENRE=f|CAS=n
XPam_w_001620	ke	que2	PROrel	NOMB.=s|GENRE=f|CAS=r
XPam_w_001621	missent	metre2	VERcjg	MODE=ind|TEMPS=psp|PERS.=3|NOMB.=p
XPam_w_001622	sor	sor2	PRE	MORPH=empty
XPam_w_001623	l	le	DETdef	NOMB.=s|GENRE=m|CAS=r
XPam_w_001624	autel	autel2	NOMcom	NOMB.=s|GENRE=m|CAS=r
XPam_w_001625	Apres	après	ADVgen	DEGRE=-
XPam_w_001626	la	le	DETdef	NOMB.=s|GENRE=f|CAS=r
XPam_w_001627	messe	messe	NOMcom	NOMB.=s|GENRE=f|CAS=r
XPam_w_001628	errier	ariere	ADVgen	DEGRE=-
XPam_w_001629	sunt	estre1	VERcjg	MODE=ind|TEMPS=pst|PERS.=3|NOMB.=p
XPam_w_001630	retornez	retorner	VERppe	NOMB.=p|GENRE=m|CAS=n
XPam_w_001631	Les	le	DETdef	NOMB.=p|GENRE=m|CAS=r
XPam_w_001632	degrez	degré	NOMcom	NOMB.=p|GENRE=m|CAS=r
XPam_w_001633	monte	monter	VERcjg	MODE=ind|TEMPS=pst|PERS.=3|NOMB.=s
XPam_w_001634	dou	de+le	PRE.DETdef	NOMB.=s|GENRE=m|CAS=r
XPam_w_001635	palais	palais2	NOMcom	NOMB.=s|GENRE=m|CAS=r
XPam_w_001636	principel	principal	ADJqua	NOMB.=s|GENRE=m|CAS=r|DEGRE=p
XPam_w_001637	Mis	metre2	VERppe	NOMB.=s|GENRE=m|CAS=r
XPam_w_001638	ont	avoir	VERcjg	MODE=ind|TEMPS=pst|PERS.=3|NOMB.=p
XPam_w_001639	les	le	DETdef	NOMB.=p|GENRE=f|CAS=r
XPam_w_001640	taubles	table	NOMcom	NOMB.=p|GENRE=f|CAS=r
XPam_w_001641	s	soi1	PROper	PERS.=3|NOMB.=p|GENRE=m|CAS=r
XPam_w_001642	asieent	asseoir	VERcjg	MODE=ind|TEMPS=pst|PERS.=3|NOMB.=p
XPam_w_001643	au	a3+le	PRE.DETdef	NOMB.=s|GENRE=m|CAS=r
XPam_w_001644	diner	disner	NOMcom	NOMB.=s|GENRE=m|CAS=r
XPam_w_001645	Mais	mais1	CONcoo	MORPH=empty
XPam_w_001646	de	de	PRE	MORPH=empty
XPam_w_001647	Baudri	Baudri	NOMpro	NOMB.=s|GENRE=m|CAS=r
XPam_w_001648	vos	vos	PROper	PERS.=2|NOMB.=p|GENRE=m|CAS=i
XPam_w_001649	vodromes	voloir	VERcjg	MODE=ind|TEMPS=fut|PERS.=1|NOMB.=p
XPam_w_001650	parler	parler	VERinf	MORPH=empty
XPam_w_001651	Ou	où	PROrel	NOMB.=s|GENRE=n|CAS=i
XPam_w_001652	voit	vëoir	VERcjg	MODE=ind|TEMPS=pst|PERS.=3|NOMB.=s
XPam_w_001653	sa	son4	DETpos	PERS.=3|NOMB.=s|GENRE=f|CAS=r
XPam_w_001654	feme	feme	NOMcom	NOMB.=s|GENRE=f|CAS=r
XPam_w_001655	si	si	ADVgen	DEGRE=-
XPam_w_001656	l	il	PROper	PERS.=3|NOMB.=s|GENRE=f|CAS=r
XPam_w_001657	en	en2	PROadv	MORPH=empty
XPam_w_001658	ait	avoir	VERcjg	MODE=ind|TEMPS=pst|PERS.=3|NOMB.=s
XPam_w_001659	apellei	apeler	VERppe	NOMB.=s|GENRE=m|CAS=r
XPam_w_001660	Dame	dame	NOMcom	NOMB.=s|GENRE=f|CAS=n
XPam_w_001661	dist	dire	VERcjg	MODE=ind|TEMPS=pst|PERS.=3|NOMB.=s
XPam_w_001662	il	il	PROper	PERS.=3|NOMB.=s|GENRE=m|CAS=n
XPam_w_001663	por	por2	PRE	MORPH=empty
XPam_w_001664	Deu	dieu	NOMpro	NOMB.=s|GENRE=m|CAS=r
XPam_w_001665	de	de	PRE	MORPH=empty
XPam_w_001666	maïsté	majesté	NOMcom	NOMB.=s|GENRE=f|CAS=r
XPam_w_001667	Je	je	PROper	PERS.=1|NOMB.=s|GENRE=m|CAS=n
XPam_w_001668	m	je	PROper	PERS.=1|NOMB.=s|GENRE=m|CAS=r
XPam_w_001669	an	en2	PROadv	MORPH=empty
XPam_w_001670	fuirai	fuir	VERcjg	MODE=ind|TEMPS=fut|PERS.=1|NOMB.=s
XPam_w_001671	en	en1	PRE	MORPH=empty
XPam_w_001672	estrainges	estrange	ADJqua	NOMB.=p|GENRE=m|CAS=r|DEGRE=p
XPam_w_001673	rengnez	regne	NOMcom	NOMB.=p|GENRE=m|CAS=r
XPam_w_001674	Ke	que4	CONsub	MORPH=empty
XPam_w_001675	se	se	CONsub	MORPH=empty
XPam_w_001676	vos	vostre	DETpos	PERS.=2|NOMB.=s|GENRE=m|CAS=n
XPam_w_001677	freires	frere	NOMcom	NOMB.=s|GENRE=m|CAS=n
XPam_w_001678	ki	qui	PROrel	NOMB.=s|GENRE=m|CAS=n
XPam_w_001679	tant	tant	ADVgen	DEGRE=-
XPam_w_001680	fait	faire	VERcjg	MODE=ind|TEMPS=pst|PERS.=3|NOMB.=s
XPam_w_001681	a	a3	PRE	MORPH=empty
XPam_w_001682	douter	doter2	VERinf	MORPH=empty
XPam_w_001683	Certes	certes	ADVgen	DEGRE=-
XPam_w_001684	me	je	PROper	PERS.=1|NOMB.=s|GENRE=m|CAS=i
XPam_w_001685	tient	tenir1	VERcjg	MODE=ind|TEMPS=pst|PERS.=3|NOMB.=s
XPam_w_001686	le	le	DETdef	NOMB.=s|GENRE=m|CAS=r
XPam_w_001687	chief	chief1	NOMcom	NOMB.=s|GENRE=m|CAS=r
XPam_w_001688	aurai	avoir	VERcjg	MODE=ind|TEMPS=fut|PERS.=1|NOMB.=s
XPam_w_001689	coupei	coper	VERppe	NOMB.=s|GENRE=m|CAS=r
XPam_w_001690	Sire	seignor	NOMcom	NOMB.=s|GENRE=m|CAS=n
XPam_w_001691	dist	dire	VERcjg	MODE=ind|TEMPS=pst|PERS.=3|NOMB.=s
XPam_w_001692	elle	il	PROper	PERS.=3|NOMB.=s|GENRE=f|CAS=n
XPam_w_001693	ne	ne1	ADVneg	MORPH=empty
XPam_w_001694	vos	vos	PROper	PERS.=2|NOMB.=p|GENRE=m|CAS=i
XPam_w_001695	estuet	estovoir1	VERcjg	MODE=ind|TEMPS=pst|PERS.=3|NOMB.=s
XPam_w_001696	douter	doter2	VERinf	MORPH=empty
XPam_w_001697	Vo	vostre	DETpos	PERS.=2|NOMB.=s|GENRE=f|CAS=r
XPam_w_001698	paix	pais	NOMcom	NOMB.=s|GENRE=f|CAS=r
XPam_w_001699	ferai	faire	VERcjg	MODE=ind|TEMPS=fut|PERS.=1|NOMB.=s
XPam_w_001700	ce	se	CONsub	MORPH=empty
XPam_w_001701	puix	pöoir	VERcjg	MODE=ind|TEMPS=pst|PERS.=1|NOMB.=s
XPam_w_001702	nel	ne1+il	ADVneg.PROper	PERS.=3|NOMB.=s|GENRE=m|CAS=r
XPam_w_001703	mecreez	mescroire	VERcjg	MODE=imp|PERS.=2|NOMB.=p
XPam_w_001704	Dame	dame	NOMcom	NOMB.=s|GENRE=f|CAS=n
XPam_w_001705	dist	dire	VERcjg	MODE=ind|TEMPS=pst|PERS.=3|NOMB.=s
XPam_w_001706	il	il	PROper	PERS.=3|NOMB.=s|GENRE=m|CAS=n
XPam_w_001707	por	por2	PRE	MORPH=empty
XPam_w_001708	Deu	dieu	NOMpro	NOMB.=s|GENRE=m|CAS=r
XPam_w_001709	car	car	CONcoo	MORPH=empty
XPam_w_001710	en	en2	PROadv	MORPH=empty
XPam_w_001711	pensez	penser	VERcjg	MODE=imp|PERS.=2|NOMB.=p
XPam_w_001712	Sire	seignor	NOMcom	NOMB.=s|GENRE=m|CAS=n
XPam_w_001713	dist	dire	VERcjg	MODE=ind|TEMPS=pst|PERS.=3|NOMB.=s
XPam_w_001714	elle	il	PROper	PERS.=3|NOMB.=s|GENRE=f|CAS=n
XPam_w_001715	volentiers	volentiers	ADVgen	DEGRE=-
XPam_w_001716	et	et	CONcoo	MORPH=empty
XPam_w_001717	de	de	PRE	MORPH=empty
XPam_w_001718	grei	gré2	NOMcom	NOMB.=s|GENRE=m|CAS=r
XPam_w_001719	Atant	atant	ADVgen	DEGRE=-
XPam_w_001720	en	en2	PROadv	MORPH=empty
XPam_w_001721	monte	monter	VERcjg	MODE=ind|TEMPS=pst|PERS.=3|NOMB.=s
XPam_w_001722	ou	en1+le	PRE.DETdef	NOMB.=s|GENRE=m|CAS=r
XPam_w_001723	palais	palais2	NOMcom	NOMB.=s|GENRE=m|CAS=r
XPam_w_001724	principel	principal	ADJqua	NOMB.=s|GENRE=m|CAS=r|DEGRE=p
XPam_w_001725	Hervis	Hervis	NOMpro	NOMB.=s|GENRE=m|CAS=n
XPam_w_001726	la	il	PROper	PERS.=3|NOMB.=s|GENRE=f|CAS=r
XPam_w_001727	voit	vëoir	VERcjg	MODE=ind|TEMPS=pst|PERS.=3|NOMB.=s
XPam_w_001728	si	si	ADVgen	DEGRE=-
XPam_w_001729	la	il	PROper	PERS.=3|NOMB.=s|GENRE=f|CAS=r
XPam_w_001730	vait	aler	VERcjg	MODE=ind|TEMPS=pst|PERS.=3|NOMB.=s
XPam_w_001731	acoller	acoler	VERinf	MORPH=empty
XPam_w_001732	Suer	seror	NOMcom	NOMB.=s|GENRE=f|CAS=n
XPam_w_001733	dist	dire	VERcjg	MODE=ind|TEMPS=pst|PERS.=3|NOMB.=s
XPam_w_001734	li	le	DETdef	NOMB.=s|GENRE=m|CAS=n
XPam_w_001735	dus	duc2	NOMcom	NOMB.=s|GENRE=m|CAS=n
XPam_w_001736	bien	bien1	ADVgen	DEGRE=p
XPam_w_001737	soit	estre1	VERcjg	MODE=sub|TEMPS=pst|PERS.=3|NOMB.=s
XPam_w_001738	vo	vostre	DETpos	PERS.=2|NOMB.=s|GENRE=m|CAS=n
XPam_w_001739	cors	cors1	NOMcom	NOMB.=s|GENRE=m|CAS=n
XPam_w_001740	trovez	trover	VERppe	NOMB.=s|GENRE=m|CAS=n
XPam_w_001741	Li	le	DETdef	NOMB.=s|GENRE=m|CAS=n
XPam_w_001742	vos	vostre	ADJpos	PERS.=2|NOMB.=s|GENRE=m|CAS=n
XPam_w_001743	maris	mari	NOMcom	NOMB.=s|GENRE=m|CAS=n
XPam_w_001744	m	je	PROper	PERS.=1|NOMB.=s|GENRE=m|CAS=r
XPam_w_001745	ait	avoir	VERcjg	MODE=ind|TEMPS=pst|PERS.=3|NOMB.=s
XPam_w_001746	trop	trop	ADVgen	DEGRE=-
XPam_w_001747	fort	fort	ADVgen	DEGRE=-
XPam_w_001748	vergondé	vergonder	NOMcom	NOMB.=s|GENRE=m|CAS=n
XPam_w_001749	Sachiés	sachier2	VERcjg	MODE=imp|PERS.=2|NOMB.=p
XPam_w_001750	le	il	PROper	PERS.=3|NOMB.=s|GENRE=m|CAS=r
XPam_w_001751	bien	bien1	ADVgen	DEGRE=p
XPam_w_001752	perdut	perdre	VERppe	NOMB.=s|GENRE=m|CAS=r
XPam_w_001753	ait	avoir	VERcjg	MODE=ind|TEMPS=pst|PERS.=3|NOMB.=s
XPam_w_001754	m	mon1	DETpos	PERS.=1|NOMB.=s|GENRE=f|CAS=r
XPam_w_001755	amisté	amistié	NOMcom	NOMB.=s|GENRE=f|CAS=r
XPam_w_001756	Sire	seignor	NOMcom	NOMB.=s|GENRE=m|CAS=n
XPam_w_001757	dist	dire	VERcjg	MODE=ind|TEMPS=pst|PERS.=3|NOMB.=s
XPam_w_001758	elle	il	PROper	PERS.=3|NOMB.=s|GENRE=f|CAS=n
XPam_w_001759	mercit	merci	NOMcom	NOMB.=s|GENRE=f|CAS=r
XPam_w_001760	vos	vos	PROper	PERS.=2|NOMB.=p|GENRE=m|CAS=i
XPam_w_001761	veul	voloir	VERcjg	MODE=ind|TEMPS=pst|PERS.=1|NOMB.=s
XPam_w_001762	crier	crïer2	VERinf	MORPH=empty
XPam_w_001763	Suer	seror	NOMcom	NOMB.=s|GENRE=f|CAS=n
XPam_w_001764	dist	dire	VERcjg	MODE=ind|TEMPS=pst|PERS.=3|NOMB.=s
XPam_w_001765	Hervis	Hervis	NOMpro	NOMB.=s|GENRE=m|CAS=n
XPam_w_001766	gardez	garder	VERcjg	MODE=imp|PERS.=1|NOMB.=p
XPam_w_001767	plus	plus	ADVgen	DEGRE=-
XPam_w_001768	n	ne1	ADVneg	MORPH=empty
XPam_w_001769	en	en2	PROadv	MORPH=empty
XPam_w_001770	parleiz	parler	VERcjg	MODE=ind|TEMPS=pst|PERS.=2|NOMB.=p
XPam_w_001771	Je	je	PROper	PERS.=1|NOMB.=s|GENRE=m|CAS=n
XPam_w_001772	vos	vos	PROper	PERS.=2|NOMB.=p|GENRE=m|CAS=r
XPam_w_001773	en	en2	PROadv	MORPH=empty
XPam_w_001774	proi	priier	VERcjg	MODE=ind|TEMPS=pst|PERS.=1|NOMB.=s
XPam_w_001775	ci	si	ADVgen	DEGRE=-
XPam_w_001776	chier	chier	ADJqua	NOMB.=s|GENRE=m|CAS=r|DEGRE=p
XPam_w_001777	com	come1	CONsub	MORPH=empty
XPam_w_001778	vos	vos	PROper	PERS.=2|NOMB.=p|GENRE=f|CAS=n
XPam_w_001779	m	je	PROper	PERS.=1|NOMB.=s|GENRE=m|CAS=r
XPam_w_001780	avez	avoir	VERcjg	MODE=ind|TEMPS=pst|PERS.=2|NOMB.=p
XPam_w_001781	A	a3	PRE	MORPH=empty
XPam_w_001782	ces	ce2	DETdem	NOMB.=p|GENRE=f|CAS=r
XPam_w_001783	parolles	parole	NOMcom	NOMB.=p|GENRE=f|CAS=r
XPam_w_001784	lassent	laissier	VERcjg	MODE=ind|TEMPS=pst|PERS.=3|NOMB.=p
XPam_w_001785	le	le	DETdef	NOMB.=s|GENRE=m|CAS=r
XPam_w_001786	plait	plait	NOMcom	NOMB.=s|GENRE=m|CAS=r
XPam_w_001787	ester	ester	VERinf	MORPH=empty
XPam_w_001788	Mis	metre2	VERppe	NOMB.=s|GENRE=m|CAS=r
XPam_w_001789	ont	avoir	VERcjg	MODE=ind|TEMPS=pst|PERS.=3|NOMB.=p
XPam_w_001790	les	le	DETdef	NOMB.=p|GENRE=f|CAS=r
XPam_w_001791	taubles	table	NOMcom	NOMB.=p|GENRE=f|CAS=r
XPam_w_001792	s	soi1	PROper	PERS.=3|NOMB.=p|GENRE=m|CAS=r
XPam_w_001793	asieent	asseoir	VERcjg	MODE=ind|TEMPS=pst|PERS.=3|NOMB.=p
XPam_w_001794	au	a3+le	PRE.DETdef	NOMB.=s|GENRE=m|CAS=r
XPam_w_001795	diner	disner	NOMcom	NOMB.=s|GENRE=m|CAS=r
XPam_w_001796	Grans	grant	ADJqua	NOMB.=s|GENRE=f|CAS=n|DEGRE=p
XPam_w_001797	fut	estre1	VERcjg	MODE=ind|TEMPS=psp|PERS.=3|NOMB.=s
XPam_w_001798	la	le	DETdef	NOMB.=s|GENRE=f|CAS=n
XPam_w_001799	joie	joie	NOMcom	NOMB.=s|GENRE=f|CAS=n
XPam_w_001800	ou	en1+le	PRE.DETdef	NOMB.=s|GENRE=m|CAS=r
XPam_w_001801	palais	palais2	NOMcom	NOMB.=s|GENRE=m|CAS=r
XPam_w_001802	principel	principal	ADJqua	NOMB.=s|GENRE=m|CAS=r|DEGRE=p
XPam_w_001803	Et	et	CONcoo	MORPH=empty
XPam_w_001804	li	le	DETdef	NOMB.=p|GENRE=m|CAS=n
XPam_w_001805	borjois	borjois	NOMcom	NOMB.=p|GENRE=m|CAS=n
XPam_w_001806	de	de	PRE	MORPH=empty
XPam_w_001807	la	le	DETdef	NOMB.=s|GENRE=f|CAS=r
XPam_w_001808	bone	bon	ADJqua	NOMB.=s|GENRE=f|CAS=r|DEGRE=p
XPam_w_001809	citei	cité	NOMcom	NOMB.=s|GENRE=f|CAS=r
XPam_w_001810	Deus	dieu	NOMpro	NOMB.=s|GENRE=m|CAS=n
XPam_w_001811	keil	quel1	DETint	NOMB.=s|GENRE=m|CAS=r
XPam_w_001812	present	present2	NOMcom	NOMB.=s|GENRE=m|CAS=r
XPam_w_001813	le	le	DETdef	NOMB.=p|GENRE=m|CAS=n
XPam_w_001814	duc	duc2	NOMcom	NOMB.=p|GENRE=m|CAS=n
XPam_w_001815	ont	avoir	VERcjg	MODE=ind|TEMPS=pst|PERS.=3|NOMB.=p
XPam_w_001816	aportei	aporter	VERppe	NOMB.=s|GENRE=m|CAS=r
XPam_w_001817	Mais	mais1	CONcoo	MORPH=empty
XPam_w_001818	de	de	PRE	MORPH=empty
XPam_w_001819	lor	lor2	DETpos	PERS.=3|NOMB.=p|GENRE=m|CAS=r
XPam_w_001820	mes	mes4	NOMcom	NOMB.=p|GENRE=m|CAS=r
XPam_w_001821	ne	ne1	ADVneg	MORPH=empty
XPam_w_001822	vos	vos	PROper	PERS.=2|NOMB.=p|GENRE=m|CAS=i
XPam_w_001823	veul	voloir	VERcjg	MODE=ind|TEMPS=pst|PERS.=1|NOMB.=s
XPam_w_001824	aconter	aconter	VERinf	MORPH=empty
XPam_w_001825	Aprés	après	ADVgen	DEGRE=-
XPam_w_001826	maingier	mangier	VERinf	MORPH=empty
XPam_w_001827	funt	faire	VERcjg	MODE=ind|TEMPS=pst|PERS.=3|NOMB.=p
XPam_w_001828	les	le	DETdef	NOMB.=p|GENRE=f|CAS=r
XPam_w_001829	napes	nape	NOMcom	NOMB.=p|GENRE=f|CAS=r
XPam_w_001830	oster	oster2	VERinf	MORPH=empty
XPam_w_001831	Chantent	chanter	VERcjg	MODE=ind|TEMPS=pst|PERS.=3|NOMB.=p
XPam_w_001832	et	et	CONcoo	MORPH=empty
XPam_w_001833	notent	noter2	VERcjg	MODE=ind|TEMPS=pst|PERS.=3|NOMB.=p
XPam_w_001834	viellent	vïeler	VERcjg	MODE=ind|TEMPS=pst|PERS.=3|NOMB.=p
XPam_w_001835	cil	cel	DETdem	NOMB.=p|GENRE=m|CAS=n
XPam_w_001836	jugler	joglëor	NOMcom	NOMB.=p|GENRE=m|CAS=n
XPam_w_001837	Et	et	CONcoo	MORPH=empty
XPam_w_001838	li	le	DETdef	NOMB.=s|GENRE=m|CAS=n
XPam_w_001839	provos	prevost	NOMcom	NOMB.=s|GENRE=m|CAS=n
XPam_w_001840	les	il	PROper	PERS.=3|NOMB.=p|GENRE=m|CAS=r
XPam_w_001841	fait	faire	VERcjg	MODE=ind|TEMPS=pst|PERS.=3|NOMB.=s
XPam_w_001842	toz	tot	PROind	NOMB.=p|GENRE=m|CAS=r
XPam_w_001843	bien	bien1	ADVgen	DEGRE=p
XPam_w_001844	luer	löer1	VERinf	MORPH=empty
XPam_w_001845	Toz	tot	DETind	NOMB.=s|GENRE=m|CAS=n
XPam_w_001846	li	le	DETdef	NOMB.=s|GENRE=m|CAS=n
XPam_w_001847	plus	plus	ADVgen	DEGRE=-
XPam_w_001848	povres	povre	ADJqua	NOMB.=s|GENRE=m|CAS=n|DEGRE=s
XPam_w_001849	ot	avoir	VERcjg	MODE=ind|TEMPS=psp|PERS.=3|NOMB.=s
XPam_w_001850	blial	blïaut	NOMcom	NOMB.=s|GENRE=m|CAS=r
XPam_w_001851	de	de	PRE	MORPH=empty
XPam_w_001852	sendei	cendal	NOMcom	NOMB.=s|GENRE=m|CAS=r
XPam_w_001853	Mais	mais1	CONcoo	MORPH=empty
XPam_w_001854	de	de	PRE	MORPH=empty
XPam_w_001855	la	le	DETdef	NOMB.=s|GENRE=f|CAS=r
XPam_w_001856	suer	seror	NOMcom	NOMB.=s|GENRE=f|CAS=r
XPam_w_001857	Hervi	Hervis	NOMpro	NOMB.=s|GENRE=m|CAS=r
XPam_w_001858	le	le	DETdef	NOMB.=s|GENRE=m|CAS=r
XPam_w_001859	duc	duc2	NOMcom	NOMB.=s|GENRE=m|CAS=r
XPam_w_001860	manbrei	membré1	ADJqua	NOMB.=s|GENRE=m|CAS=r|DEGRE=p
XPam_w_001861	Un	un	DETndf	NOMB.=s|GENRE=m|CAS=r
XPam_w_001862	petit	petit	PROind	NOMB.=s|GENRE=m|CAS=r
XPam_w_001863	vos	vos	PROper	PERS.=2|NOMB.=p|GENRE=m|CAS=i
XPam_w_001864	vodromes	voloir	VERcjg	MODE=ind|TEMPS=fut|PERS.=1|NOMB.=p
XPam_w_001865	parler	parler	VERinf	MORPH=empty
